{"type":"FeatureCollection", "features": [
{"type":"Feature","geometry":{"type":"Polygon","coordinates":[[[117.72672412,26.24689022],[117.73311721,26.25488695],[117.75134545,26.264347],[117.76525839,26.28893465],[117.7729434,26.2738225],[117.78593477,26.28839156],[117.79504162,26.2919569],[117.78492035,26.3088644],[117.74649331,26.32949095],[117.74774164,26.34436181],[117.71858176,26.33502866],[117.70926974,26.32422204],[117.68993102,26.32936649],[117.68569546,26.34018884],[117.67097518,26.34708825],[117.66192966,26.34659032],[117.6546213,26.36341836],[117.64091635,26.37003132],[117.63068781,26.38852946],[117.61678807,26.39254563],[117.60431067,26.38032094],[117.59522966,26.38155815],[117.59664664,26.39419092],[117.58623948,26.40094784],[117.56123577,26.40665766],[117.55762734,26.3980331],[117.5413716,26.39186737],[117.53139772,26.39228634],[117.52031923,26.3839411],[117.51162624,26.3832343],[117.50852087,26.36241769],[117.52068466,26.36640692],[117.52164825,26.34397781],[117.51084235,26.33545355],[117.50268093,26.32259254],[117.51085443,26.30835275],[117.49575785,26.30117743],[117.48436568,26.28945354],[117.5006324,26.28067162],[117.50790668,26.27251792],[117.49741295,26.2528061],[117.50365821,26.24190274],[117.50342936,26.22998234],[117.5236589,26.22859016],[117.53370407,26.21758939],[117.54746805,26.22616144],[117.55304395,26.23510581],[117.54513417,26.24849435],[117.56869284,26.26704947],[117.60130165,26.26117881],[117.6268847,26.25848849],[117.63918892,26.24036352],[117.65333429,26.23600545],[117.66362057,26.23819435],[117.67627112,26.22789142],[117.69108234,26.24694849],[117.70375437,26.24760812],[117.71420778,26.25470681],[117.72672412,26.24689022]]]},"properties":{"gml_id":"layer_county_boundary_pg.2167","Name":"梅列区","layer":"区县","code":"350402000000","grade":3}},
{"type":"Feature","geometry":{"type":"Polygon","coordinates":[[[117.50268093,26.32259254],[117.48417981,26.31940877],[117.43641078,26.32263063],[117.42945342,26.31138724],[117.40124104,26.3043157],[117.38972298,26.30610234],[117.3771816,26.29275383],[117.34350681,26.29435083],[117.34176229,26.27346714],[117.33409516,26.25711038],[117.32354067,26.25266094],[117.30944577,26.26225885],[117.29670623,26.25435695],[117.27894509,26.23478574],[117.2773666,26.22296787],[117.28695129,26.21304167],[117.28134545,26.20181365],[117.29180768,26.19959751],[117.2983057,26.18929483],[117.31087143,26.19634371],[117.32676827,26.19531085],[117.32523304,26.20753605],[117.34203838,26.19926393],[117.33686811,26.18653963],[117.34902711,26.17547959],[117.3465032,26.16561172],[117.35686717,26.15457537],[117.35704601,26.13931045],[117.36331112,26.13698034],[117.38368388,26.15484547],[117.39019653,26.1406777],[117.40743291,26.13934225],[117.42525481,26.1294403],[117.43892595,26.13334291],[117.44543954,26.12808818],[117.45838561,26.1294495],[117.48989259,26.11800522],[117.49728008,26.11257577],[117.50855226,26.09273122],[117.53297875,26.08815349],[117.53550476,26.0841899],[117.52941869,26.06487111],[117.53856604,26.05154406],[117.55058372,26.05005871],[117.5508536,26.03216406],[117.57596398,26.03333958],[117.5854424,26.01956034],[117.61159083,26.05103854],[117.62229364,26.0519498],[117.62368019,26.06328581],[117.63643186,26.05845594],[117.65187114,26.06020284],[117.65722966,26.05254073],[117.65386134,26.06156109],[117.66188657,26.06900504],[117.65676775,26.08986859],[117.6685399,26.0938939],[117.67869488,26.10439759],[117.71237085,26.11960757],[117.72066577,26.11581353],[117.72880605,26.12983243],[117.74062262,26.13708339],[117.74036636,26.16655899],[117.74984204,26.16699121],[117.75517597,26.1841372],[117.75046225,26.19482429],[117.75253693,26.21442336],[117.74522715,26.22101016],[117.72811701,26.2266219],[117.72240921,26.23925027],[117.72672412,26.24689022],[117.71420778,26.25470681],[117.70375437,26.24760812],[117.69108234,26.24694849],[117.67627112,26.22789142],[117.66362057,26.23819435],[117.65333429,26.23600545],[117.63918892,26.24036352],[117.6268847,26.25848849],[117.60130165,26.26117881],[117.56869284,26.26704947],[117.54513417,26.24849435],[117.55304395,26.23510581],[117.54746805,26.22616144],[117.53370407,26.21758939],[117.5236589,26.22859016],[117.50342936,26.22998234],[117.50365821,26.24190274],[117.49741295,26.2528061],[117.50790668,26.27251792],[117.5006324,26.28067162],[117.48436568,26.28945354],[117.49575785,26.30117743],[117.51085443,26.30835275],[117.50268093,26.32259254]]]},"properties":{"gml_id":"layer_county_boundary_pg.2168","Name":"三元区","layer":"区县","code":"350403000000","grade":3}},
{"type":"Feature","geometry":{"type":"Polygon","coordinates":[[[117.08394565,26.56880444],[117.07544523,26.55989016],[117.0608756,26.56042248],[117.04820839,26.58047282],[117.02389871,26.57829677],[117.00795157,26.60548143],[116.99245736,26.62691998],[116.95888893,26.63310418],[116.92765348,26.64968773],[116.92736418,26.66181347],[116.91913985,26.66490517],[116.91886719,26.65252612],[116.90851293,26.63960627],[116.9190607,26.62761069],[116.9005181,26.62255085],[116.89771433,26.6149695],[116.90391032,26.59829992],[116.89605311,26.58768471],[116.88594126,26.58616286],[116.88426591,26.57555163],[116.8747223,26.56948182],[116.86684526,26.57958102],[116.84718225,26.57804749],[116.83380183,26.56934864],[116.82628128,26.57517946],[116.821238,26.58867567],[116.79737012,26.57315183],[116.79617928,26.56235131],[116.78747251,26.56056885],[116.7869941,26.54517659],[116.79200444,26.54036602],[116.80438346,26.52926921],[116.81505727,26.5285264],[116.8218204,26.51388198],[116.81278423,26.50627834],[116.81881932,26.4884162],[116.84166552,26.47878892],[116.84448956,26.46616028],[116.85404713,26.45454835],[116.86415322,26.45102036],[116.88698588,26.45334682],[116.89455962,26.4647323],[116.90690384,26.47073505],[116.91702273,26.46443552],[116.92362693,26.47564383],[116.94190829,26.47985118],[116.94307856,26.4740733],[116.96067292,26.47127322],[116.97414397,26.47380123],[116.97582589,26.4849174],[116.98930077,26.47885467],[117.0145115,26.4898519],[117.01879945,26.47981704],[117.01193646,26.47261378],[116.99413893,26.46476799],[116.99804494,26.45931659],[117.01949448,26.4460272],[117.02778921,26.43348969],[117.01893217,26.41092686],[117.03007635,26.4088682],[117.02935876,26.39555305],[117.02251031,26.38441987],[117.02320482,26.37155076],[117.03918748,26.35332394],[117.0552324,26.34864815],[117.05952136,26.33989645],[117.07127805,26.34305234],[117.07386496,26.3581636],[117.08136752,26.37026853],[117.09062299,26.36649505],[117.09677929,26.33855301],[117.10863163,26.31597533],[117.11598498,26.30996322],[117.13313309,26.27862302],[117.13562469,26.26964999],[117.12609155,26.25592036],[117.14476798,26.22732736],[117.16643503,26.22558883],[117.17071558,26.21890205],[117.17559386,26.18808593],[117.16786017,26.17526961],[117.17167914,26.13940834],[117.179926,26.13212395],[117.19945142,26.1386959],[117.2188109,26.15118063],[117.22212916,26.1600021],[117.24049021,26.1590667],[117.27536421,26.16448208],[117.28987124,26.15132986],[117.30986316,26.16543774],[117.31236025,26.17855518],[117.2989366,26.18552949],[117.28134545,26.20181365],[117.28695129,26.21304167],[117.2773666,26.22296787],[117.27894509,26.23478574],[117.29670623,26.25435695],[117.30944577,26.26225885],[117.32354067,26.25266094],[117.33409516,26.25711038],[117.34176229,26.27346714],[117.34350681,26.29435083],[117.3771816,26.29275383],[117.38972298,26.30610234],[117.40124104,26.3043157],[117.42945342,26.31138724],[117.43641078,26.32263063],[117.48417981,26.31940877],[117.50268093,26.32259254],[117.51084235,26.33545355],[117.52164825,26.34397781],[117.52068466,26.36640692],[117.50852087,26.36241769],[117.51162624,26.3832343],[117.52031923,26.3839411],[117.53139772,26.39228634],[117.5413716,26.39186737],[117.55762734,26.3980331],[117.56123577,26.40665766],[117.55411393,26.4106921],[117.56879257,26.43327336],[117.58226752,26.44047515],[117.57748503,26.45474686],[117.58656766,26.4671499],[117.58173087,26.47154428],[117.58991216,26.4877572],[117.58030207,26.50967123],[117.56293087,26.50745226],[117.54438821,26.51875716],[117.54244413,26.52564254],[117.55277298,26.54841592],[117.56444467,26.56688751],[117.5670814,26.57948345],[117.5567911,26.5813266],[117.54146617,26.57338269],[117.51547245,26.5799927],[117.50683526,26.57515207],[117.51887307,26.56572223],[117.50631293,26.55730086],[117.49092242,26.57213218],[117.48611886,26.5705516],[117.47671629,26.55245124],[117.49027239,26.54473784],[117.48873513,26.53469037],[117.47946465,26.52991703],[117.47829437,26.51169676],[117.4635096,26.50656772],[117.44051949,26.47692903],[117.42721075,26.47284338],[117.41952812,26.48290207],[117.40238491,26.48645731],[117.38539529,26.47972678],[117.39837139,26.45575307],[117.39611967,26.44458458],[117.36873924,26.42584285],[117.35362103,26.44407618],[117.3381608,26.43744232],[117.32609427,26.43779004],[117.31321288,26.43142851],[117.29817328,26.44791583],[117.29775835,26.45886087],[117.28469865,26.46173971],[117.27125413,26.45807844],[117.26367745,26.43745632],[117.22995135,26.43515825],[117.22179415,26.43682011],[117.2109797,26.458716],[117.20301139,26.48702258],[117.21406883,26.53128555],[117.19648446,26.53875049],[117.18505358,26.54709398],[117.16057433,26.55643023],[117.14368952,26.55423255],[117.12478933,26.55709726],[117.11075826,26.56314441],[117.08394565,26.56880444]]]},"properties":{"gml_id":"layer_county_boundary_pg.2169","Name":"明溪县","layer":"区县","code":"350421000000","grade":3}},
{"type":"Feature","geometry":{"type":"Polygon","coordinates":[[[116.93477839,25.85319102],[116.9451052,25.87616281],[116.96035381,25.92456686],[116.95670062,25.95468046],[116.95953779,25.96247672],[116.96997945,25.96518377],[116.98726874,25.96303178],[117.00832782,25.95373778],[117.02206996,25.95550955],[117.02466617,25.96445661],[117.04893303,25.97940627],[117.06001547,25.9807984],[117.06226503,25.99093914],[117.04506959,26.00502632],[117.04381431,26.01599244],[117.05237086,26.02441751],[117.05644509,26.03799682],[117.04087917,26.03815889],[117.0442436,26.04918212],[117.06070454,26.06675274],[117.05955404,26.07939188],[117.07082889,26.10459252],[117.08005841,26.11488296],[117.10917119,26.12644321],[117.1259804,26.12474248],[117.13612973,26.11894186],[117.17167914,26.13940834],[117.16786017,26.17526961],[117.17559386,26.18808593],[117.17071558,26.21890205],[117.16643503,26.22558883],[117.14476798,26.22732736],[117.12609155,26.25592036],[117.13562469,26.26964999],[117.13313309,26.27862302],[117.11598498,26.30996322],[117.10863163,26.31597533],[117.09677929,26.33855301],[117.09062299,26.36649505],[117.08136752,26.37026853],[117.07386496,26.3581636],[117.07127805,26.34305234],[117.05952136,26.33989645],[117.0552324,26.34864815],[117.03918748,26.35332394],[117.02054651,26.34223541],[117.01662634,26.3348691],[116.99831414,26.32206151],[116.97331557,26.33111839],[116.95147559,26.31925345],[116.94041584,26.32051417],[116.93912571,26.34054286],[116.92098697,26.33212351],[116.91201164,26.33919454],[116.89084628,26.31718232],[116.87749492,26.31496399],[116.86465796,26.3080254],[116.82720595,26.31086719],[116.81749229,26.30699798],[116.80645786,26.29164608],[116.8038628,26.27970737],[116.7943646,26.26366111],[116.77292889,26.2618913],[116.7593767,26.25228579],[116.75447365,26.23392545],[116.76024698,26.20932583],[116.75509849,26.19463775],[116.75708663,26.18015878],[116.77454737,26.14679403],[116.80282303,26.14417154],[116.79257101,26.12904711],[116.78536499,26.10885257],[116.79064332,26.09137256],[116.80592261,26.08948438],[116.7953921,26.06746491],[116.77525004,26.06155985],[116.75687109,26.0489805],[116.7334633,26.05180872],[116.7215083,26.05597755],[116.70135792,26.04431674],[116.66494063,26.03890272],[116.65809944,26.0327575],[116.65671951,26.02161549],[116.66150521,26.00567555],[116.6483392,26.002644],[116.64019516,25.98327063],[116.64610586,25.96432271],[116.64515922,25.94596782],[116.66237266,25.94241488],[116.66955088,25.93423359],[116.67878675,25.93301227],[116.68489018,25.92255602],[116.70288585,25.91967366],[116.71510111,25.90955531],[116.73249187,25.90277688],[116.73885557,25.89277582],[116.74331858,25.85708452],[116.75129652,25.85095308],[116.77422655,25.86266328],[116.78940245,25.85936915],[116.77908884,25.84350121],[116.77345394,25.82156705],[116.77836826,25.81480611],[116.81554231,25.78694082],[116.8331556,25.79047801],[116.86058313,25.80000712],[116.87053818,25.82138352],[116.88059663,25.82736911],[116.88805254,25.84030142],[116.9000725,25.85313633],[116.91163247,25.85793799],[116.92866848,25.85826068],[116.93477839,25.85319102]]]},"properties":{"gml_id":"layer_county_boundary_pg.2170","Name":"清流县","layer":"区县","code":"350423000000","grade":3}},
{"type":"Feature","geometry":{"type":"Polygon","coordinates":[[[116.39521921,26.03603676],[116.41461644,26.02425525],[116.43436079,26.01885135],[116.4615437,26.01629319],[116.47572985,26.00202603],[116.47672769,25.97789436],[116.49078236,25.9693679],[116.53397306,26.00002274],[116.54857175,25.99331392],[116.57711603,25.98426999],[116.58906697,25.99483362],[116.60671082,25.98760115],[116.62090968,25.99628116],[116.62496301,26.01710054],[116.6483392,26.002644],[116.66150521,26.00567555],[116.65671951,26.02161549],[116.65809944,26.0327575],[116.66494063,26.03890272],[116.70135792,26.04431674],[116.7215083,26.05597755],[116.7334633,26.05180872],[116.75687109,26.0489805],[116.77525004,26.06155985],[116.7953921,26.06746491],[116.80592261,26.08948438],[116.79064332,26.09137256],[116.78536499,26.10885257],[116.79257101,26.12904711],[116.80282303,26.14417154],[116.77454737,26.14679403],[116.75708663,26.18015878],[116.75509849,26.19463775],[116.76024698,26.20932583],[116.75447365,26.23392545],[116.7593767,26.25228579],[116.77292889,26.2618913],[116.7943646,26.26366111],[116.8038628,26.27970737],[116.80645786,26.29164608],[116.81749229,26.30699798],[116.82720595,26.31086719],[116.86465796,26.3080254],[116.87749492,26.31496399],[116.89084628,26.31718232],[116.91201164,26.33919454],[116.92098697,26.33212351],[116.93912571,26.34054286],[116.94041584,26.32051417],[116.95147559,26.31925345],[116.97331557,26.33111839],[116.99831414,26.32206151],[117.01662634,26.3348691],[117.02054651,26.34223541],[117.03918748,26.35332394],[117.02320482,26.37155076],[117.02251031,26.38441987],[117.02935876,26.39555305],[117.03007635,26.4088682],[117.01893217,26.41092686],[117.02778921,26.43348969],[117.01949448,26.4460272],[116.99804494,26.45931659],[116.99413893,26.46476799],[117.01193646,26.47261378],[117.01879945,26.47981704],[117.0145115,26.4898519],[116.98930077,26.47885467],[116.97582589,26.4849174],[116.97414397,26.47380123],[116.96067292,26.47127322],[116.94307856,26.4740733],[116.94190829,26.47985118],[116.92362693,26.47564383],[116.91702273,26.46443552],[116.90690384,26.47073505],[116.89455962,26.4647323],[116.88698588,26.45334682],[116.86415322,26.45102036],[116.85404713,26.45454835],[116.84448956,26.46616028],[116.84166552,26.47878892],[116.81881932,26.4884162],[116.81278423,26.50627834],[116.8218204,26.51388198],[116.81505727,26.5285264],[116.80438346,26.52926921],[116.79200444,26.54036602],[116.77315159,26.54214735],[116.77082451,26.5499055],[116.74906439,26.56213082],[116.72686213,26.55858355],[116.72320669,26.57040812],[116.74120851,26.57649202],[116.74626992,26.59342278],[116.72725719,26.60598233],[116.7192971,26.59607784],[116.70259994,26.60401489],[116.71029563,26.61919988],[116.72826632,26.62981556],[116.71580048,26.64800921],[116.70468723,26.64072062],[116.68684154,26.64651938],[116.66029796,26.66388169],[116.62967512,26.66394353],[116.61283668,26.66741616],[116.59804473,26.66467778],[116.57791121,26.6557889],[116.56420828,26.64578099],[116.55733497,26.6242239],[116.55442687,26.599764],[116.54863755,26.57931111],[116.53634859,26.5716138],[116.53626121,26.55985382],[116.55802747,26.54822164],[116.57508096,26.53516544],[116.59423704,26.51085361],[116.58666048,26.49785962],[116.59665845,26.49399734],[116.60623054,26.48054645],[116.63350903,26.48300759],[116.63257175,26.46963729],[116.62555852,26.46317588],[116.62341496,26.44900919],[116.60612673,26.43683542],[116.5996344,26.41932214],[116.6060306,26.39754752],[116.59687469,26.37645744],[116.57972947,26.36960987],[116.56652133,26.37450404],[116.55140289,26.3678925],[116.55468327,26.38912185],[116.5490258,26.40375929],[116.529949,26.40420489],[116.52879531,26.41228693],[116.51476041,26.41375538],[116.50750429,26.40564838],[116.50642666,26.394528],[116.49353726,26.390442],[116.48489911,26.36267684],[116.45446254,26.34835712],[116.44896678,26.33477757],[116.43382455,26.3245251],[116.43220967,26.31138227],[116.42236347,26.30339627],[116.41328141,26.2823783],[116.39682751,26.27795636],[116.38674676,26.25971207],[116.39071434,26.247649],[116.38052856,26.24127852],[116.39187593,26.20901363],[116.39448078,26.19298963],[116.38761375,26.17335955],[116.40911113,26.16251984],[116.43107858,26.16311647],[116.44879641,26.16922583],[116.45858483,26.17853428],[116.46669181,26.17833503],[116.47576007,26.16772358],[116.47715334,26.14110782],[116.48474921,26.1319131],[116.48236984,26.11395945],[116.45358266,26.09497189],[116.4387015,26.08194847],[116.41683932,26.06866119],[116.4133309,26.05753391],[116.39643525,26.04911156],[116.39521921,26.03603676]]]},"properties":{"gml_id":"layer_county_boundary_pg.2171","Name":"宁化县","layer":"区县","code":"350424000000","grade":3}},
{"type":"Feature","geometry":{"type":"Polygon","coordinates":[[[118.02509841,25.82625553],[118.02213894,25.83836625],[118.00662541,25.84514925],[117.99229339,25.84710079],[117.99034121,25.85823995],[117.99347499,25.90066543],[118.00515912,25.91799076],[118.00721263,25.94030571],[118.01378985,25.96046309],[118.03009593,25.9651657],[118.02613231,25.97977796],[118.01669534,25.99574283],[118.01765968,26.01020681],[118.00989919,26.01880013],[118.00354447,26.00141238],[118.00071507,25.98168845],[117.99060985,25.9868616],[117.97809428,26.00194333],[117.96284417,26.00212292],[117.95230766,25.994891],[117.93417807,25.9709797],[117.91597058,25.97877277],[117.89822295,26.00240888],[117.87919918,26.00698716],[117.90045273,26.05614704],[117.90476672,26.0928565],[117.90236264,26.10391448],[117.89234758,26.11666396],[117.88202817,26.10690028],[117.87032926,26.10841039],[117.86157227,26.12022365],[117.8491959,26.10818346],[117.84060198,26.11332922],[117.84255555,26.12663427],[117.83446504,26.13108564],[117.81512553,26.13382021],[117.80845561,26.15995051],[117.80178194,26.1638462],[117.79249018,26.16090925],[117.7933619,26.13517433],[117.78536361,26.13034456],[117.77878155,26.11188824],[117.76444787,26.09854287],[117.75495061,26.09403778],[117.73950829,26.10066498],[117.74133576,26.10976262],[117.72066577,26.11581353],[117.71237085,26.11960757],[117.67869488,26.10439759],[117.6685399,26.0938939],[117.65676775,26.08986859],[117.66188657,26.06900504],[117.65386134,26.06156109],[117.65722966,26.05254073],[117.66950182,26.05685832],[117.68064764,26.04642528],[117.69937314,26.03941372],[117.70462451,26.04521903],[117.7212418,26.04366198],[117.72856183,26.05462989],[117.74980385,26.0499719],[117.74215396,26.02900246],[117.74033983,26.01461292],[117.7625193,26.01248561],[117.77900888,26.00577021],[117.77537286,25.99628479],[117.77680019,25.98109597],[117.76818563,25.97369446],[117.75409004,25.9740704],[117.7452655,25.9646745],[117.7336402,25.96217935],[117.7175035,25.94013706],[117.72306787,25.93313424],[117.71034201,25.92032064],[117.71138689,25.90679428],[117.70684789,25.89612887],[117.68913795,25.88240303],[117.67802798,25.86525076],[117.66396114,25.87338783],[117.63885209,25.85442756],[117.62843235,25.84380609],[117.60698149,25.8375052],[117.59352317,25.846149],[117.59006355,25.86153081],[117.59626212,25.874117],[117.59221461,25.8795218],[117.56902577,25.88047072],[117.5582714,25.85853935],[117.55036873,25.85382296],[117.53920897,25.85746851],[117.53772307,25.83256309],[117.52463502,25.82138058],[117.50401121,25.81604372],[117.4982995,25.8039151],[117.50798664,25.78108693],[117.49539594,25.76442348],[117.50097134,25.74837683],[117.49755191,25.73846792],[117.48889975,25.72551676],[117.49252761,25.71141188],[117.50191958,25.70581693],[117.51369223,25.72046441],[117.53114433,25.72818265],[117.53686372,25.72556492],[117.54415081,25.70773514],[117.55476157,25.70101844],[117.57602363,25.69722239],[117.58953187,25.67704603],[117.58294972,25.66965635],[117.59636627,25.65253987],[117.60659811,25.65360864],[117.63040942,25.66945036],[117.6412045,25.67376],[117.65724014,25.66728016],[117.67138005,25.64140274],[117.69070433,25.62664466],[117.71346707,25.59341346],[117.74325926,25.59915133],[117.74009177,25.5729271],[117.72080591,25.55045729],[117.70017449,25.56270587],[117.69276998,25.5587531],[117.68398038,25.53798786],[117.68347248,25.52162526],[117.71312922,25.51483498],[117.72878286,25.51695578],[117.72901728,25.50998043],[117.74769314,25.51054574],[117.76458843,25.50230308],[117.78152671,25.48478381],[117.78421837,25.5129397],[117.79958532,25.51184262],[117.81528916,25.51999724],[117.82429971,25.51217669],[117.83567056,25.49478256],[117.84830898,25.49136961],[117.85939241,25.49872064],[117.90547742,25.5052572],[117.92719968,25.51400621],[117.93723202,25.52712988],[117.95777461,25.53178954],[117.97502896,25.52318016],[117.97539319,25.53395273],[117.98942933,25.54027322],[117.99726689,25.55257388],[118.00856919,25.55935734],[118.02512439,25.57138797],[118.03821693,25.60754814],[118.03788649,25.62261554],[118.03305127,25.63099387],[118.02057542,25.6313938],[118.01449007,25.62421477],[117.98585189,25.61751169],[117.96293704,25.6474147],[117.95128938,25.64554741],[117.93894212,25.66906428],[117.96409354,25.6839808],[117.99518384,25.68871282],[118.00110434,25.694757],[118.01023748,25.72180627],[117.99704224,25.71892934],[117.98485513,25.7342227],[117.97676528,25.75417804],[117.978987,25.76988078],[118.00127806,25.77256023],[118.00614824,25.79857633],[118.00656471,25.81665332],[118.0214171,25.83428062],[118.02509841,25.82625553]]]},"properties":{"gml_id":"layer_county_boundary_pg.2172","Name":"大田县","layer":"区县","code":"350425000000","grade":3}},
{"type":"Feature","geometry":{"type":"Polygon","coordinates":[[[118.51293233,26.01586699],[118.51123169,26.02831856],[118.51777624,26.04530574],[118.51091018,26.06151109],[118.54818808,26.06118988],[118.57601145,26.06548988],[118.58908172,26.06502878],[118.58431739,26.09742996],[118.57916261,26.10185624],[118.57725285,26.11759924],[118.58376159,26.13204624],[118.56840086,26.13222361],[118.56033876,26.14147218],[118.5599649,26.17188867],[118.57452444,26.19745699],[118.57395112,26.20741339],[118.58281119,26.21280741],[118.60786196,26.21369972],[118.59423565,26.23049896],[118.60708958,26.23899763],[118.62682621,26.23810035],[118.64643255,26.2281306],[118.65862809,26.23126511],[118.66402379,26.24678559],[118.65124746,26.26604694],[118.63729107,26.26738439],[118.62936592,26.27542824],[118.62589453,26.29213238],[118.61116708,26.29145992],[118.6033734,26.30768161],[118.59479805,26.30801296],[118.58620723,26.31993269],[118.58779534,26.32730659],[118.55724656,26.32895128],[118.55925146,26.33968228],[118.55131039,26.34531564],[118.53770223,26.34580177],[118.52169737,26.33946257],[118.51361676,26.35525996],[118.49640422,26.36824265],[118.49016236,26.3674957],[118.4623996,26.34814274],[118.44936849,26.34198388],[118.44582648,26.35252202],[118.4318736,26.35893666],[118.42290491,26.37268045],[118.42216688,26.38458742],[118.43193492,26.3958227],[118.44235333,26.38663122],[118.45020275,26.39458662],[118.44465442,26.40683146],[118.43301166,26.40089428],[118.414917,26.40114891],[118.38843487,26.39729122],[118.36785821,26.41225883],[118.35746562,26.40365129],[118.34492936,26.40832209],[118.34229086,26.41781011],[118.32295866,26.4106416],[118.31813225,26.42282414],[118.32768988,26.42920703],[118.30593708,26.43459883],[118.29245822,26.4349617],[118.29507051,26.42311756],[118.2848889,26.41790598],[118.27470015,26.4258112],[118.26511002,26.42589699],[118.25479025,26.41283222],[118.25804475,26.4029682],[118.24929578,26.39753506],[118.23875033,26.40625398],[118.21023246,26.40788245],[118.21162062,26.39826452],[118.18499246,26.38458328],[118.17644184,26.39209075],[118.16285744,26.39044563],[118.1624319,26.383261],[118.14895032,26.38273114],[118.13098814,26.36889385],[118.12649047,26.38082874],[118.10890895,26.38267034],[118.1063318,26.359018],[118.08730152,26.34382434],[118.07187271,26.35336085],[118.06995807,26.33816],[118.06127146,26.32855825],[118.03800019,26.32357266],[118.01909873,26.34151756],[118.01032851,26.34213808],[118.00375799,26.33064243],[117.98635732,26.31694467],[117.96758354,26.30780962],[117.96227473,26.30872424],[117.94596467,26.28611245],[117.93261547,26.27833401],[117.93572298,26.26816956],[117.92286364,26.25499591],[117.91165037,26.23610361],[117.90051828,26.23929189],[117.89241899,26.23391268],[117.88333885,26.2391621],[117.86900724,26.22914736],[117.86141669,26.23246903],[117.85127965,26.22669995],[117.83613308,26.23845164],[117.83083301,26.22793892],[117.8351814,26.2168906],[117.8301955,26.20050575],[117.81748681,26.19374885],[117.80185437,26.17362837],[117.80178194,26.1638462],[117.80845561,26.15995051],[117.81512553,26.13382021],[117.83446504,26.13108564],[117.84255555,26.12663427],[117.84060198,26.11332922],[117.8491959,26.10818346],[117.86157227,26.12022365],[117.87032926,26.10841039],[117.88202817,26.10690028],[117.89234758,26.11666396],[117.90236264,26.10391448],[117.90476672,26.0928565],[117.90045273,26.05614704],[117.87919918,26.00698716],[117.89822295,26.00240888],[117.91597058,25.97877277],[117.93417807,25.9709797],[117.95230766,25.994891],[117.96284417,26.00212292],[117.97809428,26.00194333],[117.99060985,25.9868616],[118.00071507,25.98168845],[118.00354447,26.00141238],[118.00989919,26.01880013],[118.01765968,26.01020681],[118.01669534,25.99574283],[118.02613231,25.97977796],[118.03009593,25.9651657],[118.01378985,25.96046309],[118.00721263,25.94030571],[118.00515912,25.91799076],[117.99347499,25.90066543],[117.99034121,25.85823995],[117.99229339,25.84710079],[118.00662541,25.84514925],[118.02213894,25.83836625],[118.02509841,25.82625553],[118.02829077,25.83794757],[118.01400769,25.8480414],[118.01043662,25.85995655],[118.02801632,25.86597143],[118.03378054,25.85914446],[118.04446874,25.86120159],[118.05872481,25.85108921],[118.08019674,25.86799454],[118.07298974,25.88703843],[118.10402198,25.89262267],[118.12474159,25.90284519],[118.14302158,25.90311198],[118.15139895,25.91083668],[118.1725718,25.90307385],[118.17528783,25.88710627],[118.19210122,25.88808166],[118.20412277,25.90132976],[118.21067502,25.90090292],[118.22813737,25.88677858],[118.24333368,25.89917608],[118.26294985,25.90174874],[118.2679233,25.90689542],[118.26150098,25.91956164],[118.27066578,25.93282845],[118.28051666,25.93385236],[118.29108812,25.92559808],[118.30387304,25.93252861],[118.31312495,25.91649888],[118.33161446,25.91966987],[118.33978118,25.93841945],[118.35513236,25.93242968],[118.35632964,25.92083204],[118.36283311,25.91521016],[118.36469927,25.89924707],[118.39115419,25.90275264],[118.40485543,25.89224306],[118.42758571,25.92048117],[118.44782489,25.90860663],[118.45892006,25.89241645],[118.45473573,25.86768099],[118.47163932,25.87427799],[118.47209905,25.88500735],[118.46623085,25.90152135],[118.48044182,25.90307421],[118.50713421,25.89780009],[118.50557164,25.91404837],[118.51492038,25.92771076],[118.50976438,25.93664195],[118.51640409,25.95786044],[118.5153365,25.9725004],[118.50927855,25.98029126],[118.51438209,25.98962338],[118.51293233,26.01586699]]]},"properties":{"gml_id":"layer_county_boundary_pg.2173","Name":"尤溪县","layer":"区县","code":"350426000000","grade":3}},
{"type":"Feature","geometry":{"type":"Polygon","coordinates":[[[117.85381427,26.67839224],[117.84912683,26.68317984],[117.83450103,26.67966036],[117.821602,26.67098923],[117.81362411,26.67525331],[117.79844088,26.67456648],[117.7868685,26.66987969],[117.77378439,26.67013173],[117.76397371,26.65886508],[117.7544748,26.66454022],[117.7411736,26.66192885],[117.73242161,26.66980076],[117.69780546,26.65749319],[117.69072165,26.64445427],[117.67813376,26.64738693],[117.6737935,26.64020378],[117.66261322,26.63819904],[117.65781253,26.64979862],[117.66388905,26.66057543],[117.6400539,26.65967851],[117.63680784,26.66392578],[117.60332402,26.64750164],[117.59577364,26.63493823],[117.59122675,26.61660112],[117.5800394,26.62267801],[117.54790755,26.60581669],[117.54625595,26.59191799],[117.5567911,26.5813266],[117.5670814,26.57948345],[117.56444467,26.56688751],[117.55277298,26.54841592],[117.54244413,26.52564254],[117.54438821,26.51875716],[117.56293087,26.50745226],[117.58030207,26.50967123],[117.58991216,26.4877572],[117.58173087,26.47154428],[117.58656766,26.4671499],[117.57748503,26.45474686],[117.58226752,26.44047515],[117.56879257,26.43327336],[117.55411393,26.4106921],[117.56123577,26.40665766],[117.58623948,26.40094784],[117.59664664,26.39419092],[117.59522966,26.38155815],[117.60431067,26.38032094],[117.61678807,26.39254563],[117.63068781,26.38852946],[117.64091635,26.37003132],[117.6546213,26.36341836],[117.66192966,26.34659032],[117.67097518,26.34708825],[117.68569546,26.34018884],[117.68993102,26.32936649],[117.70926974,26.32422204],[117.71858176,26.33502866],[117.74774164,26.34436181],[117.74649331,26.32949095],[117.78492035,26.3088644],[117.79504162,26.2919569],[117.78593477,26.28839156],[117.7729434,26.2738225],[117.76525839,26.28893465],[117.75134545,26.264347],[117.73311721,26.25488695],[117.72672412,26.24689022],[117.72240921,26.23925027],[117.72811701,26.2266219],[117.74522715,26.22101016],[117.75253693,26.21442336],[117.75046225,26.19482429],[117.75517597,26.1841372],[117.74984204,26.16699121],[117.74036636,26.16655899],[117.74062262,26.13708339],[117.72880605,26.12983243],[117.72066577,26.11581353],[117.74133576,26.10976262],[117.73950829,26.10066498],[117.75495061,26.09403778],[117.76444787,26.09854287],[117.77878155,26.11188824],[117.78536361,26.13034456],[117.7933619,26.13517433],[117.79249018,26.16090925],[117.80178194,26.1638462],[117.80185437,26.17362837],[117.81748681,26.19374885],[117.8301955,26.20050575],[117.8351814,26.2168906],[117.83083301,26.22793892],[117.83613308,26.23845164],[117.85127965,26.22669995],[117.86141669,26.23246903],[117.86900724,26.22914736],[117.88333885,26.2391621],[117.89241899,26.23391268],[117.90051828,26.23929189],[117.91165037,26.23610361],[117.92286364,26.25499591],[117.93572298,26.26816956],[117.93261547,26.27833401],[117.94596467,26.28611245],[117.96227473,26.30872424],[117.96758354,26.30780962],[117.98635732,26.31694467],[118.00375799,26.33064243],[118.01032851,26.34213808],[118.01909873,26.34151756],[118.03800019,26.32357266],[118.06127146,26.32855825],[118.06995807,26.33816],[118.07187271,26.35336085],[118.08730152,26.34382434],[118.1063318,26.359018],[118.10890895,26.38267034],[118.10820598,26.39738162],[118.08657815,26.39890126],[118.0821501,26.40955593],[118.08454638,26.41888323],[118.07787745,26.42731768],[118.06193688,26.43046927],[118.05423548,26.4426642],[118.06039953,26.45675581],[118.0525596,26.47258606],[118.04043048,26.47650747],[118.02892718,26.47011936],[118.02485525,26.48124911],[118.03075096,26.49514534],[118.03288649,26.5156978],[118.01615756,26.5112626],[117.99843134,26.51466199],[118.00142629,26.53273066],[117.98819782,26.54352578],[117.9898033,26.55493688],[118.00075847,26.56863678],[117.99002965,26.581013],[117.97387623,26.58192402],[117.97196656,26.56624229],[117.9324335,26.57601649],[117.91803621,26.56305576],[117.90579088,26.56369604],[117.90212,26.57098625],[117.89089785,26.57207419],[117.87150932,26.56380737],[117.87102342,26.57907604],[117.85763201,26.58610536],[117.86095637,26.60088161],[117.85166024,26.60485143],[117.85015101,26.61764115],[117.85828355,26.63604067],[117.85019414,26.64384383],[117.85358837,26.65745862],[117.84318087,26.66356674],[117.85381427,26.67839224]]]},"properties":{"gml_id":"layer_county_boundary_pg.2174","Name":"沙县","layer":"区县","code":"350427000000","grade":3}},
{"type":"Feature","geometry":{"type":"Polygon","coordinates":[[[117.40038185,27.05562235],[117.38088882,27.04119767],[117.36236029,27.03651067],[117.33551729,27.02062478],[117.32776526,27.01379122],[117.32937221,26.9915002],[117.34386086,26.97486],[117.34176783,26.97097069],[117.31089135,26.96039347],[117.2782362,26.94067306],[117.26620895,26.95201825],[117.23943121,26.93771799],[117.24134572,26.92597312],[117.23542801,26.91876141],[117.23712582,26.90743853],[117.2445649,26.89764778],[117.24224074,26.88375964],[117.25327544,26.87952521],[117.25597613,26.86881036],[117.24390427,26.85699906],[117.22956124,26.85496716],[117.21346836,26.84514938],[117.21505257,26.83282623],[117.22526727,26.81076982],[117.22134525,26.78684099],[117.24651122,26.77891601],[117.25596167,26.77094655],[117.2485396,26.76081672],[117.22228389,26.75883485],[117.21626552,26.74102881],[117.22021727,26.72602159],[117.19062473,26.70523447],[117.17604124,26.70557357],[117.17874667,26.6916329],[117.16038297,26.67427365],[117.15008812,26.62931223],[117.14283848,26.61740987],[117.12983298,26.62460458],[117.10811849,26.62863073],[117.10114682,26.61901963],[117.09386131,26.5999925],[117.09247231,26.58276952],[117.08394565,26.56880444],[117.11075826,26.56314441],[117.12478933,26.55709726],[117.14368952,26.55423255],[117.16057433,26.55643023],[117.18505358,26.54709398],[117.19648446,26.53875049],[117.21406883,26.53128555],[117.20301139,26.48702258],[117.2109797,26.458716],[117.22179415,26.43682011],[117.22995135,26.43515825],[117.26367745,26.43745632],[117.27125413,26.45807844],[117.28469865,26.46173971],[117.29775835,26.45886087],[117.29817328,26.44791583],[117.31321288,26.43142851],[117.32609427,26.43779004],[117.3381608,26.43744232],[117.35362103,26.44407618],[117.36873924,26.42584285],[117.39611967,26.44458458],[117.39837139,26.45575307],[117.38539529,26.47972678],[117.40238491,26.48645731],[117.41952812,26.48290207],[117.42721075,26.47284338],[117.44051949,26.47692903],[117.4635096,26.50656772],[117.47829437,26.51169676],[117.47946465,26.52991703],[117.48873513,26.53469037],[117.49027239,26.54473784],[117.47671629,26.55245124],[117.48611886,26.5705516],[117.49092242,26.57213218],[117.50631293,26.55730086],[117.51887307,26.56572223],[117.50683526,26.57515207],[117.51547245,26.5799927],[117.54146617,26.57338269],[117.5567911,26.5813266],[117.54625595,26.59191799],[117.54790755,26.60581669],[117.5800394,26.62267801],[117.59122675,26.61660112],[117.59577364,26.63493823],[117.60332402,26.64750164],[117.63680784,26.66392578],[117.63578436,26.67826249],[117.6004179,26.68823131],[117.60097273,26.70170784],[117.59613977,26.71241267],[117.60650126,26.73074992],[117.6176099,26.72940021],[117.62504784,26.73939919],[117.64091395,26.74531556],[117.64823126,26.75714596],[117.65114784,26.77111331],[117.66646834,26.7873326],[117.66119094,26.79468468],[117.66565231,26.80825932],[117.64761531,26.82324962],[117.63725175,26.83972226],[117.62965775,26.84454963],[117.62562179,26.86192473],[117.61486034,26.87564569],[117.60796039,26.87628987],[117.5969993,26.88910073],[117.58445933,26.89651997],[117.57418338,26.92668191],[117.55739098,26.92677871],[117.55209737,26.93423611],[117.53928698,26.92613929],[117.51954133,26.92897792],[117.50944699,26.9231046],[117.50021129,26.9300856],[117.49903,26.94815666],[117.5066603,26.95754302],[117.52670201,26.96356756],[117.52987929,26.98666866],[117.5412314,26.99634374],[117.52839516,26.99873267],[117.52456741,27.00725046],[117.50054096,27.01277529],[117.48015841,27.01226271],[117.47303078,27.01694598],[117.44638607,27.00829993],[117.43991762,27.04578173],[117.43066226,27.0496881],[117.43309315,27.0615245],[117.42638983,27.06697823],[117.40038185,27.05562235]]]},"properties":{"gml_id":"layer_county_boundary_pg.2175","Name":"将乐县","layer":"区县","code":"350428000000","grade":3}},
{"type":"Feature","geometry":{"type":"Polygon","coordinates":[[[117.04940362,27.10429296],[117.0520166,27.08232736],[117.04382373,27.04355634],[117.05766357,27.03797537],[117.06118876,27.02693218],[117.05916594,26.99042403],[117.03649599,26.97652891],[117.02159854,26.97453469],[117.01385469,26.96584486],[116.99763889,26.95719656],[116.98096505,26.95727791],[116.95987335,26.94589345],[116.94029453,26.92807146],[116.92246006,26.89875627],[116.92646976,26.88219988],[116.92462905,26.87210028],[116.93449703,26.84609995],[116.95522168,26.837719],[116.95843737,26.82230065],[116.97195127,26.8197759],[116.9449331,26.80461422],[116.96093637,26.79071584],[116.95619364,26.7828337],[116.95739191,26.76720851],[116.95171553,26.75896486],[116.92325843,26.75197858],[116.89733564,26.73693407],[116.88856122,26.72342033],[116.91018013,26.6936932],[116.91913985,26.66490517],[116.92736418,26.66181347],[116.92765348,26.64968773],[116.95888893,26.63310418],[116.99245736,26.62691998],[117.00795157,26.60548143],[117.02389871,26.57829677],[117.04820839,26.58047282],[117.0608756,26.56042248],[117.07544523,26.55989016],[117.08394565,26.56880444],[117.09247231,26.58276952],[117.09386131,26.5999925],[117.10114682,26.61901963],[117.10811849,26.62863073],[117.12983298,26.62460458],[117.14283848,26.61740987],[117.15008812,26.62931223],[117.16038297,26.67427365],[117.17874667,26.6916329],[117.17604124,26.70557357],[117.19062473,26.70523447],[117.22021727,26.72602159],[117.21626552,26.74102881],[117.22228389,26.75883485],[117.2485396,26.76081672],[117.25596167,26.77094655],[117.24651122,26.77891601],[117.22134525,26.78684099],[117.22526727,26.81076982],[117.21505257,26.83282623],[117.21346836,26.84514938],[117.22956124,26.85496716],[117.24390427,26.85699906],[117.25597613,26.86881036],[117.25327544,26.87952521],[117.24224074,26.88375964],[117.2445649,26.89764778],[117.23712582,26.90743853],[117.23542801,26.91876141],[117.24134572,26.92597312],[117.23943121,26.93771799],[117.26620895,26.95201825],[117.2782362,26.94067306],[117.31089135,26.96039347],[117.34176783,26.97097069],[117.34386086,26.97486],[117.32937221,26.9915002],[117.32776526,27.01379122],[117.33551729,27.02062478],[117.36236029,27.03651067],[117.38088882,27.04119767],[117.40038185,27.05562235],[117.39017049,27.07061486],[117.37666867,27.07403758],[117.37811276,27.10262129],[117.36051407,27.10468885],[117.34250897,27.09952186],[117.32421824,27.11039481],[117.31983541,27.11688938],[117.29661629,27.1231508],[117.28153255,27.13240853],[117.27116049,27.12959605],[117.26742955,27.1172659],[117.28314697,27.11535523],[117.28450932,27.10426153],[117.27549972,27.09398863],[117.28032485,27.07914015],[117.27687706,27.06116539],[117.25728884,27.05146425],[117.25017226,27.03821342],[117.23898562,27.03680679],[117.23547914,27.0464801],[117.19499926,27.06226523],[117.18546061,27.07428185],[117.17504938,27.09643969],[117.15580449,27.11343884],[117.14424112,27.1106451],[117.13442193,27.10207188],[117.11706664,27.09646395],[117.09728822,27.11039936],[117.08147697,27.09726363],[117.06778421,27.10080892],[117.05883308,27.11293037],[117.04940362,27.10429296]]]},"properties":{"gml_id":"layer_county_boundary_pg.2176","Name":"泰宁县","layer":"区县","code":"350429000000","grade":3}},
{"type":"Feature","geometry":{"type":"Polygon","coordinates":[[[116.56420828,26.64578099],[116.57791121,26.6557889],[116.59804473,26.66467778],[116.61283668,26.66741616],[116.62967512,26.66394353],[116.66029796,26.66388169],[116.68684154,26.64651938],[116.70468723,26.64072062],[116.71580048,26.64800921],[116.72826632,26.62981556],[116.71029563,26.61919988],[116.70259994,26.60401489],[116.7192971,26.59607784],[116.72725719,26.60598233],[116.74626992,26.59342278],[116.74120851,26.57649202],[116.72320669,26.57040812],[116.72686213,26.55858355],[116.74906439,26.56213082],[116.77082451,26.5499055],[116.77315159,26.54214735],[116.79200444,26.54036602],[116.7869941,26.54517659],[116.78747251,26.56056885],[116.79617928,26.56235131],[116.79737012,26.57315183],[116.821238,26.58867567],[116.82628128,26.57517946],[116.83380183,26.56934864],[116.84718225,26.57804749],[116.86684526,26.57958102],[116.8747223,26.56948182],[116.88426591,26.57555163],[116.88594126,26.58616286],[116.89605311,26.58768471],[116.90391032,26.59829992],[116.89771433,26.6149695],[116.9005181,26.62255085],[116.9190607,26.62761069],[116.90851293,26.63960627],[116.91886719,26.65252612],[116.91913985,26.66490517],[116.91018013,26.6936932],[116.88856122,26.72342033],[116.89733564,26.73693407],[116.92325843,26.75197858],[116.95171553,26.75896486],[116.95739191,26.76720851],[116.95619364,26.7828337],[116.96093637,26.79071584],[116.9449331,26.80461422],[116.97195127,26.8197759],[116.95843737,26.82230065],[116.95522168,26.837719],[116.93449703,26.84609995],[116.92462905,26.87210028],[116.92646976,26.88219988],[116.92246006,26.89875627],[116.94029453,26.92807146],[116.95987335,26.94589345],[116.98096505,26.95727791],[116.99763889,26.95719656],[117.01385469,26.96584486],[117.02159854,26.97453469],[117.03649599,26.97652891],[117.05916594,26.99042403],[117.06118876,27.02693218],[117.05766357,27.03797537],[117.04382373,27.04355634],[117.0520166,27.08232736],[117.04940362,27.10429296],[117.04805818,27.10462945],[117.02733417,27.09296256],[116.99524065,27.08344342],[116.96272867,27.06521598],[116.94203846,27.0414674],[116.93533873,27.02542907],[116.92296309,27.03487212],[116.90539879,27.0380857],[116.88963818,27.03617756],[116.87547403,27.03007268],[116.85624086,27.01497792],[116.84663266,27.01282434],[116.81290952,27.021928],[116.77742904,27.01295529],[116.76015149,27.00373213],[116.75245027,26.98772322],[116.72926003,26.99709175],[116.70010612,26.99428222],[116.67460992,26.98191987],[116.65460157,26.96568109],[116.62838962,26.93750202],[116.59756261,26.892273],[116.56439399,26.86250801],[116.55278164,26.85535967],[116.54403399,26.84351397],[116.5395462,26.82393555],[116.53905122,26.80742294],[116.55403097,26.77036942],[116.54562881,26.7548342],[116.52629124,26.73534245],[116.51042556,26.72444102],[116.50729155,26.71169745],[116.51519,26.68821994],[116.54042882,26.66319048],[116.54593162,26.65472191],[116.56150111,26.65368764],[116.56420828,26.64578099]]]},"properties":{"gml_id":"layer_county_boundary_pg.2177","Name":"建宁县","layer":"区县","code":"350430000000","grade":3}},
{"type":"Feature","geometry":{"type":"Polygon","coordinates":[[[117.49755191,25.73846792],[117.50097134,25.74837683],[117.49539594,25.76442348],[117.50798664,25.78108693],[117.4982995,25.8039151],[117.50401121,25.81604372],[117.52463502,25.82138058],[117.53772307,25.83256309],[117.53920897,25.85746851],[117.55036873,25.85382296],[117.5582714,25.85853935],[117.56902577,25.88047072],[117.59221461,25.8795218],[117.59626212,25.874117],[117.59006355,25.86153081],[117.59352317,25.846149],[117.60698149,25.8375052],[117.62843235,25.84380609],[117.63885209,25.85442756],[117.66396114,25.87338783],[117.67802798,25.86525076],[117.68913795,25.88240303],[117.70684789,25.89612887],[117.71138689,25.90679428],[117.71034201,25.92032064],[117.72306787,25.93313424],[117.7175035,25.94013706],[117.7336402,25.96217935],[117.7452655,25.9646745],[117.75409004,25.9740704],[117.76818563,25.97369446],[117.77680019,25.98109597],[117.77537286,25.99628479],[117.77900888,26.00577021],[117.7625193,26.01248561],[117.74033983,26.01461292],[117.74215396,26.02900246],[117.74980385,26.0499719],[117.72856183,26.05462989],[117.7212418,26.04366198],[117.70462451,26.04521903],[117.69937314,26.03941372],[117.68064764,26.04642528],[117.66950182,26.05685832],[117.65722966,26.05254073],[117.65187114,26.06020284],[117.63643186,26.05845594],[117.62368019,26.06328581],[117.62229364,26.0519498],[117.61159083,26.05103854],[117.5854424,26.01956034],[117.57596398,26.03333958],[117.5508536,26.03216406],[117.55058372,26.05005871],[117.53856604,26.05154406],[117.52941869,26.06487111],[117.53550476,26.0841899],[117.53297875,26.08815349],[117.50855226,26.09273122],[117.49728008,26.11257577],[117.48989259,26.11800522],[117.45838561,26.1294495],[117.44543954,26.12808818],[117.43892595,26.13334291],[117.42525481,26.1294403],[117.40743291,26.13934225],[117.39019653,26.1406777],[117.38368388,26.15484547],[117.36331112,26.13698034],[117.35704601,26.13931045],[117.35686717,26.15457537],[117.3465032,26.16561172],[117.34902711,26.17547959],[117.33686811,26.18653963],[117.34203838,26.19926393],[117.32523304,26.20753605],[117.32676827,26.19531085],[117.31087143,26.19634371],[117.2983057,26.18929483],[117.29180768,26.19959751],[117.28134545,26.20181365],[117.2989366,26.18552949],[117.31236025,26.17855518],[117.30986316,26.16543774],[117.28987124,26.15132986],[117.27536421,26.16448208],[117.24049021,26.1590667],[117.22212916,26.1600021],[117.2188109,26.15118063],[117.19945142,26.1386959],[117.179926,26.13212395],[117.17167914,26.13940834],[117.13612973,26.11894186],[117.1259804,26.12474248],[117.10917119,26.12644321],[117.08005841,26.11488296],[117.07082889,26.10459252],[117.05955404,26.07939188],[117.06070454,26.06675274],[117.0442436,26.04918212],[117.04087917,26.03815889],[117.05644509,26.03799682],[117.05237086,26.02441751],[117.04381431,26.01599244],[117.04506959,26.00502632],[117.06226503,25.99093914],[117.06001547,25.9807984],[117.04893303,25.97940627],[117.02466617,25.96445661],[117.02206996,25.95550955],[117.00832782,25.95373778],[116.98726874,25.96303178],[116.96997945,25.96518377],[116.95953779,25.96247672],[116.95670062,25.95468046],[116.96035381,25.92456686],[116.9451052,25.87616281],[116.93477839,25.85319102],[116.9480909,25.84522931],[116.96649917,25.84965098],[116.9814627,25.85736031],[117.00341448,25.8607822],[117.01904915,25.85607336],[117.03113439,25.81400221],[117.05130214,25.78897957],[117.05197291,25.76955566],[117.05831781,25.75824337],[117.05319334,25.75008407],[117.06004947,25.73923579],[117.04329522,25.728451],[117.05589486,25.72379858],[117.06346557,25.71118741],[117.06258748,25.69556522],[117.07664955,25.6762294],[117.06682124,25.6710392],[117.07663613,25.65527499],[117.09963482,25.66003822],[117.12756228,25.65289668],[117.13495083,25.64492019],[117.13691305,25.63338877],[117.15392047,25.61553863],[117.16335675,25.59901399],[117.16074145,25.5734147],[117.1673782,25.57362924],[117.17837772,25.57801153],[117.19216458,25.56215453],[117.20734919,25.5731032],[117.19351161,25.57339406],[117.21098713,25.59409919],[117.21583521,25.60632977],[117.22946087,25.62116432],[117.23296731,25.63692931],[117.24894512,25.64573776],[117.27851419,25.66799504],[117.28064867,25.68034768],[117.26951412,25.69026389],[117.24984763,25.68614069],[117.2436162,25.68996714],[117.26093029,25.71826241],[117.26171976,25.72789126],[117.27959802,25.74032348],[117.30179153,25.7434608],[117.3283269,25.75613959],[117.34086251,25.75928016],[117.34334519,25.78310895],[117.34910944,25.78870955],[117.37060585,25.78519888],[117.37782211,25.75569666],[117.37145033,25.75052145],[117.37757035,25.72979104],[117.38602904,25.72391537],[117.39099207,25.73646459],[117.39511717,25.68766434],[117.38468911,25.67046274],[117.38696412,25.66144917],[117.40118633,25.66155841],[117.43058223,25.66840851],[117.43552289,25.67219024],[117.45182844,25.71542845],[117.46514082,25.72299651],[117.46766251,25.73016925],[117.45660056,25.73859859],[117.48282496,25.74222613],[117.49755191,25.73846792]]]},"properties":{"gml_id":"layer_county_boundary_pg.2178","Name":"永安市","layer":"区县","code":"350481000000","grade":3}},
{"type":"Feature","geometry":{"type":"Polygon","coordinates":[[[118.66402379,26.24678559],[118.66842495,26.25513674],[118.66186289,26.27869377],[118.66138553,26.29718411],[118.64739378,26.32301348],[118.65872145,26.33262919],[118.6576018,26.34558016],[118.61934283,26.36964269],[118.60491852,26.36546819],[118.59357562,26.35450647],[118.58281364,26.37206052],[118.56867663,26.37490967],[118.55854894,26.37065263],[118.55750757,26.39049298],[118.54625935,26.39488552],[118.54499274,26.41646292],[118.56165588,26.43221621],[118.55785529,26.44430254],[118.55749934,26.46183233],[118.57159308,26.47407874],[118.59718633,26.48108068],[118.60406859,26.49309957],[118.60082256,26.50941776],[118.61060429,26.52707937],[118.6105431,26.54387162],[118.61675716,26.55208483],[118.60641267,26.55830372],[118.59999848,26.55433383],[118.58627799,26.55673419],[118.57622812,26.56862068],[118.58416913,26.608808],[118.58017694,26.61688372],[118.5820432,26.63132873],[118.58952391,26.64171973],[118.59419337,26.6727018],[118.57385964,26.67856354],[118.56769845,26.68696533],[118.57718361,26.69644895],[118.57649837,26.70478121],[118.56864417,26.70826985],[118.55446294,26.6998823],[118.54118425,26.70127345],[118.53254046,26.69005765],[118.52452931,26.69103514],[118.52279269,26.66623652],[118.51511112,26.66052412],[118.49348071,26.65332015],[118.47944393,26.66105369],[118.46877449,26.6566735],[118.46736852,26.64898645],[118.44604564,26.66014048],[118.43476706,26.67815466],[118.42369704,26.67442999],[118.4222986,26.69105528],[118.39459318,26.69387938],[118.37787888,26.67982434],[118.37227916,26.68738433],[118.34081738,26.70341367],[118.33138054,26.70254312],[118.31884602,26.71080772],[118.32035677,26.71829849],[118.31251834,26.7329065],[118.30389903,26.74097367],[118.29250297,26.74028078],[118.29054244,26.75499456],[118.29443016,26.76853316],[118.28093437,26.77089434],[118.2781133,26.78111162],[118.28764379,26.79822389],[118.28327828,26.80529295],[118.291246,26.81412924],[118.28162892,26.83286079],[118.28616829,26.84080532],[118.28536149,26.86349223],[118.27847922,26.86930696],[118.25797959,26.86741783],[118.25846508,26.84696847],[118.24993499,26.83291494],[118.25777872,26.80057926],[118.24885836,26.79857839],[118.23677737,26.78383238],[118.2223183,26.77996762],[118.21150453,26.76664426],[118.19349427,26.77941845],[118.18050941,26.77984899],[118.1683836,26.79496256],[118.16408743,26.81001234],[118.13942407,26.81060744],[118.12316286,26.81417124],[118.11237043,26.80747164],[118.1004143,26.81985009],[118.08681747,26.81901391],[118.08178119,26.83233671],[118.08498588,26.84910238],[118.06790608,26.85803342],[118.05558548,26.85509014],[118.04730354,26.86409447],[118.04079139,26.85407804],[118.02159592,26.83784299],[117.99934668,26.83975779],[117.99483237,26.83212073],[117.99813054,26.82267435],[117.99167188,26.81550404],[117.97623993,26.81558514],[117.96328954,26.8075033],[117.96708209,26.79310113],[117.91529541,26.79313502],[117.89470098,26.77554155],[117.89715728,26.74728343],[117.88829592,26.73084201],[117.88795758,26.7182566],[117.87928778,26.71477991],[117.87224017,26.70060736],[117.87009587,26.67366147],[117.85381427,26.67839224],[117.84318087,26.66356674],[117.85358837,26.65745862],[117.85019414,26.64384383],[117.85828355,26.63604067],[117.85015101,26.61764115],[117.85166024,26.60485143],[117.86095637,26.60088161],[117.85763201,26.58610536],[117.87102342,26.57907604],[117.87150932,26.56380737],[117.89089785,26.57207419],[117.90212,26.57098625],[117.90579088,26.56369604],[117.91803621,26.56305576],[117.9324335,26.57601649],[117.97196656,26.56624229],[117.97387623,26.58192402],[117.99002965,26.581013],[118.00075847,26.56863678],[117.9898033,26.55493688],[117.98819782,26.54352578],[118.00142629,26.53273066],[117.99843134,26.51466199],[118.01615756,26.5112626],[118.03288649,26.5156978],[118.03075096,26.49514534],[118.02485525,26.48124911],[118.02892718,26.47011936],[118.04043048,26.47650747],[118.0525596,26.47258606],[118.06039953,26.45675581],[118.05423548,26.4426642],[118.06193688,26.43046927],[118.07787745,26.42731768],[118.08454638,26.41888323],[118.0821501,26.40955593],[118.08657815,26.39890126],[118.10820598,26.39738162],[118.10890895,26.38267034],[118.12649047,26.38082874],[118.13098814,26.36889385],[118.14895032,26.38273114],[118.1624319,26.383261],[118.16285744,26.39044563],[118.17644184,26.39209075],[118.18499246,26.38458328],[118.21162062,26.39826452],[118.21023246,26.40788245],[118.23875033,26.40625398],[118.24929578,26.39753506],[118.25804475,26.4029682],[118.25479025,26.41283222],[118.26511002,26.42589699],[118.27470015,26.4258112],[118.2848889,26.41790598],[118.29507051,26.42311756],[118.29245822,26.4349617],[118.30593708,26.43459883],[118.32768988,26.42920703],[118.31813225,26.42282414],[118.32295866,26.4106416],[118.34229086,26.41781011],[118.34492936,26.40832209],[118.35746562,26.40365129],[118.36785821,26.41225883],[118.38843487,26.39729122],[118.414917,26.40114891],[118.43301166,26.40089428],[118.44465442,26.40683146],[118.45020275,26.39458662],[118.44235333,26.38663122],[118.43193492,26.3958227],[118.42216688,26.38458742],[118.42290491,26.37268045],[118.4318736,26.35893666],[118.44582648,26.35252202],[118.44936849,26.34198388],[118.4623996,26.34814274],[118.49016236,26.3674957],[118.49640422,26.36824265],[118.51361676,26.35525996],[118.52169737,26.33946257],[118.53770223,26.34580177],[118.55131039,26.34531564],[118.55925146,26.33968228],[118.55724656,26.32895128],[118.58779534,26.32730659],[118.58620723,26.31993269],[118.59479805,26.30801296],[118.6033734,26.30768161],[118.61116708,26.29145992],[118.62589453,26.29213238],[118.62936592,26.27542824],[118.63729107,26.26738439],[118.65124746,26.26604694],[118.66402379,26.24678559]]]},"properties":{"gml_id":"layer_county_boundary_pg.2179","Name":"延平区","layer":"区县","code":"350702000000","grade":3}},
{"type":"Feature","geometry":{"type":"Polygon","coordinates":[[[117.62809043,27.7271585],[117.61522874,27.71862815],[117.60720024,27.69885734],[117.59929402,27.69049113],[117.60348648,27.68063774],[117.5812436,27.65961176],[117.56361681,27.65616955],[117.54664995,27.64224484],[117.54354346,27.62098655],[117.54901106,27.61766329],[117.54138254,27.60471743],[117.53871809,27.58961426],[117.52283454,27.58065575],[117.52658434,27.57170763],[117.54288422,27.55304038],[117.54529612,27.53699373],[117.56446837,27.52446185],[117.56976132,27.51323041],[117.56649821,27.49914061],[117.57183624,27.49381157],[117.60011014,27.49456009],[117.61361454,27.48373285],[117.62709302,27.44328888],[117.64308906,27.43382871],[117.64348025,27.42272038],[117.63708329,27.40565912],[117.64502543,27.398497],[117.64158801,27.39068699],[117.66521516,27.37476135],[117.6672202,27.36266953],[117.68308046,27.35791752],[117.67897412,27.34399557],[117.69521721,27.32787723],[117.71607098,27.32666536],[117.71209473,27.31615188],[117.71446515,27.30578834],[117.70479272,27.29882885],[117.7033264,27.27683678],[117.69269079,27.25736076],[117.697935,27.23945969],[117.68974772,27.23129511],[117.70103455,27.22607734],[117.71424847,27.22831461],[117.72014346,27.23948485],[117.73194315,27.24143],[117.74291749,27.2566071],[117.75887645,27.25269848],[117.76856651,27.23269505],[117.78164099,27.22449503],[117.78817899,27.21274487],[117.8109942,27.20241046],[117.82561311,27.20354352],[117.83224475,27.18671935],[117.82456329,27.18046069],[117.82283576,27.17048814],[117.83083856,27.17030619],[117.85358942,27.19581061],[117.86055026,27.19809704],[117.87249249,27.18893744],[117.89044959,27.1927279],[117.91369097,27.1765209],[117.90866671,27.15854203],[117.91466309,27.14346727],[117.92780238,27.15140076],[117.94240898,27.14678052],[117.9525719,27.13822806],[117.94993303,27.13003438],[117.95464616,27.11536362],[117.96391573,27.11029866],[117.97895728,27.11466417],[117.99114423,27.11453063],[117.99707262,27.1314169],[118.00696022,27.14118228],[118.02552946,27.13713458],[118.08102817,27.16230343],[118.08591666,27.16922344],[118.10226635,27.16917317],[118.11206877,27.17878234],[118.12704571,27.17430116],[118.13236872,27.18175637],[118.14408017,27.17640415],[118.15787475,27.1809935],[118.15471516,27.20141422],[118.14603324,27.2089438],[118.14497397,27.21836455],[118.15090329,27.23161454],[118.1469095,27.2449592],[118.15644192,27.24722975],[118.16050455,27.26904012],[118.1846964,27.28672989],[118.19374082,27.28416476],[118.23710147,27.29320584],[118.24979001,27.30015398],[118.2598589,27.30038712],[118.26548299,27.2878901],[118.2874934,27.272114],[118.30731695,27.26473098],[118.32848787,27.26575872],[118.34360149,27.27250231],[118.36446326,27.26654279],[118.37604451,27.27436561],[118.38302511,27.27228396],[118.40756179,27.27726787],[118.41423926,27.28943721],[118.43172559,27.28678685],[118.44368139,27.30941302],[118.45586256,27.31876787],[118.46439655,27.31848837],[118.48021345,27.32915429],[118.48958064,27.32611861],[118.51661104,27.33722417],[118.52697428,27.33664839],[118.53772717,27.32726957],[118.55800956,27.33236583],[118.57054155,27.33916657],[118.59039775,27.33187716],[118.6013151,27.33429637],[118.61044536,27.32053415],[118.6251474,27.31683136],[118.64145543,27.33266737],[118.63879117,27.34566225],[118.6101321,27.3534531],[118.58600642,27.3694844],[118.58129433,27.34801218],[118.57340583,27.34023307],[118.56366818,27.34752105],[118.5479681,27.39153808],[118.55104984,27.40715662],[118.56189745,27.42476674],[118.55207352,27.42719286],[118.54389795,27.43619595],[118.5553976,27.46372665],[118.55429487,27.48356215],[118.58590163,27.49824237],[118.5844792,27.50775031],[118.58666565,27.51559464],[118.60608026,27.52995029],[118.62294242,27.55116502],[118.62930479,27.56419379],[118.62602391,27.57094506],[118.60755546,27.56884764],[118.59915439,27.56223538],[118.56795475,27.56890407],[118.54149431,27.56162402],[118.52267752,27.54987907],[118.51145406,27.52717827],[118.50073521,27.51991796],[118.49043172,27.53191468],[118.48033577,27.53625163],[118.47865093,27.54903641],[118.45073136,27.55644847],[118.42773977,27.55688879],[118.42692361,27.56582761],[118.41524535,27.58013216],[118.40451397,27.58689414],[118.39078663,27.58671986],[118.37904806,27.59694111],[118.36793464,27.59446368],[118.36088584,27.60017166],[118.33139561,27.60880239],[118.31955468,27.5835425],[118.30636152,27.57020515],[118.29456532,27.57512637],[118.28783095,27.5663377],[118.27920341,27.56695121],[118.26765278,27.5587332],[118.23806256,27.57036606],[118.21613079,27.56088386],[118.20650548,27.56603454],[118.18768863,27.5663297],[118.17051013,27.57405647],[118.16919057,27.60122831],[118.16558877,27.60780769],[118.16222879,27.63698951],[118.14885081,27.64031924],[118.13706991,27.63252329],[118.14596053,27.59367658],[118.13771316,27.57226588],[118.14277425,27.56543505],[118.12210333,27.54261706],[118.10596194,27.53362963],[118.0980605,27.53651451],[118.09837329,27.51713932],[118.08681724,27.51351672],[118.07590254,27.52299297],[118.06516159,27.52130486],[118.06511856,27.50974247],[118.07821189,27.49721467],[118.06168002,27.48436163],[118.0384369,27.48834861],[118.02939988,27.47881328],[118.01470119,27.48655488],[117.98751285,27.47116667],[117.95587586,27.45783614],[117.94362107,27.46708959],[117.93044722,27.46430999],[117.92570898,27.47039004],[117.90482813,27.46785943],[117.88537928,27.4782671],[117.89079492,27.49074621],[117.87961669,27.49466345],[117.87308174,27.50865715],[117.86337877,27.50638245],[117.85741511,27.52168664],[117.84720778,27.52783356],[117.84226936,27.51564467],[117.81793844,27.50650424],[117.803744,27.49733393],[117.79018373,27.50802931],[117.77531994,27.51218295],[117.78278595,27.52985804],[117.78228309,27.55477477],[117.77173377,27.56142883],[117.75642691,27.56195315],[117.71075711,27.5816304],[117.69891462,27.60489008],[117.7055997,27.61365367],[117.71492452,27.63524813],[117.71962082,27.65547154],[117.70661518,27.66676309],[117.7083512,27.67764664],[117.70403685,27.68738623],[117.69425267,27.69397567],[117.66688082,27.6923773],[117.66583964,27.70773074],[117.65477202,27.70857076],[117.64007654,27.72200303],[117.62809043,27.7271585]]]},"properties":{"gml_id":"layer_county_boundary_pg.2180","Name":"建阳区","layer":"区县","code":"350703000000","grade":3}},
{"type":"Feature","geometry":{"type":"Polygon","coordinates":[[[117.97895728,27.11466417],[117.96391573,27.11029866],[117.95464616,27.11536362],[117.94993303,27.13003438],[117.9525719,27.13822806],[117.94240898,27.14678052],[117.92780238,27.15140076],[117.91466309,27.14346727],[117.90866671,27.15854203],[117.91369097,27.1765209],[117.89044959,27.1927279],[117.87249249,27.18893744],[117.86055026,27.19809704],[117.85358942,27.19581061],[117.83083856,27.17030619],[117.82283576,27.17048814],[117.80109832,27.14765479],[117.78805848,27.11381477],[117.77922879,27.11058207],[117.77295094,27.09908545],[117.75265147,27.09105454],[117.74362152,27.07996968],[117.73752968,27.05796699],[117.73945767,27.04535906],[117.75257651,27.02604287],[117.7400127,27.00706957],[117.74690687,26.99857837],[117.73938707,26.98900252],[117.73380419,26.96750597],[117.71931304,26.95967099],[117.69932723,26.9417584],[117.68541098,26.93975001],[117.67509761,26.94435188],[117.66809283,26.93476058],[117.63168076,26.92454807],[117.62216861,26.94503745],[117.59657442,26.94051999],[117.58343541,26.95418397],[117.58217709,26.97501307],[117.58446837,27.00098914],[117.57721316,27.00555508],[117.56365749,27.00223939],[117.5514642,27.01131806],[117.5412314,26.99634374],[117.52987929,26.98666866],[117.52670201,26.96356756],[117.5066603,26.95754302],[117.49903,26.94815666],[117.50021129,26.9300856],[117.50944699,26.9231046],[117.51954133,26.92897792],[117.53928698,26.92613929],[117.55209737,26.93423611],[117.55739098,26.92677871],[117.57418338,26.92668191],[117.58445933,26.89651997],[117.5969993,26.88910073],[117.60796039,26.87628987],[117.61486034,26.87564569],[117.62562179,26.86192473],[117.62965775,26.84454963],[117.63725175,26.83972226],[117.64761531,26.82324962],[117.66565231,26.80825932],[117.66119094,26.79468468],[117.66646834,26.7873326],[117.65114784,26.77111331],[117.64823126,26.75714596],[117.64091395,26.74531556],[117.62504784,26.73939919],[117.6176099,26.72940021],[117.60650126,26.73074992],[117.59613977,26.71241267],[117.60097273,26.70170784],[117.6004179,26.68823131],[117.63578436,26.67826249],[117.63680784,26.66392578],[117.6400539,26.65967851],[117.66388905,26.66057543],[117.65781253,26.64979862],[117.66261322,26.63819904],[117.6737935,26.64020378],[117.67813376,26.64738693],[117.69072165,26.64445427],[117.69780546,26.65749319],[117.73242161,26.66980076],[117.7411736,26.66192885],[117.7544748,26.66454022],[117.76397371,26.65886508],[117.77378439,26.67013173],[117.7868685,26.66987969],[117.79844088,26.67456648],[117.81362411,26.67525331],[117.821602,26.67098923],[117.83450103,26.67966036],[117.84912683,26.68317984],[117.85381427,26.67839224],[117.87009587,26.67366147],[117.87224017,26.70060736],[117.87928778,26.71477991],[117.88795758,26.7182566],[117.88829592,26.73084201],[117.89715728,26.74728343],[117.89470098,26.77554155],[117.91529541,26.79313502],[117.96708209,26.79310113],[117.96328954,26.8075033],[117.97623993,26.81558514],[117.99167188,26.81550404],[117.99813054,26.82267435],[117.99483237,26.83212073],[117.99934668,26.83975779],[118.02159592,26.83784299],[118.04079139,26.85407804],[118.04730354,26.86409447],[118.05558548,26.85509014],[118.06790608,26.85803342],[118.08498588,26.84910238],[118.08178119,26.83233671],[118.08681747,26.81901391],[118.1004143,26.81985009],[118.10655321,26.82060869],[118.12238966,26.83773852],[118.14763708,26.8512364],[118.15947755,26.85106091],[118.17610969,26.84117985],[118.17748125,26.82675284],[118.18919002,26.82322122],[118.2032859,26.83483925],[118.21318879,26.85340144],[118.22660668,26.85943442],[118.24629955,26.87774498],[118.24036385,26.88857937],[118.24248097,26.90265758],[118.23177144,26.90938195],[118.22275415,26.90746551],[118.21759908,26.91629487],[118.22789282,26.92934212],[118.22795318,26.95158171],[118.21797234,26.95941573],[118.20068371,26.95062173],[118.19498179,26.95913687],[118.17072072,26.97415507],[118.15510402,26.97284621],[118.14505996,26.9662591],[118.14087551,26.9498413],[118.13292233,26.94710776],[118.1167398,26.95993395],[118.08932786,26.97411794],[118.08093198,26.96299877],[118.05030904,27.01042254],[118.03751981,27.01029442],[118.03251925,27.02962806],[118.04412727,27.0412942],[118.02561752,27.05737698],[118.00617977,27.06056149],[117.99047691,27.05369695],[117.98437429,27.05778825],[117.98575443,27.0820682],[117.99555454,27.08688516],[117.9927588,27.09795942],[117.97895728,27.11466417]]]},"properties":{"gml_id":"layer_county_boundary_pg.2181","Name":"顺昌县","layer":"区县","code":"350721000000","grade":3}},
{"type":"Feature","geometry":{"type":"Polygon","coordinates":[[[118.82154221,27.84996082],[118.83101291,27.86986277],[118.82177649,27.87816981],[118.82410332,27.89016017],[118.81563036,27.89869766],[118.81362565,27.92003448],[118.79888523,27.9216117],[118.79972806,27.93039856],[118.74862538,27.95127166],[118.72505268,27.97583925],[118.72763111,27.99414931],[118.72169262,28.00368228],[118.72172749,28.01746033],[118.72862055,28.02972095],[118.72779641,28.03922983],[118.71549396,28.04872285],[118.71392248,28.06692096],[118.73088709,28.07881811],[118.73828444,28.09179258],[118.75865283,28.09800059],[118.76871598,28.11127276],[118.78048828,28.1100299],[118.79747903,28.12062139],[118.79561247,28.13676777],[118.80105568,28.15640316],[118.79326865,28.17222242],[118.77804891,28.17595092],[118.75605684,28.17068033],[118.76440021,28.18905074],[118.77724128,28.19649778],[118.78991721,28.20925461],[118.79931915,28.21122343],[118.80756631,28.2289278],[118.79722681,28.24376489],[118.77631319,28.24639891],[118.74961417,28.25674942],[118.73598303,28.27079018],[118.73444695,28.28065522],[118.72243052,28.28441859],[118.72488765,28.30426306],[118.71746447,28.31376474],[118.69443165,28.31325878],[118.68505628,28.29435856],[118.6700123,28.27482195],[118.66186976,28.27310957],[118.64852868,28.28057793],[118.63550083,28.27692283],[118.62773284,28.26474051],[118.61833401,28.26009371],[118.59103069,28.26045497],[118.59332193,28.27412442],[118.5797661,28.28778569],[118.55384308,28.28574271],[118.54157218,28.28882166],[118.54147575,28.27841413],[118.50927525,28.27296363],[118.50073431,28.28321377],[118.49065687,28.27639506],[118.48799116,28.26599161],[118.49783557,28.25038358],[118.48574309,28.24168367],[118.47606356,28.24922026],[118.45883971,28.24623808],[118.44989863,28.24942302],[118.43353095,28.2643912],[118.42531696,28.28388143],[118.42793852,28.29624596],[118.39097661,28.27797994],[118.38331864,28.26982566],[118.3683676,28.26898866],[118.35934658,28.25694064],[118.34828626,28.25496076],[118.33974442,28.238625],[118.33408413,28.23908541],[118.30983121,28.22608649],[118.31437101,28.21768798],[118.3290584,28.21004188],[118.33464857,28.19703907],[118.36747278,28.19189219],[118.37401988,28.17035839],[118.3542328,28.15371526],[118.36330606,28.13228378],[118.35167263,28.12703521],[118.3544157,28.11503281],[118.34758278,28.09023521],[118.30312114,28.09262467],[118.28700369,28.08583685],[118.26994065,28.08626916],[118.24743362,28.07246323],[118.23953513,28.04385111],[118.24711134,28.03704556],[118.24055931,28.02456055],[118.25629755,27.99831743],[118.25204893,27.99273708],[118.25261739,27.97501711],[118.24909762,27.96508733],[118.26454265,27.94623023],[118.26633017,27.9295481],[118.2474145,27.91060155],[118.25833058,27.8817234],[118.24228587,27.8787953],[118.22886889,27.86645967],[118.21631004,27.86548135],[118.21116403,27.84498041],[118.21854065,27.8382672],[118.21171042,27.82689723],[118.1907154,27.82319953],[118.19150579,27.81620479],[118.22117164,27.79837358],[118.22105036,27.78709388],[118.21033161,27.78110394],[118.21348998,27.77009011],[118.23449326,27.76731466],[118.25032372,27.77783345],[118.26677535,27.77308932],[118.27504595,27.75933367],[118.28099942,27.75971971],[118.29550248,27.74582889],[118.29324668,27.70786436],[118.30169189,27.69865344],[118.31336605,27.70363969],[118.31848753,27.6848243],[118.29455674,27.67124811],[118.32467616,27.63850432],[118.31990182,27.62438183],[118.33139561,27.60880239],[118.36088584,27.60017166],[118.36793464,27.59446368],[118.37904806,27.59694111],[118.39078663,27.58671986],[118.40451397,27.58689414],[118.41524535,27.58013216],[118.42692361,27.56582761],[118.42773977,27.55688879],[118.45073136,27.55644847],[118.47865093,27.54903641],[118.48033577,27.53625163],[118.49043172,27.53191468],[118.50073521,27.51991796],[118.51145406,27.52717827],[118.52267752,27.54987907],[118.54149431,27.56162402],[118.56795475,27.56890407],[118.55967569,27.60780277],[118.56850191,27.61611638],[118.55737626,27.63663737],[118.56453594,27.64512799],[118.61581711,27.64545429],[118.63458145,27.65748892],[118.64885038,27.6733854],[118.66621019,27.67792931],[118.6794742,27.70345435],[118.6724258,27.71881416],[118.67420492,27.73314333],[118.68176574,27.75156836],[118.67568059,27.76171196],[118.69272144,27.78696375],[118.70235772,27.78431532],[118.71726459,27.7987768],[118.74681006,27.81460642],[118.77447087,27.83230159],[118.81374691,27.84308314],[118.82154221,27.84996082]]]},"properties":{"gml_id":"layer_county_boundary_pg.2182","Name":"浦城县","layer":"区县","code":"350722000000","grade":3}},
{"type":"Feature","geometry":{"type":"Polygon","coordinates":[[[117.67743668,27.82706608],[117.66815622,27.83182044],[117.66059576,27.84671918],[117.6449286,27.85508822],[117.60507412,27.86689313],[117.59758497,27.8729949],[117.59858252,27.88936636],[117.5905284,27.90298328],[117.58116494,27.90905344],[117.58372345,27.92176374],[117.57418599,27.94917745],[117.56461303,27.93876676],[117.55543174,27.95068947],[117.5586428,27.96008406],[117.5530277,27.96828131],[117.52724309,27.97731842],[117.51664529,27.98573315],[117.50626448,27.97781294],[117.49965825,27.95759001],[117.47759206,27.94262606],[117.47255701,27.93442437],[117.44872507,27.94308073],[117.4245697,27.91623259],[117.39920363,27.89630228],[117.36123453,27.88545298],[117.34379278,27.859693],[117.32774201,27.86521541],[117.33085819,27.8814092],[117.32242941,27.89728589],[117.31282092,27.89726519],[117.29814298,27.87537389],[117.27451862,27.87226259],[117.27146292,27.85129333],[117.28841286,27.84640959],[117.29784702,27.83340965],[117.29255299,27.80165646],[117.30040771,27.77868827],[117.28947111,27.7671554],[117.27431805,27.77101652],[117.27458607,27.75308492],[117.26297456,27.74366107],[117.25934634,27.73213598],[117.24930524,27.73245372],[117.23885593,27.7213653],[117.22261789,27.72246905],[117.19857668,27.71454986],[117.19750952,27.68676961],[117.18106966,27.68582885],[117.16744969,27.68127717],[117.1377342,27.69196021],[117.12777596,27.69040974],[117.11624636,27.69726335],[117.10902254,27.69510034],[117.09456579,27.68023663],[117.09684012,27.6658878],[117.10661679,27.64844231],[117.10326569,27.63405283],[117.088808,27.63084678],[117.07345771,27.64527265],[117.07347498,27.65398116],[117.0557887,27.67212381],[117.03562896,27.6733558],[117.01529648,27.65622952],[117.01231034,27.63630303],[116.99839498,27.62920137],[117.01107755,27.61714481],[117.00849005,27.60991522],[117.01940204,27.5955913],[117.011737,27.56667108],[117.01496628,27.56026274],[117.04968404,27.54570597],[117.06861213,27.56286433],[117.07965671,27.56714797],[117.08709782,27.54935898],[117.09703092,27.54310071],[117.09677886,27.51983645],[117.10511367,27.49800944],[117.1004083,27.49162488],[117.10489654,27.4618871],[117.1201953,27.45505795],[117.12093223,27.43752359],[117.1275309,27.42542193],[117.12228649,27.40975853],[117.10212672,27.39662362],[117.09392092,27.38226],[117.0988093,27.36979472],[117.09504963,27.34221792],[117.10423501,27.32993088],[117.1243529,27.325512],[117.1373494,27.31929328],[117.13195801,27.30609396],[117.15195136,27.30491094],[117.16961671,27.30989478],[117.1754067,27.3042818],[117.19542273,27.30713904],[117.20391152,27.31566685],[117.21965463,27.31154284],[117.24170762,27.31209814],[117.24977923,27.32388241],[117.2633523,27.32455717],[117.25994972,27.35324994],[117.25413531,27.36108729],[117.2620511,27.37119657],[117.26507141,27.386495],[117.25795518,27.39753586],[117.25959483,27.40727961],[117.27460033,27.40978586],[117.27812456,27.42330911],[117.27579867,27.43222471],[117.28888685,27.44694998],[117.30364975,27.43620794],[117.31253793,27.44648455],[117.32526394,27.44611131],[117.34134089,27.45823814],[117.35260001,27.45425058],[117.36903475,27.45864095],[117.38586989,27.45942843],[117.39472679,27.46499938],[117.39081948,27.50062843],[117.3824499,27.50616479],[117.38983886,27.52681143],[117.41929816,27.53419626],[117.43270515,27.55138416],[117.4422301,27.54653806],[117.45200649,27.55495364],[117.46627124,27.55039025],[117.47520433,27.56106182],[117.48369548,27.5848385],[117.49212435,27.58283164],[117.51948475,27.58823971],[117.52283454,27.58065575],[117.53871809,27.58961426],[117.54138254,27.60471743],[117.54901106,27.61766329],[117.54354346,27.62098655],[117.54664995,27.64224484],[117.56361681,27.65616955],[117.5812436,27.65961176],[117.60348648,27.68063774],[117.59929402,27.69049113],[117.60720024,27.69885734],[117.61522874,27.71862815],[117.62809043,27.7271585],[117.63142409,27.7480133],[117.63921788,27.74835744],[117.6473759,27.77069543],[117.66966696,27.78558573],[117.67358223,27.79973527],[117.66938873,27.80775844],[117.67743668,27.82706608]]]},"properties":{"gml_id":"layer_county_boundary_pg.2183","Name":"光泽县","layer":"区县","code":"350723000000","grade":3}},
{"type":"Feature","geometry":{"type":"Polygon","coordinates":[[[118.8848162,27.48473669],[118.88567462,27.49750823],[118.86893328,27.52112648],[118.8531892,27.5200485],[118.86452419,27.54328253],[118.88438193,27.55088135],[118.89140316,27.56652192],[118.90447296,27.57143241],[118.89941306,27.5793725],[118.90408281,27.61484219],[118.89798966,27.6270717],[118.89906632,27.64226435],[118.89066494,27.65895052],[118.87523424,27.67134228],[118.86999183,27.68618032],[118.87589419,27.69270058],[118.87382907,27.70869921],[118.89540362,27.7084004],[118.89244475,27.7174679],[118.87598105,27.73456488],[118.86751,27.73782772],[118.84924873,27.77759805],[118.8352832,27.78264444],[118.83465825,27.79191158],[118.84675764,27.79938597],[118.84239235,27.81589293],[118.83405055,27.82400117],[118.83065639,27.84155059],[118.82154221,27.84996082],[118.81374691,27.84308314],[118.77447087,27.83230159],[118.74681006,27.81460642],[118.71726459,27.7987768],[118.70235772,27.78431532],[118.69272144,27.78696375],[118.67568059,27.76171196],[118.68176574,27.75156836],[118.67420492,27.73314333],[118.6724258,27.71881416],[118.6794742,27.70345435],[118.66621019,27.67792931],[118.64885038,27.6733854],[118.63458145,27.65748892],[118.61581711,27.64545429],[118.56453594,27.64512799],[118.55737626,27.63663737],[118.56850191,27.61611638],[118.55967569,27.60780277],[118.56795475,27.56890407],[118.59915439,27.56223538],[118.60755546,27.56884764],[118.62602391,27.57094506],[118.62930479,27.56419379],[118.62294242,27.55116502],[118.60608026,27.52995029],[118.58666565,27.51559464],[118.5844792,27.50775031],[118.59084919,27.49934433],[118.61021947,27.4928666],[118.62000916,27.49536466],[118.6599262,27.47322931],[118.66532467,27.46278398],[118.65661878,27.43806304],[118.66462128,27.43509523],[118.6707931,27.42328783],[118.69126264,27.40797543],[118.72179581,27.40038214],[118.74271167,27.41379295],[118.75113396,27.42572288],[118.77453243,27.42890446],[118.78429933,27.42322476],[118.79490017,27.43432789],[118.81943238,27.43000676],[118.8309684,27.42175544],[118.84479575,27.42643171],[118.84706096,27.43797417],[118.86382158,27.44747095],[118.87597214,27.45881678],[118.87631932,27.47351275],[118.8848162,27.48473669]]]},"properties":{"gml_id":"layer_county_boundary_pg.2184","Name":"松溪县","layer":"区县","code":"350724000000","grade":3}},
{"type":"Feature","geometry":{"type":"Polygon","coordinates":[[[119.24100102,27.32333801],[119.23789404,27.33633383],[119.2500873,27.35173735],[119.24903812,27.36825165],[119.26307152,27.3726],[119.27044788,27.38243244],[119.26007725,27.3987778],[119.25509525,27.41388508],[119.25725664,27.42385386],[119.24326655,27.42437067],[119.2191135,27.42009099],[119.20456752,27.4253035],[119.18981989,27.42190926],[119.17530782,27.43135419],[119.1635282,27.42797547],[119.13372506,27.43747188],[119.12345432,27.43482061],[119.11634362,27.44137137],[119.12085848,27.45525947],[119.11853995,27.466248],[119.12571202,27.47586326],[119.1100225,27.48586709],[119.08305507,27.46714185],[119.06744341,27.47530667],[119.06137398,27.47000392],[119.05029537,27.48067827],[119.03218508,27.48371876],[119.0158893,27.50108046],[118.99405742,27.49954372],[118.98588049,27.50660313],[118.97796523,27.4993121],[118.98561159,27.49179687],[118.98348484,27.48048409],[118.96125751,27.47667299],[118.95365398,27.45507773],[118.92868587,27.46695913],[118.90613031,27.46424886],[118.89307782,27.48236776],[118.8848162,27.48473669],[118.87631932,27.47351275],[118.87597214,27.45881678],[118.86382158,27.44747095],[118.84706096,27.43797417],[118.84479575,27.42643171],[118.8309684,27.42175544],[118.81943238,27.43000676],[118.79490017,27.43432789],[118.78429933,27.42322476],[118.77453243,27.42890446],[118.75113396,27.42572288],[118.74271167,27.41379295],[118.72179581,27.40038214],[118.69126264,27.40797543],[118.6707931,27.42328783],[118.66462128,27.43509523],[118.65661878,27.43806304],[118.66532467,27.46278398],[118.6599262,27.47322931],[118.62000916,27.49536466],[118.61021947,27.4928666],[118.59084919,27.49934433],[118.5844792,27.50775031],[118.58590163,27.49824237],[118.55429487,27.48356215],[118.5553976,27.46372665],[118.54389795,27.43619595],[118.55207352,27.42719286],[118.56189745,27.42476674],[118.55104984,27.40715662],[118.5479681,27.39153808],[118.56366818,27.34752105],[118.57340583,27.34023307],[118.58129433,27.34801218],[118.58600642,27.3694844],[118.6101321,27.3534531],[118.63879117,27.34566225],[118.64145543,27.33266737],[118.65055986,27.32300945],[118.6824172,27.31491813],[118.70154142,27.31660386],[118.72117154,27.30862201],[118.73418536,27.31193571],[118.75115969,27.30031536],[118.75606527,27.28620396],[118.77682399,27.28753158],[118.78441217,27.29779061],[118.8158987,27.29338764],[118.85359686,27.28375323],[118.84705216,27.27756914],[118.85522812,27.26215769],[118.85594057,27.23139627],[118.86715401,27.22059789],[118.88333944,27.2208491],[118.88124784,27.21224902],[118.89496954,27.19724824],[118.9170211,27.19092422],[118.93273766,27.17891799],[118.93908222,27.17493025],[118.95974645,27.17192553],[118.98311187,27.16204891],[118.986688,27.12999813],[118.99488174,27.12525356],[118.98766846,27.10578305],[119.00897904,27.09966737],[119.01706157,27.10579209],[119.03793111,27.10563777],[119.05906329,27.1013102],[119.06710345,27.10422357],[119.08833308,27.10035698],[119.0887491,27.08604698],[119.10067087,27.08002449],[119.10262423,27.07168758],[119.11495339,27.06250119],[119.1148578,27.05622289],[119.13141438,27.05946607],[119.12944425,27.07413119],[119.12265467,27.09054402],[119.13891627,27.09102929],[119.15541057,27.09525157],[119.15637433,27.11072693],[119.18057524,27.11961554],[119.19080902,27.11244947],[119.20017436,27.11845353],[119.20016548,27.12956637],[119.181105,27.13645173],[119.18683425,27.16506092],[119.17315408,27.18008499],[119.17359724,27.20275874],[119.19656378,27.21246625],[119.20216256,27.2352438],[119.23014345,27.2273812],[119.22984822,27.21494623],[119.25677887,27.20614308],[119.26576172,27.21797949],[119.24064528,27.24195129],[119.22855544,27.23858746],[119.21299401,27.25531076],[119.20355045,27.27819846],[119.2057902,27.30058555],[119.21244764,27.31479281],[119.22392055,27.31575864],[119.23111554,27.32421856],[119.24100102,27.32333801]]]},"properties":{"gml_id":"layer_county_boundary_pg.2185","Name":"政和县","layer":"区县","code":"350725000000","grade":3}},
{"type":"Feature","geometry":{"type":"Polygon","coordinates":[[[117.5412314,26.99634374],[117.5514642,27.01131806],[117.56365749,27.00223939],[117.57721316,27.00555508],[117.58446837,27.00098914],[117.58217709,26.97501307],[117.58343541,26.95418397],[117.59657442,26.94051999],[117.62216861,26.94503745],[117.63168076,26.92454807],[117.66809283,26.93476058],[117.67509761,26.94435188],[117.68541098,26.93975001],[117.69932723,26.9417584],[117.71931304,26.95967099],[117.73380419,26.96750597],[117.73938707,26.98900252],[117.74690687,26.99857837],[117.7400127,27.00706957],[117.75257651,27.02604287],[117.73945767,27.04535906],[117.73752968,27.05796699],[117.74362152,27.07996968],[117.75265147,27.09105454],[117.77295094,27.09908545],[117.77922879,27.11058207],[117.78805848,27.11381477],[117.80109832,27.14765479],[117.82283576,27.17048814],[117.82456329,27.18046069],[117.83224475,27.18671935],[117.82561311,27.20354352],[117.8109942,27.20241046],[117.78817899,27.21274487],[117.78164099,27.22449503],[117.76856651,27.23269505],[117.75887645,27.25269848],[117.74291749,27.2566071],[117.73194315,27.24143],[117.72014346,27.23948485],[117.71424847,27.22831461],[117.70103455,27.22607734],[117.68974772,27.23129511],[117.697935,27.23945969],[117.69269079,27.25736076],[117.7033264,27.27683678],[117.70479272,27.29882885],[117.71446515,27.30578834],[117.71209473,27.31615188],[117.71607098,27.32666536],[117.69521721,27.32787723],[117.67897412,27.34399557],[117.68308046,27.35791752],[117.6672202,27.36266953],[117.66521516,27.37476135],[117.64158801,27.39068699],[117.64502543,27.398497],[117.63708329,27.40565912],[117.64348025,27.42272038],[117.64308906,27.43382871],[117.62709302,27.44328888],[117.61361454,27.48373285],[117.60011014,27.49456009],[117.57183624,27.49381157],[117.56649821,27.49914061],[117.56976132,27.51323041],[117.56446837,27.52446185],[117.54529612,27.53699373],[117.54288422,27.55304038],[117.52658434,27.57170763],[117.52283454,27.58065575],[117.51948475,27.58823971],[117.49212435,27.58283164],[117.48369548,27.5848385],[117.47520433,27.56106182],[117.46627124,27.55039025],[117.45200649,27.55495364],[117.4422301,27.54653806],[117.43270515,27.55138416],[117.41929816,27.53419626],[117.38983886,27.52681143],[117.3824499,27.50616479],[117.39081948,27.50062843],[117.39472679,27.46499938],[117.38586989,27.45942843],[117.36903475,27.45864095],[117.35260001,27.45425058],[117.34134089,27.45823814],[117.32526394,27.44611131],[117.31253793,27.44648455],[117.30364975,27.43620794],[117.28888685,27.44694998],[117.27579867,27.43222471],[117.27812456,27.42330911],[117.27460033,27.40978586],[117.25959483,27.40727961],[117.25795518,27.39753586],[117.26507141,27.386495],[117.2620511,27.37119657],[117.25413531,27.36108729],[117.25994972,27.35324994],[117.2633523,27.32455717],[117.24977923,27.32388241],[117.24170762,27.31209814],[117.21965463,27.31154284],[117.20391152,27.31566685],[117.19542273,27.30713904],[117.1754067,27.3042818],[117.16961671,27.30989478],[117.15195136,27.30491094],[117.1667172,27.29344281],[117.16099662,27.27024829],[117.14924242,27.26407319],[117.14461513,27.24454583],[117.11525296,27.21905572],[117.11113782,27.21084743],[117.0919137,27.20864507],[117.07921955,27.18589928],[117.0641379,27.17833074],[117.04363852,27.15542919],[117.03853369,27.14297689],[117.04805818,27.10462945],[117.04940362,27.10429296],[117.05883308,27.11293037],[117.06778421,27.10080892],[117.08147697,27.09726363],[117.09728822,27.11039936],[117.11706664,27.09646395],[117.13442193,27.10207188],[117.14424112,27.1106451],[117.15580449,27.11343884],[117.17504938,27.09643969],[117.18546061,27.07428185],[117.19499926,27.06226523],[117.23547914,27.0464801],[117.23898562,27.03680679],[117.25017226,27.03821342],[117.25728884,27.05146425],[117.27687706,27.06116539],[117.28032485,27.07914015],[117.27549972,27.09398863],[117.28450932,27.10426153],[117.28314697,27.11535523],[117.26742955,27.1172659],[117.27116049,27.12959605],[117.28153255,27.13240853],[117.29661629,27.1231508],[117.31983541,27.11688938],[117.32421824,27.11039481],[117.34250897,27.09952186],[117.36051407,27.10468885],[117.37811276,27.10262129],[117.37666867,27.07403758],[117.39017049,27.07061486],[117.40038185,27.05562235],[117.42638983,27.06697823],[117.43309315,27.0615245],[117.43066226,27.0496881],[117.43991762,27.04578173],[117.44638607,27.00829993],[117.47303078,27.01694598],[117.48015841,27.01226271],[117.50054096,27.01277529],[117.52456741,27.00725046],[117.52839516,26.99873267],[117.5412314,26.99634374]]]},"properties":{"gml_id":"layer_county_boundary_pg.2186","Name":"邵武市","layer":"区县","code":"350781000000","grade":3}},
{"type":"Feature","geometry":{"type":"Polygon","coordinates":[[[118.24743362,28.07246323],[118.23756598,28.07878517],[118.22006104,28.06256584],[118.20538407,28.06054106],[118.19438744,28.05319488],[118.17922394,28.05452992],[118.14865108,28.06500074],[118.12990742,28.05678004],[118.11552991,28.04491996],[118.12390788,28.02027924],[118.11816841,28.01562126],[118.09936223,28.01947661],[118.0880487,28.00289981],[118.08676294,27.98461128],[118.09176435,27.97354969],[118.07887047,27.96815822],[118.06695738,27.9722676],[118.06551594,27.98054665],[118.05570461,27.98578359],[118.03753374,27.98330443],[118.02912913,27.99136925],[118.01400608,27.98442365],[118.00147998,27.98365972],[117.99298106,27.99444916],[117.98061271,27.97488635],[117.96019873,27.96599973],[117.93783375,27.97751871],[117.91535586,27.96685571],[117.90725921,27.95352977],[117.88610104,27.95191442],[117.86646997,27.94519203],[117.85099412,27.9492782],[117.83136028,27.93115496],[117.81006713,27.92396502],[117.79421048,27.90467268],[117.78037152,27.89598375],[117.78327141,27.88618579],[117.77739371,27.86929082],[117.78299308,27.85908999],[117.77266971,27.84168535],[117.75719878,27.83344981],[117.74920207,27.8152926],[117.73682044,27.80440899],[117.72579361,27.80671405],[117.71128547,27.81949094],[117.70051976,27.83628202],[117.67743668,27.82706608],[117.66938873,27.80775844],[117.67358223,27.79973527],[117.66966696,27.78558573],[117.6473759,27.77069543],[117.63921788,27.74835744],[117.63142409,27.7480133],[117.62809043,27.7271585],[117.64007654,27.72200303],[117.65477202,27.70857076],[117.66583964,27.70773074],[117.66688082,27.6923773],[117.69425267,27.69397567],[117.70403685,27.68738623],[117.7083512,27.67764664],[117.70661518,27.66676309],[117.71962082,27.65547154],[117.71492452,27.63524813],[117.7055997,27.61365367],[117.69891462,27.60489008],[117.71075711,27.5816304],[117.75642691,27.56195315],[117.77173377,27.56142883],[117.78228309,27.55477477],[117.78278595,27.52985804],[117.77531994,27.51218295],[117.79018373,27.50802931],[117.803744,27.49733393],[117.81793844,27.50650424],[117.84226936,27.51564467],[117.84720778,27.52783356],[117.85741511,27.52168664],[117.86337877,27.50638245],[117.87308174,27.50865715],[117.87961669,27.49466345],[117.89079492,27.49074621],[117.88537928,27.4782671],[117.90482813,27.46785943],[117.92570898,27.47039004],[117.93044722,27.46430999],[117.94362107,27.46708959],[117.95587586,27.45783614],[117.98751285,27.47116667],[118.01470119,27.48655488],[118.02939988,27.47881328],[118.0384369,27.48834861],[118.06168002,27.48436163],[118.07821189,27.49721467],[118.06511856,27.50974247],[118.06516159,27.52130486],[118.07590254,27.52299297],[118.08681724,27.51351672],[118.09837329,27.51713932],[118.0980605,27.53651451],[118.10596194,27.53362963],[118.12210333,27.54261706],[118.14277425,27.56543505],[118.13771316,27.57226588],[118.14596053,27.59367658],[118.13706991,27.63252329],[118.14885081,27.64031924],[118.16222879,27.63698951],[118.16558877,27.60780769],[118.16919057,27.60122831],[118.17051013,27.57405647],[118.18768863,27.5663297],[118.20650548,27.56603454],[118.21613079,27.56088386],[118.23806256,27.57036606],[118.26765278,27.5587332],[118.27920341,27.56695121],[118.28783095,27.5663377],[118.29456532,27.57512637],[118.30636152,27.57020515],[118.31955468,27.5835425],[118.33139561,27.60880239],[118.31990182,27.62438183],[118.32467616,27.63850432],[118.29455674,27.67124811],[118.31848753,27.6848243],[118.31336605,27.70363969],[118.30169189,27.69865344],[118.29324668,27.70786436],[118.29550248,27.74582889],[118.28099942,27.75971971],[118.27504595,27.75933367],[118.26677535,27.77308932],[118.25032372,27.77783345],[118.23449326,27.76731466],[118.21348998,27.77009011],[118.21033161,27.78110394],[118.22105036,27.78709388],[118.22117164,27.79837358],[118.19150579,27.81620479],[118.1907154,27.82319953],[118.21171042,27.82689723],[118.21854065,27.8382672],[118.21116403,27.84498041],[118.21631004,27.86548135],[118.22886889,27.86645967],[118.24228587,27.8787953],[118.25833058,27.8817234],[118.2474145,27.91060155],[118.26633017,27.9295481],[118.26454265,27.94623023],[118.24909762,27.96508733],[118.25261739,27.97501711],[118.25204893,27.99273708],[118.25629755,27.99831743],[118.24055931,28.02456055],[118.24711134,28.03704556],[118.23953513,28.04385111],[118.24743362,28.07246323]]]},"properties":{"gml_id":"layer_county_boundary_pg.2187","Name":"武夷山市","layer":"区县","code":"350782000000","grade":3}},
{"type":"Feature","geometry":{"type":"Polygon","coordinates":[[[118.69130327,26.87551681],[118.68757864,26.88563613],[118.69356885,26.89154766],[118.69850868,26.90955176],[118.6885942,26.93145196],[118.66710989,26.95074011],[118.67663263,26.96696583],[118.69179865,26.96379641],[118.69501051,26.95367068],[118.70735557,26.94772793],[118.73009282,26.95978593],[118.7424312,26.95295037],[118.77788008,26.95043503],[118.78742972,26.95640575],[118.78811583,26.96873256],[118.79913337,26.97972777],[118.81998541,26.98479197],[118.83302314,26.99202949],[118.8412087,27.00950262],[118.83715538,27.01695932],[118.84300573,27.02706791],[118.85563461,27.02561878],[118.8695555,27.03875114],[118.87556211,27.0576497],[118.89369161,27.07605197],[118.89783315,27.09390013],[118.91140629,27.10035678],[118.91825356,27.11341363],[118.94560019,27.11054352],[118.95332345,27.12184021],[118.94169482,27.13057668],[118.94345584,27.14281776],[118.92792983,27.14251516],[118.93420522,27.1611745],[118.92508303,27.1724156],[118.93273766,27.17891799],[118.9170211,27.19092422],[118.89496954,27.19724824],[118.88124784,27.21224902],[118.88333944,27.2208491],[118.86715401,27.22059789],[118.85594057,27.23139627],[118.85522812,27.26215769],[118.84705216,27.27756914],[118.85359686,27.28375323],[118.8158987,27.29338764],[118.78441217,27.29779061],[118.77682399,27.28753158],[118.75606527,27.28620396],[118.75115969,27.30031536],[118.73418536,27.31193571],[118.72117154,27.30862201],[118.70154142,27.31660386],[118.6824172,27.31491813],[118.65055986,27.32300945],[118.64145543,27.33266737],[118.6251474,27.31683136],[118.61044536,27.32053415],[118.6013151,27.33429637],[118.59039775,27.33187716],[118.57054155,27.33916657],[118.55800956,27.33236583],[118.53772717,27.32726957],[118.52697428,27.33664839],[118.51661104,27.33722417],[118.48958064,27.32611861],[118.48021345,27.32915429],[118.46439655,27.31848837],[118.45586256,27.31876787],[118.44368139,27.30941302],[118.43172559,27.28678685],[118.41423926,27.28943721],[118.40756179,27.27726787],[118.38302511,27.27228396],[118.37604451,27.27436561],[118.36446326,27.26654279],[118.34360149,27.27250231],[118.32848787,27.26575872],[118.30731695,27.26473098],[118.2874934,27.272114],[118.26548299,27.2878901],[118.2598589,27.30038712],[118.24979001,27.30015398],[118.23710147,27.29320584],[118.19374082,27.28416476],[118.1846964,27.28672989],[118.16050455,27.26904012],[118.15644192,27.24722975],[118.1469095,27.2449592],[118.15090329,27.23161454],[118.14497397,27.21836455],[118.14603324,27.2089438],[118.15471516,27.20141422],[118.15787475,27.1809935],[118.14408017,27.17640415],[118.13236872,27.18175637],[118.12704571,27.17430116],[118.11206877,27.17878234],[118.10226635,27.16917317],[118.08591666,27.16922344],[118.08102817,27.16230343],[118.02552946,27.13713458],[118.00696022,27.14118228],[117.99707262,27.1314169],[117.99114423,27.11453063],[117.97895728,27.11466417],[117.9927588,27.09795942],[117.99555454,27.08688516],[117.98575443,27.0820682],[117.98437429,27.05778825],[117.99047691,27.05369695],[118.00617977,27.06056149],[118.02561752,27.05737698],[118.04412727,27.0412942],[118.03251925,27.02962806],[118.03751981,27.01029442],[118.05030904,27.01042254],[118.08093198,26.96299877],[118.08932786,26.97411794],[118.1167398,26.95993395],[118.13292233,26.94710776],[118.14087551,26.9498413],[118.14505996,26.9662591],[118.15510402,26.97284621],[118.17072072,26.97415507],[118.19498179,26.95913687],[118.20068371,26.95062173],[118.21797234,26.95941573],[118.22795318,26.95158171],[118.22789282,26.92934212],[118.21759908,26.91629487],[118.22275415,26.90746551],[118.23177144,26.90938195],[118.24248097,26.90265758],[118.24036385,26.88857937],[118.24629955,26.87774498],[118.22660668,26.85943442],[118.21318879,26.85340144],[118.2032859,26.83483925],[118.18919002,26.82322122],[118.17748125,26.82675284],[118.17610969,26.84117985],[118.15947755,26.85106091],[118.14763708,26.8512364],[118.12238966,26.83773852],[118.10655321,26.82060869],[118.1004143,26.81985009],[118.11237043,26.80747164],[118.12316286,26.81417124],[118.13942407,26.81060744],[118.16408743,26.81001234],[118.1683836,26.79496256],[118.18050941,26.77984899],[118.19349427,26.77941845],[118.21150453,26.76664426],[118.2223183,26.77996762],[118.23677737,26.78383238],[118.24885836,26.79857839],[118.25777872,26.80057926],[118.24993499,26.83291494],[118.25846508,26.84696847],[118.25797959,26.86741783],[118.27847922,26.86930696],[118.28536149,26.86349223],[118.28616829,26.84080532],[118.28162892,26.83286079],[118.291246,26.81412924],[118.28327828,26.80529295],[118.28764379,26.79822389],[118.2781133,26.78111162],[118.28093437,26.77089434],[118.29443016,26.76853316],[118.29054244,26.75499456],[118.29250297,26.74028078],[118.30389903,26.74097367],[118.31251834,26.7329065],[118.32035677,26.71829849],[118.31884602,26.71080772],[118.33138054,26.70254312],[118.34081738,26.70341367],[118.37227916,26.68738433],[118.37787888,26.67982434],[118.39459318,26.69387938],[118.4222986,26.69105528],[118.42369704,26.67442999],[118.43476706,26.67815466],[118.44604564,26.66014048],[118.46736852,26.64898645],[118.46877449,26.6566735],[118.47944393,26.66105369],[118.49348071,26.65332015],[118.51511112,26.66052412],[118.52279269,26.66623652],[118.52452931,26.69103514],[118.53254046,26.69005765],[118.54118425,26.70127345],[118.55446294,26.6998823],[118.56864417,26.70826985],[118.57649837,26.70478121],[118.58330197,26.71297192],[118.59801232,26.71146661],[118.60253454,26.73348202],[118.6087479,26.73995026],[118.60899069,26.75424992],[118.61950086,26.77474877],[118.62445746,26.79456571],[118.63287613,26.79825894],[118.63682519,26.81871599],[118.62952548,26.83485402],[118.62115089,26.84336692],[118.62720024,26.85579735],[118.64456749,26.85814544],[118.65858505,26.86657537],[118.66789085,26.86297237],[118.68569467,26.86803808],[118.69130327,26.87551681]]]},"properties":{"gml_id":"layer_county_boundary_pg.2188","Name":"建瓯市","layer":"区县","code":"350783000000","grade":3}},
{"type":"Feature","geometry":{"type":"MultiPolygon","coordinates":[[[[118.06719172,24.47661024],[118.0653686,24.45785517],[118.08395728,24.43393309],[118.10122739,24.42707016],[118.12966142,24.42234223],[118.1383172,24.42351317],[118.15166106,24.43709062],[118.19411198,24.4710511],[118.20204976,24.4843104],[118.19968932,24.50759336],[118.19028925,24.50171358],[118.15665275,24.48689567],[118.13959374,24.48325341],[118.14078276,24.49198567],[118.1232636,24.49286111],[118.1206153,24.50419078],[118.10549099,24.50253833],[118.0831412,24.49063259],[118.06719172,24.47661024]]],[[[118.06637518,24.43783107],[118.07280925,24.44540678],[118.06230365,24.45629589],[118.05157194,24.44780247],[118.06637518,24.43783107]]]]},"properties":{"gml_id":"layer_county_boundary_pg.2189","Name":"思明区","layer":"区县","code":"350203000000","grade":3}},
{"type":"Feature","geometry":{"type":"Polygon","coordinates":[[[118.04407936,24.42099366],[118.04728282,24.44775162],[118.05961185,24.46665162],[118.07969453,24.53257591],[118.08466077,24.53873414],[118.06681826,24.54272049],[118.01853685,24.54711027],[117.99500379,24.55096535],[117.98188765,24.55583342],[117.98318113,24.56874464],[117.96880786,24.58220703],[117.95551048,24.5821095],[117.9409473,24.59769792],[117.94094717,24.6138736],[117.94973095,24.63267195],[117.93876336,24.64642933],[117.92562956,24.63565157],[117.91375786,24.61576707],[117.88768645,24.61461123],[117.88869325,24.60080306],[117.8813336,24.5931829],[117.90612913,24.57569936],[117.90379822,24.55837881],[117.90846379,24.54967616],[117.90876674,24.53543155],[117.92657602,24.52965356],[117.93281584,24.51641194],[117.95386148,24.50417954],[117.95763769,24.48331231],[117.95210908,24.46213893],[117.95935533,24.44699061],[117.9702922,24.43777469],[117.98030845,24.43639161],[117.9877294,24.42591522],[118.00068981,24.42142398],[118.02358981,24.42327588],[118.04407936,24.42099366]]]},"properties":{"gml_id":"layer_county_boundary_pg.2190","Name":"海沧区","layer":"区县","code":"350205000000","grade":3}},
{"type":"Feature","geometry":{"type":"Polygon","coordinates":[[[118.19968932,24.50759336],[118.19683385,24.52837361],[118.18688671,24.53960841],[118.16535909,24.54862168],[118.15072373,24.55049181],[118.13761463,24.56430199],[118.10673433,24.55794129],[118.09530829,24.55074082],[118.084077,24.53519099],[118.07073371,24.49734562],[118.06719172,24.47661024],[118.0831412,24.49063259],[118.10549099,24.50253833],[118.1206153,24.50419078],[118.1232636,24.49286111],[118.14078276,24.49198567],[118.13959374,24.48325341],[118.15665275,24.48689567],[118.19028925,24.50171358],[118.19968932,24.50759336]]]},"properties":{"gml_id":"layer_county_boundary_pg.2191","Name":"湖里区","layer":"区县","code":"350206000000","grade":3}},
{"type":"Feature","geometry":{"type":"Polygon","coordinates":[[[117.93984516,24.75340145],[117.93717243,24.73671744],[117.9436645,24.71469545],[117.95079828,24.71146338],[117.96066614,24.6769867],[117.95002599,24.65223148],[117.93876336,24.64642933],[117.94973095,24.63267195],[117.94094717,24.6138736],[117.9409473,24.59769792],[117.95551048,24.5821095],[117.96880786,24.58220703],[117.98318113,24.56874464],[117.98188765,24.55583342],[117.99500379,24.55096535],[118.01853685,24.54711027],[118.06681826,24.54272049],[118.08466077,24.53873414],[118.09340128,24.55073972],[118.100944,24.55442136],[118.11641281,24.57252276],[118.14561105,24.58622162],[118.14040166,24.59338936],[118.1266501,24.59852166],[118.11953916,24.60717482],[118.11931332,24.62765723],[118.08810863,24.64446695],[118.08001607,24.66261824],[118.05255355,24.66883904],[118.03797617,24.68539865],[118.02385973,24.70811138],[118.02231362,24.72169193],[118.00595028,24.73939306],[117.98720893,24.73549802],[117.97739148,24.74712343],[117.9625763,24.75224717],[117.95491161,24.74078316],[117.93984516,24.75340145]]]},"properties":{"gml_id":"layer_county_boundary_pg.2192","Name":"集美区","layer":"区县","code":"350211000000","grade":3}},
{"type":"Feature","geometry":{"type":"Polygon","coordinates":[[[118.14561105,24.58622162],[118.14818936,24.58287787],[118.15330178,24.59544272],[118.18438697,24.65019783],[118.1837271,24.66854057],[118.20704059,24.6947206],[118.21451399,24.68946372],[118.2231409,24.69982255],[118.23403263,24.70211912],[118.23246219,24.71652179],[118.24397903,24.7194326],[118.23760033,24.73252783],[118.22515457,24.74054697],[118.23417971,24.75941477],[118.2482838,24.75916282],[118.25821168,24.77025183],[118.25164212,24.77842656],[118.2566233,24.79217456],[118.25601505,24.81036696],[118.23890094,24.82152931],[118.22551,24.82542044],[118.22475446,24.8339839],[118.21942577,24.84125057],[118.22107523,24.85366554],[118.19230275,24.86919927],[118.18906487,24.87626293],[118.19928075,24.8849162],[118.19014999,24.8954322],[118.17205213,24.89596253],[118.15667823,24.90031711],[118.15023779,24.89567304],[118.13298688,24.8974357],[118.12057229,24.89113781],[118.10470102,24.877841],[118.08057117,24.86639416],[118.05414171,24.86909022],[118.03719426,24.88579954],[118.03619545,24.89837319],[118.01421452,24.90555861],[118.00421294,24.89557355],[117.99214785,24.9026921],[117.98547239,24.89570027],[117.99975996,24.89057769],[118.00682685,24.87796308],[117.99215645,24.88009013],[117.98620987,24.87389397],[117.99324965,24.86154121],[117.96638596,24.85100505],[117.95303739,24.87111623],[117.94269195,24.87408216],[117.93173946,24.869431],[117.92549965,24.87850556],[117.91301946,24.88251241],[117.90834219,24.87331645],[117.92455365,24.86247282],[117.9356618,24.84764641],[117.95163993,24.84804538],[117.95821897,24.84410813],[117.95440861,24.82693842],[117.95657043,24.79106101],[117.95043399,24.76857944],[117.94316081,24.76543012],[117.93984516,24.75340145],[117.95491161,24.74078316],[117.9625763,24.75224717],[117.97739148,24.74712343],[117.98720893,24.73549802],[118.00595028,24.73939306],[118.02231362,24.72169193],[118.02385973,24.70811138],[118.03797617,24.68539865],[118.05255355,24.66883904],[118.08001607,24.66261824],[118.08810863,24.64446695],[118.11931332,24.62765723],[118.11953916,24.60717482],[118.1266501,24.59852166],[118.14040166,24.59338936],[118.14561105,24.58622162]]]},"properties":{"gml_id":"layer_county_boundary_pg.2193","Name":"同安区","layer":"区县","code":"350212000000","grade":3}},
{"type":"Feature","geometry":{"type":"Polygon","coordinates":[[[118.22475446,24.8339839],[118.22551,24.82542044],[118.23890094,24.82152931],[118.25601505,24.81036696],[118.2566233,24.79217456],[118.25164212,24.77842656],[118.25821168,24.77025183],[118.2482838,24.75916282],[118.23417971,24.75941477],[118.22515457,24.74054697],[118.23760033,24.73252783],[118.24397903,24.7194326],[118.23246219,24.71652179],[118.23403263,24.70211912],[118.2231409,24.69982255],[118.21451399,24.68946372],[118.20704059,24.6947206],[118.1837271,24.66854057],[118.18438697,24.65019783],[118.15330178,24.59544272],[118.14818936,24.58287787],[118.16454309,24.56197233],[118.20025349,24.53600965],[118.23818102,24.51533088],[118.28521231,24.52549691],[118.34203209,24.53324596],[118.35870815,24.53290495],[118.37065516,24.53908867],[118.36864814,24.55026697],[118.37258279,24.56423701],[118.35863553,24.57082455],[118.36895785,24.57829988],[118.3507306,24.57847916],[118.34827353,24.58779078],[118.33694502,24.59512315],[118.33801236,24.60745775],[118.32482684,24.60807855],[118.34213579,24.63330706],[118.33848192,24.64483477],[118.34597245,24.65180553],[118.34730932,24.66705918],[118.33393229,24.67647697],[118.33401955,24.68476762],[118.31770002,24.69515333],[118.31720545,24.70093706],[118.33174484,24.72111243],[118.3275782,24.73213266],[118.31743955,24.73599181],[118.31210153,24.7516188],[118.33030388,24.75522793],[118.33993126,24.77442649],[118.32809902,24.77783619],[118.31780431,24.78656908],[118.32252559,24.79393234],[118.30724954,24.80768465],[118.29648645,24.82890096],[118.27964815,24.8353025],[118.25900946,24.82810758],[118.24738022,24.83419146],[118.23187989,24.82609024],[118.22475446,24.8339839]]]},"properties":{"gml_id":"layer_county_boundary_pg.2194","Name":"翔安区","layer":"区县","code":"350213000000","grade":3}},
{"type":"Feature","geometry":{"type":"MultiPolygon","coordinates":[[[[119.75632007,26.61662396],[119.7719237,26.6031684],[119.7932844,26.61482142],[119.80701191,26.61221113],[119.81430959,26.62446434],[119.79435662,26.63463943],[119.75571779,26.62425629],[119.75632007,26.61662396]]],[[[119.4836032,26.97172746],[119.475039,26.9598537],[119.45189806,26.95376244],[119.43665224,26.94646472],[119.42981547,26.91374978],[119.42238626,26.9034766],[119.39586664,26.89166718],[119.3962828,26.90354453],[119.38462167,26.90069459],[119.37686718,26.90632067],[119.36092055,26.90064269],[119.35593008,26.8917378],[119.33743503,26.89085519],[119.31749973,26.89989198],[119.32273337,26.91425771],[119.30887914,26.9150857],[119.30223596,26.92057434],[119.28031212,26.9194629],[119.27607187,26.91046899],[119.25810254,26.91922959],[119.24688526,26.93011424],[119.25005737,26.93908562],[119.2379151,26.94937866],[119.23037206,26.96350102],[119.22319422,26.95058049],[119.21315851,26.94247484],[119.19868978,26.9386306],[119.22432786,26.91697552],[119.21833156,26.89362662],[119.20595561,26.87366358],[119.20498187,26.85073472],[119.21635611,26.83066186],[119.20383435,26.82110626],[119.19680082,26.83058035],[119.17842201,26.82089744],[119.17677044,26.79709391],[119.18446878,26.78857599],[119.20039032,26.78742515],[119.1966931,26.77256432],[119.17453308,26.76726437],[119.17130364,26.75009698],[119.15062544,26.7424632],[119.1388802,26.73304403],[119.16047863,26.71538699],[119.17102657,26.71747669],[119.17365605,26.73097984],[119.17960221,26.73316069],[119.20736,26.72685951],[119.22345097,26.73572482],[119.23575777,26.74672999],[119.24410728,26.73231464],[119.25141475,26.69678349],[119.25739447,26.68976548],[119.3041317,26.68581196],[119.32445225,26.67964296],[119.3382984,26.66051377],[119.35145891,26.6345031],[119.36523747,26.64294482],[119.37991864,26.64683547],[119.3864826,26.63935225],[119.38303576,26.62614033],[119.4014338,26.62062097],[119.40959503,26.62670538],[119.44414465,26.63389177],[119.46174416,26.63055496],[119.46907017,26.63466756],[119.49580825,26.62460375],[119.50192731,26.610604],[119.5262139,26.58345608],[119.51977314,26.57704193],[119.53015441,26.56454262],[119.5516615,26.55826557],[119.56866284,26.54380491],[119.58086477,26.54073343],[119.59114082,26.54427537],[119.60589443,26.53090252],[119.61807955,26.52462885],[119.63342406,26.53171819],[119.64728592,26.52836803],[119.67054069,26.54108704],[119.67734626,26.56253472],[119.694795,26.57264133],[119.7292793,26.56416292],[119.74506421,26.57784578],[119.75906822,26.58043948],[119.77809909,26.57010392],[119.79546266,26.55024476],[119.79484741,26.55956831],[119.78523548,26.57029584],[119.78383011,26.5866131],[119.76496056,26.59511679],[119.74802389,26.5995634],[119.73546963,26.6140706],[119.72330577,26.61752126],[119.69467408,26.61359704],[119.66560996,26.62146665],[119.65646089,26.61348734],[119.62238834,26.60116688],[119.61621321,26.59570573],[119.60347344,26.59761072],[119.5733915,26.62579462],[119.57961516,26.63736195],[119.58737422,26.63618825],[119.61499352,26.65265674],[119.62373958,26.67987201],[119.63645524,26.68869946],[119.62867995,26.70230836],[119.63321634,26.70651986],[119.65313987,26.70408761],[119.65978174,26.7253102],[119.65232995,26.7316287],[119.64884751,26.74816873],[119.6381285,26.75404031],[119.60999056,26.75335653],[119.6059642,26.76419098],[119.60632785,26.78215976],[119.59039425,26.78874446],[119.59961927,26.80714621],[119.62660225,26.82956698],[119.62203692,26.83925583],[119.60232735,26.84016597],[119.59709361,26.84557247],[119.60485713,26.85927832],[119.61779899,26.87159921],[119.61388239,26.875531],[119.59042716,26.87086979],[119.5688102,26.87953491],[119.55273705,26.8824243],[119.55936778,26.91834511],[119.55451593,26.92833302],[119.53462376,26.95129845],[119.52096261,26.95849447],[119.50572099,26.97353697],[119.4836032,26.97172746]]],[[[119.66366405,26.63189604],[119.68989822,26.63347741],[119.71607756,26.63944446],[119.75419717,26.6628804],[119.75822281,26.67832711],[119.74439776,26.68447714],[119.70827489,26.67187056],[119.68723949,26.67446922],[119.66938671,26.68429634],[119.65231132,26.67339059],[119.64742354,26.65241999],[119.65405851,26.63782242],[119.66366405,26.63189604]]]]},"properties":{"gml_id":"layer_county_boundary_pg.2195","Name":"蕉城区","layer":"区县","code":"350902000000","grade":3}},
{"type":"Feature","geometry":{"type":"MultiPolygon","coordinates":[[[[119.95060954,27.09358215],[119.93574222,27.09573584],[119.92275588,27.10383886],[119.92021502,27.11372576],[119.89732089,27.10580957],[119.88045438,27.110896],[119.86732261,27.10984193],[119.84648332,27.10024551],[119.83151071,27.10658496],[119.80071083,27.10778718],[119.7868297,27.09760362],[119.77873181,27.09809313],[119.77817728,27.08997181],[119.79125102,27.07447461],[119.80733734,27.0626016],[119.81008991,27.05127778],[119.82376183,27.0447441],[119.81299854,27.01973297],[119.83537682,27.01252577],[119.8479274,27.0028004],[119.85927944,26.9866052],[119.84295523,26.97098345],[119.84439492,26.96117248],[119.83040868,26.95641645],[119.84078673,26.93685229],[119.82812288,26.93240519],[119.83046245,26.92106423],[119.8229069,26.90255432],[119.82823275,26.8844923],[119.84621818,26.84832183],[119.82154882,26.83679391],[119.80105345,26.83108371],[119.78407213,26.82178547],[119.77602451,26.80363157],[119.78144129,26.75554157],[119.78454083,26.70588879],[119.79296291,26.69143226],[119.8059484,26.68760986],[119.82601932,26.69438789],[119.84811919,26.68560375],[119.85807516,26.67740421],[119.85397803,26.66342503],[119.85705073,26.64893024],[119.86964435,26.64643929],[119.90395263,26.66495679],[119.89489149,26.69672139],[119.90886392,26.71659294],[119.92547598,26.72897963],[119.93404196,26.75280451],[119.92038981,26.77372244],[119.92801451,26.78361517],[119.93879343,26.7882495],[119.95463926,26.78630649],[119.97524203,26.77834296],[119.9912046,26.78474772],[120.02450427,26.78533275],[120.04778864,26.78994803],[120.05854557,26.7775795],[120.05495962,26.76938027],[120.03665789,26.75192049],[120.02795062,26.75096729],[120.01612621,26.74238552],[120.01511636,26.73171221],[119.98959213,26.72393222],[119.98481577,26.71369516],[119.96624123,26.69500804],[119.97272499,26.68071434],[119.96690056,26.67121846],[119.96584489,26.65636907],[119.95369869,26.65213952],[119.95684188,26.64095359],[119.95261003,26.63202116],[119.93605115,26.62657412],[119.91421039,26.62485586],[119.89766897,26.62808227],[119.88807829,26.62028582],[119.84760714,26.59888102],[119.83897134,26.58643767],[119.84007345,26.57242083],[119.83055993,26.56462631],[119.8321654,26.55298746],[119.82580267,26.54453314],[119.82410899,26.52764975],[119.83472631,26.51768748],[119.86268396,26.51237956],[119.8894334,26.51755356],[119.89787993,26.53401832],[119.90754599,26.54353487],[119.92935561,26.54863736],[119.93477028,26.55937584],[119.94334604,26.56414402],[119.93371178,26.5800735],[119.94264287,26.59321218],[119.96342895,26.60111505],[119.9795292,26.59690263],[120.00331382,26.59895317],[120.05543762,26.62911527],[120.06356477,26.63065306],[120.0746955,26.61945709],[120.08939465,26.61685826],[120.09929278,26.62367003],[120.13363005,26.64120565],[120.1329013,26.65460209],[120.12337697,26.6517817],[120.11093553,26.66700536],[120.11283723,26.67340983],[120.10485851,26.69298962],[120.12347196,26.70855154],[120.14589739,26.71274003],[120.1575644,26.72099545],[120.16137534,26.73475669],[120.15127119,26.75345862],[120.1219882,26.74441468],[120.10976373,26.74660858],[120.10229645,26.75601286],[120.11961946,26.78418804],[120.13257738,26.79136507],[120.11729971,26.80132548],[120.09782512,26.79886961],[120.08969882,26.81782677],[120.09791789,26.82996884],[120.07806403,26.82547462],[120.04240559,26.82828452],[120.03237852,26.84896235],[120.03340249,26.86345505],[120.04394232,26.86718908],[120.06605662,26.86686471],[120.07894041,26.87469991],[120.09914474,26.87612944],[120.11364474,26.88601508],[120.11716117,26.89871541],[120.11262058,26.9180031],[120.12228244,26.92356597],[120.13396027,26.91846225],[120.14094845,26.92527038],[120.15174812,26.92104383],[120.17623631,26.92364376],[120.18571535,26.91791429],[120.21875787,26.91758307],[120.228965,26.91121264],[120.23328708,26.92118563],[120.24341492,26.93015122],[120.23939736,26.94283149],[120.24671302,26.97646554],[120.25176462,26.9799419],[120.24131468,26.99103035],[120.23636784,27.00216609],[120.21664887,27.00055478],[120.2021634,27.00434776],[120.19398655,27.01150124],[120.18515947,27.03149968],[120.16478742,27.04272183],[120.15955285,27.06257642],[120.16728664,27.07010874],[120.17865859,27.06762571],[120.18588927,27.07491563],[120.15268553,27.0853713],[120.14272832,27.08352559],[120.13404809,27.07069376],[120.11420113,27.06679875],[120.11597215,27.05585141],[120.09497786,27.05755659],[120.0696509,27.05440333],[120.05130499,27.05762037],[120.01339153,27.07825959],[119.98715878,27.08041888],[119.98151729,27.07252203],[119.95954819,27.08479637],[119.95060954,27.09358215]]],[[[119.80308537,26.67691194],[119.81178013,26.6686444],[119.82157081,26.67506169],[119.80500595,26.68574323],[119.80308537,26.67691194]]],[[[119.90249776,26.69329807],[119.90453267,26.68247768],[119.92129543,26.67856415],[119.92434699,26.66768965],[119.93489785,26.67416965],[119.94758972,26.69211142],[119.93537967,26.69779057],[119.92820286,26.69452455],[119.90249776,26.69329807]]],[[[120.12821328,26.53361854],[120.14258589,26.53117937],[120.14713845,26.54025676],[120.13904759,26.54601542],[120.12821328,26.53361854]]],[[[120.34433888,26.70468602],[120.35331512,26.69820727],[120.36666499,26.70037448],[120.35494126,26.71207323],[120.34433888,26.70468602]]],[[[120.24527083,26.93745152],[120.24342185,26.91737426],[120.26364676,26.92884842],[120.24527083,26.93745152]]],[[[120.02993185,26.49202593],[120.04364234,26.49780204],[120.06156382,26.50066563],[120.06706873,26.52446769],[120.04472083,26.52343851],[120.03209014,26.51231825],[120.02269867,26.49564102],[120.02993185,26.49202593]]],[[[120.13148734,26.55416859],[120.14599263,26.56344666],[120.14633093,26.57196347],[120.16344982,26.57710818],[120.1667385,26.60215324],[120.15855847,26.60881558],[120.14641467,26.60577952],[120.13233061,26.59127288],[120.13013793,26.58461107],[120.11343776,26.57229624],[120.12195697,26.55787827],[120.13148734,26.55416859]]]]},"properties":{"gml_id":"layer_county_boundary_pg.2196","Name":"霞浦县","layer":"区县","code":"350921000000","grade":3}},
{"type":"Feature","geometry":{"type":"Polygon","coordinates":[[[118.57649837,26.70478121],[118.57718361,26.69644895],[118.56769845,26.68696533],[118.57385964,26.67856354],[118.59419337,26.6727018],[118.58952391,26.64171973],[118.5820432,26.63132873],[118.58017694,26.61688372],[118.58416913,26.608808],[118.57622812,26.56862068],[118.58627799,26.55673419],[118.59999848,26.55433383],[118.60641267,26.55830372],[118.61675716,26.55208483],[118.6105431,26.54387162],[118.61060429,26.52707937],[118.60082256,26.50941776],[118.60406859,26.49309957],[118.59718633,26.48108068],[118.57159308,26.47407874],[118.55749934,26.46183233],[118.55785529,26.44430254],[118.56165588,26.43221621],[118.54499274,26.41646292],[118.54625935,26.39488552],[118.55750757,26.39049298],[118.55854894,26.37065263],[118.56867663,26.37490967],[118.58281364,26.37206052],[118.59357562,26.35450647],[118.60491852,26.36546819],[118.61934283,26.36964269],[118.6576018,26.34558016],[118.65872145,26.33262919],[118.64739378,26.32301348],[118.66138553,26.29718411],[118.66186289,26.27869377],[118.67668127,26.28814745],[118.68679393,26.30092138],[118.68715822,26.3143623],[118.70676094,26.32998792],[118.71581671,26.34370424],[118.74233226,26.34285774],[118.74868743,26.33757535],[118.76874294,26.33195563],[118.78944082,26.34379922],[118.79422407,26.36390419],[118.7751681,26.37660713],[118.76150268,26.39597838],[118.74853162,26.40184896],[118.75750041,26.42427154],[118.7264087,26.44178451],[118.73033331,26.44862716],[118.73092404,26.47390326],[118.75015433,26.48849053],[118.74173211,26.50668582],[118.74342228,26.51414732],[118.75750962,26.51492812],[118.77810366,26.50900051],[118.77800735,26.49827088],[118.79842691,26.49028985],[118.80000712,26.47170252],[118.79278425,26.46372862],[118.80421713,26.45451072],[118.80361806,26.44040526],[118.8113095,26.43089988],[118.82174348,26.42942185],[118.85019701,26.44299545],[118.85560684,26.45687813],[118.86401274,26.45982059],[118.86752739,26.46998977],[118.90197673,26.48151442],[118.92170345,26.48113441],[118.93368804,26.46915985],[118.94562203,26.47296784],[118.94957919,26.48635493],[118.94636857,26.49513609],[118.93452207,26.50134687],[118.94369455,26.51399099],[118.94918003,26.5290356],[118.96349145,26.53589318],[118.97919291,26.53702041],[118.99032111,26.53216011],[118.99664018,26.54687669],[118.98907954,26.5570463],[119.00392333,26.56811099],[119.0091229,26.57681565],[119.01090265,26.59308738],[119.02139753,26.59101715],[119.02357788,26.60173032],[119.03996028,26.59930122],[119.05282687,26.60690102],[119.06908071,26.59591765],[119.07195477,26.58949201],[119.06043254,26.5826011],[119.06712726,26.57040868],[119.09106597,26.57140871],[119.10736818,26.55454832],[119.11204654,26.54180833],[119.1315517,26.54524154],[119.15447744,26.54452319],[119.16232796,26.55264913],[119.17741418,26.55761023],[119.19125052,26.57220583],[119.19966098,26.56674033],[119.21028476,26.54924394],[119.21064896,26.54007275],[119.21967495,26.52860012],[119.23653851,26.53161322],[119.24888012,26.55191094],[119.27438726,26.53839879],[119.28031569,26.57369366],[119.29420189,26.59477943],[119.31118956,26.59460378],[119.31730609,26.5774602],[119.33994482,26.59061612],[119.34653211,26.60620317],[119.35566908,26.6021811],[119.36652201,26.60474164],[119.38303576,26.62614033],[119.3864826,26.63935225],[119.37991864,26.64683547],[119.36523747,26.64294482],[119.35145891,26.6345031],[119.3382984,26.66051377],[119.32445225,26.67964296],[119.3041317,26.68581196],[119.25739447,26.68976548],[119.25141475,26.69678349],[119.24410728,26.73231464],[119.23575777,26.74672999],[119.22345097,26.73572482],[119.20736,26.72685951],[119.17960221,26.73316069],[119.17365605,26.73097984],[119.17102657,26.71747669],[119.16047863,26.71538699],[119.1388802,26.73304403],[119.13233399,26.73776484],[119.11444027,26.73948995],[119.07205933,26.73478382],[119.05557978,26.73095667],[119.03803369,26.73657033],[119.0403945,26.74985391],[119.05010981,26.7712668],[119.04214858,26.78175372],[119.02746739,26.77812548],[119.0179094,26.76360017],[118.99890691,26.76165462],[118.97802258,26.77835466],[118.95690493,26.77323159],[118.95029174,26.77542188],[118.93404498,26.77020807],[118.92057587,26.75161499],[118.90183098,26.74943093],[118.8886305,26.74300534],[118.87765123,26.74458376],[118.87813783,26.75514324],[118.89071321,26.76777973],[118.91047391,26.78143718],[118.91428486,26.79193527],[118.90850529,26.80858363],[118.89342148,26.81000595],[118.88307652,26.81754286],[118.87165481,26.81062668],[118.84506143,26.80121985],[118.82893313,26.79001623],[118.79628413,26.78437692],[118.78506802,26.78755687],[118.77340793,26.80590361],[118.75259715,26.81567271],[118.73368745,26.818286],[118.71808533,26.84542375],[118.71597605,26.85510413],[118.7327408,26.85988117],[118.69331673,26.872804],[118.69130327,26.87551681],[118.68569467,26.86803808],[118.66789085,26.86297237],[118.65858505,26.86657537],[118.64456749,26.85814544],[118.62720024,26.85579735],[118.62115089,26.84336692],[118.62952548,26.83485402],[118.63682519,26.81871599],[118.63287613,26.79825894],[118.62445746,26.79456571],[118.61950086,26.77474877],[118.60899069,26.75424992],[118.6087479,26.73995026],[118.60253454,26.73348202],[118.59801232,26.71146661],[118.58330197,26.71297192],[118.57649837,26.70478121]]]},"properties":{"gml_id":"layer_county_boundary_pg.2197","Name":"古田县","layer":"区县","code":"350922000000","grade":3}},
{"type":"Feature","geometry":{"type":"Polygon","coordinates":[[[119.1148578,27.05622289],[119.11495339,27.06250119],[119.10262423,27.07168758],[119.10067087,27.08002449],[119.0887491,27.08604698],[119.08833308,27.10035698],[119.06710345,27.10422357],[119.05906329,27.1013102],[119.03793111,27.10563777],[119.01706157,27.10579209],[119.00897904,27.09966737],[118.98766846,27.10578305],[118.99488174,27.12525356],[118.986688,27.12999813],[118.98311187,27.16204891],[118.95974645,27.17192553],[118.93908222,27.17493025],[118.93273766,27.17891799],[118.92508303,27.1724156],[118.93420522,27.1611745],[118.92792983,27.14251516],[118.94345584,27.14281776],[118.94169482,27.13057668],[118.95332345,27.12184021],[118.94560019,27.11054352],[118.91825356,27.11341363],[118.91140629,27.10035678],[118.89783315,27.09390013],[118.89369161,27.07605197],[118.87556211,27.0576497],[118.8695555,27.03875114],[118.85563461,27.02561878],[118.84300573,27.02706791],[118.83715538,27.01695932],[118.8412087,27.00950262],[118.83302314,26.99202949],[118.81998541,26.98479197],[118.79913337,26.97972777],[118.78811583,26.96873256],[118.78742972,26.95640575],[118.77788008,26.95043503],[118.7424312,26.95295037],[118.73009282,26.95978593],[118.70735557,26.94772793],[118.69501051,26.95367068],[118.69179865,26.96379641],[118.67663263,26.96696583],[118.66710989,26.95074011],[118.6885942,26.93145196],[118.69850868,26.90955176],[118.69356885,26.89154766],[118.68757864,26.88563613],[118.69130327,26.87551681],[118.69331673,26.872804],[118.7327408,26.85988117],[118.71597605,26.85510413],[118.71808533,26.84542375],[118.73368745,26.818286],[118.75259715,26.81567271],[118.77340793,26.80590361],[118.78506802,26.78755687],[118.79628413,26.78437692],[118.82893313,26.79001623],[118.84506143,26.80121985],[118.87165481,26.81062668],[118.88307652,26.81754286],[118.89342148,26.81000595],[118.90850529,26.80858363],[118.91428486,26.79193527],[118.91047391,26.78143718],[118.89071321,26.76777973],[118.87813783,26.75514324],[118.87765123,26.74458376],[118.8886305,26.74300534],[118.90183098,26.74943093],[118.92057587,26.75161499],[118.93404498,26.77020807],[118.95029174,26.77542188],[118.95690493,26.77323159],[118.97802258,26.77835466],[118.99890691,26.76165462],[119.0179094,26.76360017],[119.02746739,26.77812548],[119.04214858,26.78175372],[119.05010981,26.7712668],[119.0403945,26.74985391],[119.03803369,26.73657033],[119.05557978,26.73095667],[119.07205933,26.73478382],[119.11444027,26.73948995],[119.13233399,26.73776484],[119.1388802,26.73304403],[119.15062544,26.7424632],[119.17130364,26.75009698],[119.17453308,26.76726437],[119.1966931,26.77256432],[119.20039032,26.78742515],[119.18446878,26.78857599],[119.17677044,26.79709391],[119.17842201,26.82089744],[119.19680082,26.83058035],[119.20383435,26.82110626],[119.21635611,26.83066186],[119.20498187,26.85073472],[119.20595561,26.87366358],[119.21833156,26.89362662],[119.22432786,26.91697552],[119.19868978,26.9386306],[119.19066087,26.95625139],[119.20321218,26.96610626],[119.17156508,26.98373891],[119.16295391,26.99668822],[119.15095689,27.0019697],[119.14250976,27.01411584],[119.13976645,27.03142256],[119.12559773,27.03684178],[119.1148578,27.05622289]]]},"properties":{"gml_id":"layer_county_boundary_pg.2198","Name":"屏南县","layer":"区县","code":"350923000000","grade":3}},
{"type":"Feature","geometry":{"type":"Polygon","coordinates":[[[119.73455737,27.39053302],[119.72024573,27.40446066],[119.70472863,27.40929212],[119.70003554,27.42793052],[119.6848699,27.43409704],[119.69875809,27.4505389],[119.70525783,27.46570291],[119.69822156,27.50351238],[119.70389699,27.5175082],[119.69551654,27.52853243],[119.67942712,27.54102116],[119.65472812,27.54302088],[119.66739722,27.55968858],[119.67043532,27.57768367],[119.64085373,27.5815439],[119.62631533,27.58605127],[119.62189871,27.62385347],[119.63654013,27.62874291],[119.64292837,27.6438813],[119.63504767,27.65601261],[119.63945685,27.66684744],[119.63056897,27.67205121],[119.60169397,27.67814408],[119.59043178,27.67027393],[119.57434506,27.67323344],[119.56190739,27.66710514],[119.54550445,27.66716502],[119.53238329,27.66221517],[119.52118526,27.66356818],[119.51569239,27.65335125],[119.50670491,27.65668945],[119.49651005,27.64800255],[119.49314187,27.62908059],[119.49611542,27.61142778],[119.48385003,27.60197398],[119.4769688,27.58880972],[119.47995689,27.57355826],[119.46973986,27.54242476],[119.46158754,27.52955456],[119.44672322,27.5166034],[119.43346552,27.5118311],[119.42783,27.51605058],[119.42186541,27.53407651],[119.41162852,27.54268732],[119.38989544,27.5422879],[119.37176689,27.53801134],[119.35501091,27.52745322],[119.33983531,27.51358928],[119.33890657,27.49413011],[119.33539068,27.48695607],[119.28014304,27.4608329],[119.27156839,27.43871471],[119.26297549,27.42468348],[119.25725664,27.42385386],[119.25509525,27.41388508],[119.26007725,27.3987778],[119.27044788,27.38243244],[119.26307152,27.3726],[119.24903812,27.36825165],[119.2500873,27.35173735],[119.23789404,27.33633383],[119.24100102,27.32333801],[119.23790289,27.31270954],[119.26182068,27.30403785],[119.27919665,27.30274493],[119.29610361,27.29178401],[119.30974815,27.30206886],[119.35000017,27.29617688],[119.36675599,27.287099],[119.39410613,27.26033935],[119.40924793,27.25909962],[119.42362651,27.26752795],[119.43077242,27.25543033],[119.43527851,27.22179379],[119.4234007,27.21010096],[119.40659988,27.20701345],[119.38959918,27.19634362],[119.39250744,27.17951437],[119.43218803,27.18280913],[119.43329034,27.19518953],[119.46151634,27.21204342],[119.47635363,27.21861405],[119.48934843,27.23326348],[119.51663019,27.23403875],[119.53730512,27.22806473],[119.55965314,27.22733367],[119.58237376,27.2210757],[119.59194615,27.2047765],[119.60680364,27.21224759],[119.61298373,27.22175382],[119.61346059,27.24792985],[119.61123065,27.26911754],[119.6161342,27.27888215],[119.61514242,27.2947795],[119.6250142,27.29937097],[119.61696948,27.3097046],[119.6054278,27.30344353],[119.60105779,27.31139373],[119.60372592,27.34075283],[119.61788208,27.34856005],[119.62411442,27.35826245],[119.64505307,27.36435827],[119.67191829,27.36764173],[119.68979274,27.37986494],[119.69268934,27.3915872],[119.71451744,27.40088501],[119.7259346,27.39094492],[119.73455737,27.39053302]]]},"properties":{"gml_id":"layer_county_boundary_pg.2199","Name":"寿宁县","layer":"区县","code":"350924000000","grade":3}},
{"type":"Feature","geometry":{"type":"Polygon","coordinates":[[[119.1148578,27.05622289],[119.12559773,27.03684178],[119.13976645,27.03142256],[119.14250976,27.01411584],[119.15095689,27.0019697],[119.16295391,26.99668822],[119.17156508,26.98373891],[119.20321218,26.96610626],[119.19066087,26.95625139],[119.19868978,26.9386306],[119.21315851,26.94247484],[119.22319422,26.95058049],[119.23037206,26.96350102],[119.2379151,26.94937866],[119.25005737,26.93908562],[119.24688526,26.93011424],[119.25810254,26.91922959],[119.27607187,26.91046899],[119.28031212,26.9194629],[119.30223596,26.92057434],[119.30887914,26.9150857],[119.32273337,26.91425771],[119.31749973,26.89989198],[119.33743503,26.89085519],[119.35593008,26.8917378],[119.36092055,26.90064269],[119.37686718,26.90632067],[119.38462167,26.90069459],[119.3962828,26.90354453],[119.39586664,26.89166718],[119.42238626,26.9034766],[119.42981547,26.91374978],[119.43665224,26.94646472],[119.45189806,26.95376244],[119.475039,26.9598537],[119.4836032,26.97172746],[119.4752251,26.98014494],[119.47054606,27.00071532],[119.46369615,27.01078123],[119.44314614,27.0191575],[119.44197333,27.0299862],[119.44766957,27.03832441],[119.42783841,27.04530261],[119.40195466,27.03360655],[119.38862751,27.04246819],[119.41219185,27.06938588],[119.41982397,27.0742309],[119.44690396,27.08335599],[119.45057656,27.10353418],[119.41958048,27.10128292],[119.41077633,27.12112921],[119.40039961,27.11318363],[119.3925339,27.123401],[119.39337615,27.13351198],[119.38633466,27.14719838],[119.39250744,27.17951437],[119.38959918,27.19634362],[119.40659988,27.20701345],[119.4234007,27.21010096],[119.43527851,27.22179379],[119.43077242,27.25543033],[119.42362651,27.26752795],[119.40924793,27.25909962],[119.39410613,27.26033935],[119.36675599,27.287099],[119.35000017,27.29617688],[119.30974815,27.30206886],[119.29610361,27.29178401],[119.27919665,27.30274493],[119.26182068,27.30403785],[119.23790289,27.31270954],[119.24100102,27.32333801],[119.23111554,27.32421856],[119.22392055,27.31575864],[119.21244764,27.31479281],[119.2057902,27.30058555],[119.20355045,27.27819846],[119.21299401,27.25531076],[119.22855544,27.23858746],[119.24064528,27.24195129],[119.26576172,27.21797949],[119.25677887,27.20614308],[119.22984822,27.21494623],[119.23014345,27.2273812],[119.20216256,27.2352438],[119.19656378,27.21246625],[119.17359724,27.20275874],[119.17315408,27.18008499],[119.18683425,27.16506092],[119.181105,27.13645173],[119.20016548,27.12956637],[119.20017436,27.11845353],[119.19080902,27.11244947],[119.18057524,27.11961554],[119.15637433,27.11072693],[119.15541057,27.09525157],[119.13891627,27.09102929],[119.12265467,27.09054402],[119.12944425,27.07413119],[119.13141438,27.05946607],[119.1148578,27.05622289]]]},"properties":{"gml_id":"layer_county_boundary_pg.2200","Name":"周宁县","layer":"区县","code":"350925000000","grade":3}},
{"type":"Feature","geometry":{"type":"Polygon","coordinates":[[[119.92803114,27.31976502],[119.89897539,27.3210246],[119.88133301,27.31121116],[119.86691928,27.31879817],[119.85234763,27.31818515],[119.84178249,27.32740667],[119.83060742,27.31628159],[119.8387788,27.30400116],[119.8158307,27.29938744],[119.79117072,27.31369916],[119.78588071,27.30586125],[119.76593919,27.30891127],[119.77960644,27.29822087],[119.76595084,27.27453687],[119.76827749,27.26384721],[119.75025329,27.26790212],[119.74598104,27.2628949],[119.77124822,27.24370769],[119.76041949,27.22361371],[119.74769938,27.21104793],[119.74267066,27.19890123],[119.72882145,27.19635907],[119.72547037,27.18624309],[119.73925637,27.17857231],[119.73687136,27.16566154],[119.72746011,27.1616784],[119.72408728,27.15063696],[119.73665547,27.13700962],[119.74625605,27.12152048],[119.76834456,27.11993051],[119.76897817,27.09972381],[119.77873181,27.09809313],[119.7868297,27.09760362],[119.80071083,27.10778718],[119.83151071,27.10658496],[119.84648332,27.10024551],[119.86732261,27.10984193],[119.88045438,27.110896],[119.89732089,27.10580957],[119.92021502,27.11372576],[119.92275588,27.10383886],[119.93574222,27.09573584],[119.95060954,27.09358215],[119.95957423,27.11052594],[119.97587448,27.13056094],[119.95487976,27.15406011],[119.96605292,27.16585346],[119.9701974,27.18566071],[120.00845473,27.16772376],[120.03664567,27.16682138],[120.04284102,27.15820474],[120.05169485,27.15866791],[120.05830219,27.16939571],[120.05783349,27.18407943],[120.05138301,27.20091198],[120.04046066,27.21280621],[120.0081323,27.22371277],[120.00352179,27.2362764],[119.96447008,27.26230265],[119.9623959,27.28177956],[119.95332532,27.29122781],[119.93477846,27.29485913],[119.93595054,27.30496899],[119.92430285,27.31195741],[119.92803114,27.31976502]]]},"properties":{"gml_id":"layer_county_boundary_pg.2201","Name":"柘荣县","layer":"区县","code":"350926000000","grade":3}},
{"type":"Feature","geometry":{"type":"Polygon","coordinates":[[[119.76593919,27.30891127],[119.7645069,27.3486554],[119.7460151,27.35363784],[119.74232783,27.36346531],[119.74580218,27.37643492],[119.73455737,27.39053302],[119.7259346,27.39094492],[119.71451744,27.40088501],[119.69268934,27.3915872],[119.68979274,27.37986494],[119.67191829,27.36764173],[119.64505307,27.36435827],[119.62411442,27.35826245],[119.61788208,27.34856005],[119.60372592,27.34075283],[119.60105779,27.31139373],[119.6054278,27.30344353],[119.61696948,27.3097046],[119.6250142,27.29937097],[119.61514242,27.2947795],[119.6161342,27.27888215],[119.61123065,27.26911754],[119.61346059,27.24792985],[119.61298373,27.22175382],[119.60680364,27.21224759],[119.59194615,27.2047765],[119.58237376,27.2210757],[119.55965314,27.22733367],[119.53730512,27.22806473],[119.51663019,27.23403875],[119.48934843,27.23326348],[119.47635363,27.21861405],[119.46151634,27.21204342],[119.43329034,27.19518953],[119.43218803,27.18280913],[119.39250744,27.17951437],[119.38633466,27.14719838],[119.39337615,27.13351198],[119.3925339,27.123401],[119.40039961,27.11318363],[119.41077633,27.12112921],[119.41958048,27.10128292],[119.45057656,27.10353418],[119.44690396,27.08335599],[119.41982397,27.0742309],[119.41219185,27.06938588],[119.38862751,27.04246819],[119.40195466,27.03360655],[119.42783841,27.04530261],[119.44766957,27.03832441],[119.44197333,27.0299862],[119.44314614,27.0191575],[119.46369615,27.01078123],[119.47054606,27.00071532],[119.4752251,26.98014494],[119.4836032,26.97172746],[119.50572099,26.97353697],[119.52096261,26.95849447],[119.53462376,26.95129845],[119.55451593,26.92833302],[119.55936778,26.91834511],[119.55273705,26.8824243],[119.5688102,26.87953491],[119.59042716,26.87086979],[119.61388239,26.875531],[119.61779899,26.87159921],[119.60485713,26.85927832],[119.59709361,26.84557247],[119.60232735,26.84016597],[119.62203692,26.83925583],[119.62660225,26.82956698],[119.59961927,26.80714621],[119.59039425,26.78874446],[119.60632785,26.78215976],[119.6059642,26.76419098],[119.60999056,26.75335653],[119.6381285,26.75404031],[119.64884751,26.74816873],[119.66015787,26.72959022],[119.69050648,26.70011721],[119.70647191,26.69001684],[119.73692859,26.68775352],[119.76967697,26.69347967],[119.79296291,26.69143226],[119.78454083,26.70588879],[119.78144129,26.75554157],[119.77602451,26.80363157],[119.78407213,26.82178547],[119.80105345,26.83108371],[119.82154882,26.83679391],[119.84621818,26.84832183],[119.82823275,26.8844923],[119.8229069,26.90255432],[119.83046245,26.92106423],[119.82812288,26.93240519],[119.84078673,26.93685229],[119.83040868,26.95641645],[119.84439492,26.96117248],[119.84295523,26.97098345],[119.85927944,26.9866052],[119.8479274,27.0028004],[119.83537682,27.01252577],[119.81299854,27.01973297],[119.82376183,27.0447441],[119.81008991,27.05127778],[119.80733734,27.0626016],[119.79125102,27.07447461],[119.77817728,27.08997181],[119.77873181,27.09809313],[119.76897817,27.09972381],[119.76834456,27.11993051],[119.74625605,27.12152048],[119.73665547,27.13700962],[119.72408728,27.15063696],[119.72746011,27.1616784],[119.73687136,27.16566154],[119.73925637,27.17857231],[119.72547037,27.18624309],[119.72882145,27.19635907],[119.74267066,27.19890123],[119.74769938,27.21104793],[119.76041949,27.22361371],[119.77124822,27.24370769],[119.74598104,27.2628949],[119.75025329,27.26790212],[119.76827749,27.26384721],[119.76595084,27.27453687],[119.77960644,27.29822087],[119.76593919,27.30891127]]]},"properties":{"gml_id":"layer_county_boundary_pg.2202","Name":"福安市","layer":"区县","code":"350981000000","grade":3}},
{"type":"Feature","geometry":{"type":"MultiPolygon","coordinates":[[[[120.29265416,26.9389468],[120.28942326,26.92726252],[120.30876632,26.92520671],[120.31347358,26.94022834],[120.29265416,26.9389468]]],[[[119.92803114,27.31976502],[119.92430285,27.31195741],[119.93595054,27.30496899],[119.93477846,27.29485913],[119.95332532,27.29122781],[119.9623959,27.28177956],[119.96447008,27.26230265],[120.00352179,27.2362764],[120.0081323,27.22371277],[120.04046066,27.21280621],[120.05138301,27.20091198],[120.05783349,27.18407943],[120.05830219,27.16939571],[120.05169485,27.15866791],[120.04284102,27.15820474],[120.03664567,27.16682138],[120.00845473,27.16772376],[119.9701974,27.18566071],[119.96605292,27.16585346],[119.95487976,27.15406011],[119.97587448,27.13056094],[119.95957423,27.11052594],[119.95060954,27.09358215],[119.95954819,27.08479637],[119.98151729,27.07252203],[119.98715878,27.08041888],[120.01339153,27.07825959],[120.05130499,27.05762037],[120.0696509,27.05440333],[120.09497786,27.05755659],[120.11597215,27.05585141],[120.11420113,27.06679875],[120.13404809,27.07069376],[120.14272832,27.08352559],[120.15268553,27.0853713],[120.18588927,27.07491563],[120.17865859,27.06762571],[120.16728664,27.07010874],[120.15955285,27.06257642],[120.16478742,27.04272183],[120.18515947,27.03149968],[120.19398655,27.01150124],[120.2021634,27.00434776],[120.21664887,27.00055478],[120.23636784,27.00216609],[120.24131468,26.99103035],[120.25176462,26.9799419],[120.25710201,26.9859435],[120.27064126,26.98674605],[120.27584025,26.99794581],[120.27518048,27.0131344],[120.27020715,27.03121426],[120.25966463,27.03853179],[120.29142911,27.03896797],[120.29554642,27.04279144],[120.282605,27.06573779],[120.28657589,27.07765003],[120.27966349,27.0872103],[120.28330416,27.09716387],[120.30233871,27.09119622],[120.31558397,27.09756423],[120.32253716,27.09053699],[120.3545959,27.08885492],[120.38773485,27.08436676],[120.39749908,27.09236422],[120.39894903,27.10371798],[120.4217081,27.11490936],[120.45742609,27.14571835],[120.44100966,27.16398392],[120.43331623,27.16415371],[120.40004602,27.20705535],[120.40079236,27.22243543],[120.40958732,27.23400232],[120.39417622,27.24552274],[120.39741501,27.25392638],[120.42572838,27.26191769],[120.40444788,27.27969524],[120.39703225,27.30159946],[120.37906066,27.315737],[120.37043054,27.33231076],[120.35400482,27.34063113],[120.34711255,27.34984266],[120.35089727,27.35695907],[120.33891727,27.36933671],[120.34724263,27.38665119],[120.33641736,27.40274209],[120.32742391,27.39914153],[120.31554042,27.40280871],[120.31097948,27.39642818],[120.2897792,27.39961657],[120.26910493,27.39261423],[120.25396055,27.41588],[120.25954052,27.42120293],[120.25818721,27.43610078],[120.24265207,27.43777251],[120.21732603,27.4234768],[120.20890687,27.42347122],[120.19804881,27.43152397],[120.17249542,27.42307247],[120.16116717,27.42790362],[120.13732852,27.4252255],[120.12689392,27.41974356],[120.13267548,27.40537726],[120.12434923,27.39467095],[120.11706505,27.40044436],[120.09166954,27.39338009],[120.09227682,27.3826537],[120.07244589,27.37223538],[120.04772793,27.34175342],[120.02305419,27.34539567],[120.02209065,27.35393475],[120.00074391,27.37988271],[119.98977156,27.38241258],[119.98391279,27.3746205],[119.95592086,27.36942531],[119.9558251,27.35520102],[119.94697321,27.35011299],[119.93440598,27.33324478],[119.92803114,27.31976502]]],[[[120.35628751,26.92004687],[120.37583151,26.9305235],[120.38841942,26.92888359],[120.39006103,26.93701399],[120.37618341,26.94338202],[120.3661759,26.96503314],[120.34991592,26.97409938],[120.33471168,26.97359047],[120.31665455,26.95936352],[120.31810059,26.94345679],[120.33881532,26.92540002],[120.35628751,26.92004687]]]]},"properties":{"gml_id":"layer_county_boundary_pg.2203","Name":"福鼎市","layer":"区县","code":"350982000000","grade":3}},
{"type":"Feature","geometry":{"type":"Polygon","coordinates":[[[118.58220325,24.89021487],[118.59687515,24.90757595],[118.59737817,24.92107999],[118.5875715,24.92629089],[118.57070043,24.9198681],[118.55574708,24.94366279],[118.53481045,24.94264827],[118.5210221,24.94610426],[118.5136611,24.93330341],[118.50072824,24.93084071],[118.50184793,24.91940666],[118.49219455,24.90364097],[118.51380053,24.8908577],[118.51991103,24.88224807],[118.5288592,24.88785916],[118.53698476,24.87985709],[118.53571461,24.86119153],[118.54753969,24.85746268],[118.56198818,24.85817092],[118.56122273,24.87528964],[118.55336558,24.88249724],[118.56475524,24.89176819],[118.58220325,24.89021487]]]},"properties":{"gml_id":"layer_county_boundary_pg.2204","Name":"鲤城区","layer":"区县","code":"350502000000","grade":3}},
{"type":"Feature","geometry":{"type":"Polygon","coordinates":[[[118.58220325,24.89021487],[118.58904729,24.87871475],[118.61661893,24.87333449],[118.63907201,24.8636436],[118.64683513,24.84863645],[118.66830979,24.85248301],[118.683148,24.85945724],[118.69136349,24.87008842],[118.6882373,24.88509381],[118.67976766,24.90363457],[118.68787251,24.92052757],[118.68993867,24.93366612],[118.66104123,24.93148219],[118.65958223,24.94560795],[118.64165885,24.95931617],[118.60052895,24.97380373],[118.59041854,24.98171956],[118.5870943,24.99870451],[118.56127491,24.98946678],[118.5644608,24.97832265],[118.5483871,24.96588643],[118.53481045,24.94264827],[118.55574708,24.94366279],[118.57070043,24.9198681],[118.5875715,24.92629089],[118.59737817,24.92107999],[118.59687515,24.90757595],[118.58220325,24.89021487]]]},"properties":{"gml_id":"layer_county_boundary_pg.2205","Name":"丰泽区","layer":"区县","code":"350503000000","grade":3}},
{"type":"Feature","geometry":{"type":"Polygon","coordinates":[[[118.56577105,25.28978581],[118.56157002,25.28177493],[118.55927068,25.25863594],[118.56587513,25.24804183],[118.57448377,25.24976973],[118.58416131,25.23733074],[118.57834594,25.21338198],[118.57385912,25.20679872],[118.57612459,25.18991522],[118.58339718,25.17562735],[118.5722717,25.14458776],[118.57520436,25.13728092],[118.56027716,25.11960748],[118.5524235,25.11471122],[118.55742169,25.09583653],[118.56931155,25.08052402],[118.55974773,25.06943408],[118.56695095,25.0575791],[118.58150465,25.05098134],[118.58007349,25.03848414],[118.58813562,25.02861475],[118.59044407,25.01742566],[118.5870943,24.99870451],[118.59041854,24.98171956],[118.60052895,24.97380373],[118.64165885,24.95931617],[118.65958223,24.94560795],[118.66104123,24.93148219],[118.68993867,24.93366612],[118.68517291,24.94631569],[118.66999056,24.96291266],[118.65764762,24.98204742],[118.63384468,25.00561497],[118.64182356,25.01667691],[118.63882899,25.02764331],[118.6550599,25.03819062],[118.65704772,25.05489677],[118.67900118,25.07426478],[118.67124932,25.08551213],[118.68070224,25.12372842],[118.6952949,25.11700861],[118.7141435,25.12578868],[118.71824913,25.13341966],[118.70737168,25.13965077],[118.7006167,25.16057674],[118.68699641,25.15775629],[118.68743853,25.17216158],[118.67321951,25.1806183],[118.67327141,25.19454154],[118.68302052,25.20949482],[118.67923554,25.21770157],[118.68014657,25.24755663],[118.6911801,25.26132215],[118.67154447,25.27231326],[118.65506921,25.26065725],[118.64191052,25.27136379],[118.65802066,25.28294037],[118.66187405,25.29265651],[118.65116282,25.30487821],[118.6282141,25.30432388],[118.62109771,25.29646405],[118.59962554,25.29862328],[118.59170226,25.30534552],[118.57379023,25.30424003],[118.56577105,25.28978581]]]},"properties":{"gml_id":"layer_county_boundary_pg.2206","Name":"洛江区","layer":"区县","code":"350504000000","grade":3}},
{"type":"Feature","geometry":{"type":"Polygon","coordinates":[[[118.86359971,25.08540953],[118.88762373,25.0956923],[118.90638417,25.0959805],[118.91254847,25.10207452],[118.93325553,25.10096598],[118.95063027,25.11083742],[118.97017139,25.11803314],[118.97024571,25.12416536],[118.94938109,25.1300534],[118.94695153,25.15229085],[118.96031655,25.15594828],[118.98084695,25.16893636],[118.97977442,25.19829604],[118.9693819,25.20164068],[118.96646626,25.21119335],[118.94588707,25.2090921],[118.93480431,25.21862161],[118.93711613,25.22753552],[118.9152366,25.23605156],[118.90535629,25.24433727],[118.87853623,25.24400123],[118.86510977,25.24058467],[118.8649713,25.23058455],[118.85213483,25.22577148],[118.83673592,25.2290861],[118.83092003,25.22265346],[118.79637083,25.21991988],[118.77723609,25.21660649],[118.77384159,25.19816643],[118.76044461,25.19780386],[118.73635222,25.18998264],[118.72107942,25.1715512],[118.71285781,25.17224764],[118.7006167,25.16057674],[118.70737168,25.13965077],[118.71824913,25.13341966],[118.73528362,25.13491566],[118.74927075,25.12792151],[118.76778115,25.1230219],[118.77804329,25.10104016],[118.78602202,25.0993834],[118.79642296,25.1068062],[118.81272536,25.10277103],[118.82928001,25.12026436],[118.83230054,25.11215878],[118.84742115,25.10754911],[118.86359971,25.08540953]]]},"properties":{"gml_id":"layer_county_boundary_pg.2207","Name":"泉港区","layer":"区县","code":"350505000000","grade":3}},
{"type":"Feature","geometry":{"type":"Polygon","coordinates":[[[118.86359971,25.08540953],[118.84742115,25.10754911],[118.83230054,25.11215878],[118.82928001,25.12026436],[118.81272536,25.10277103],[118.79642296,25.1068062],[118.78602202,25.0993834],[118.77804329,25.10104016],[118.76778115,25.1230219],[118.74927075,25.12792151],[118.73528362,25.13491566],[118.71824913,25.13341966],[118.7141435,25.12578868],[118.6952949,25.11700861],[118.68070224,25.12372842],[118.67124932,25.08551213],[118.67900118,25.07426478],[118.65704772,25.05489677],[118.6550599,25.03819062],[118.63882899,25.02764331],[118.64182356,25.01667691],[118.63384468,25.00561497],[118.65764762,24.98204742],[118.66999056,24.96291266],[118.68517291,24.94631569],[118.68993867,24.93366612],[118.68787251,24.92052757],[118.67976766,24.90363457],[118.6882373,24.88509381],[118.69136349,24.87008842],[118.69397575,24.85550193],[118.70059094,24.84718956],[118.72678262,24.84351055],[118.73029412,24.82892004],[118.74261196,24.83124652],[118.74658046,24.84820633],[118.78262731,24.85851688],[118.80117982,24.87271599],[118.81509526,24.87187004],[118.82992173,24.8571828],[118.83822856,24.86128259],[118.8431936,24.87864514],[118.86024974,24.89035639],[118.87170576,24.89121806],[118.8913813,24.88700247],[118.902499,24.87912973],[118.92695516,24.87343347],[118.94437389,24.87919437],[118.95544019,24.87452842],[118.98720689,24.88316312],[118.98356905,24.89969781],[118.96772913,24.90515962],[118.95098723,24.89991238],[118.93763934,24.9111408],[118.92848223,24.9095345],[118.92363168,24.92167102],[118.91379862,24.92688971],[118.91391991,24.9354444],[118.92884664,24.95230993],[118.94110181,24.95697994],[118.97885586,24.94117694],[119.00919473,24.94426016],[119.0279821,24.9603571],[118.98507943,24.97690435],[118.98394474,24.99837272],[119.00118266,25.002113],[119.00721925,25.02887022],[119.01929544,25.04622286],[119.01967564,25.05439576],[119.01164215,25.06122797],[118.99428808,25.05839046],[118.98699791,25.04686306],[118.97898689,25.04686395],[118.97170383,25.02963416],[118.95581258,25.02465961],[118.94076331,25.03145725],[118.94175511,25.04604345],[118.92572335,25.05491408],[118.90978801,25.05367282],[118.90060573,25.06348481],[118.8808225,25.06345724],[118.86359971,25.08540953]]]},"properties":{"gml_id":"layer_county_boundary_pg.2208","Name":"惠安县","layer":"区县","code":"350521000000","grade":3}},
{"type":"Feature","geometry":{"type":"Polygon","coordinates":[[[118.15201653,25.26127937],[118.15032382,25.28307],[118.13755295,25.28874385],[118.10824288,25.28617353],[118.10285102,25.27556529],[118.09093773,25.26906117],[118.08591086,25.29109307],[118.07102821,25.29524306],[118.06743436,25.28670049],[118.04422563,25.30656662],[118.03228884,25.32322228],[118.03022246,25.33815886],[118.01565396,25.35346413],[118.00190432,25.35190762],[117.99672997,25.36825239],[117.99671323,25.39262513],[117.95989278,25.39323122],[117.94151153,25.39854946],[117.92525662,25.3885158],[117.91102339,25.39911099],[117.89778011,25.38966071],[117.87854853,25.38310643],[117.87124888,25.3894549],[117.85541833,25.39029094],[117.84584421,25.39821101],[117.8355152,25.38399044],[117.80839708,25.4056156],[117.79815206,25.41787119],[117.77642225,25.40500635],[117.76338204,25.40840932],[117.72497058,25.39654279],[117.70848442,25.40419704],[117.70734615,25.41248205],[117.69293566,25.4236568],[117.67916623,25.39937154],[117.6867192,25.39347184],[117.68658906,25.37113264],[117.67534691,25.35013557],[117.65677198,25.33926269],[117.65031309,25.32354611],[117.61460595,25.30256108],[117.595001,25.29672751],[117.59984412,25.28714308],[117.59867209,25.26303959],[117.61628121,25.25044772],[117.61746958,25.24376754],[117.60908659,25.22522563],[117.59841996,25.22341956],[117.57385997,25.23424795],[117.5659193,25.22320389],[117.55054945,25.21462557],[117.55167726,25.19343831],[117.56838379,25.19188766],[117.57728816,25.17785636],[117.59193755,25.174359],[117.59923583,25.16728058],[117.61679294,25.16393478],[117.61575981,25.15098365],[117.62181841,25.14131214],[117.64818639,25.13699309],[117.66665756,25.12729545],[117.66651867,25.10170718],[117.67256894,25.09092376],[117.69410676,25.08155411],[117.70259716,25.07076128],[117.71691347,25.08070836],[117.72175818,25.07400755],[117.72662876,25.05386518],[117.72128951,25.04647331],[117.73347033,25.04011101],[117.73220242,25.02934402],[117.71308462,25.0178584],[117.71140007,25.00822568],[117.69477515,25.00646956],[117.69015637,24.99506977],[117.68020794,24.99142602],[117.66595387,25.00280343],[117.64962665,24.99990738],[117.64995617,24.98430395],[117.63223301,24.9738955],[117.61345085,24.96744217],[117.59959115,24.9509154],[117.60226466,24.93330997],[117.62758075,24.92666759],[117.62667768,24.91586227],[117.61011001,24.90101109],[117.61195819,24.88008551],[117.61996874,24.86971542],[117.63179903,24.86985451],[117.65273424,24.85645646],[117.66353195,24.85690914],[117.67855898,24.8518892],[117.70665972,24.86647724],[117.71285004,24.87712015],[117.72505792,24.88361761],[117.74546941,24.8800194],[117.75763378,24.87122142],[117.77083023,24.85377187],[117.79506243,24.86522051],[117.79778789,24.85552914],[117.80770226,24.85286856],[117.81727743,24.86091419],[117.816348,24.87751331],[117.82906539,24.88447931],[117.84499349,24.87685108],[117.8592802,24.88129179],[117.86695252,24.87477748],[117.87785403,24.89868902],[117.88893621,24.89021954],[117.89392654,24.87767244],[117.90834219,24.87331645],[117.91301946,24.88251241],[117.92549965,24.87850556],[117.93173946,24.869431],[117.94269195,24.87408216],[117.95303739,24.87111623],[117.96638596,24.85100505],[117.99324965,24.86154121],[117.98620987,24.87389397],[117.99215645,24.88009013],[118.00682685,24.87796308],[117.99975996,24.89057769],[117.98547239,24.89570027],[117.99214785,24.9026921],[118.00421294,24.89557355],[118.01421452,24.90555861],[118.03619545,24.89837319],[118.03719426,24.88579954],[118.05414171,24.86909022],[118.08057117,24.86639416],[118.10470102,24.877841],[118.12057229,24.89113781],[118.13298688,24.8974357],[118.15023779,24.89567304],[118.1413306,24.91468718],[118.13106813,24.92322041],[118.12881068,24.93747232],[118.137198,24.94902678],[118.13856992,24.9774339],[118.1447155,24.99533146],[118.14402178,25.01069422],[118.15771116,25.00616123],[118.17488167,25.01469627],[118.19652043,25.00347346],[118.21327152,25.00517093],[118.25023603,25.00184229],[118.26125006,24.9956267],[118.2746068,25.01330809],[118.26033799,25.0277899],[118.27464041,25.04639967],[118.27534322,25.0552838],[118.28802358,25.06672524],[118.28893586,25.0752449],[118.2733905,25.07222181],[118.26201281,25.08021237],[118.24950662,25.07548298],[118.23928228,25.0872644],[118.22591728,25.09503435],[118.2220027,25.10315347],[118.22411219,25.12096742],[118.23585419,25.13757954],[118.22686325,25.15296576],[118.21767186,25.15397104],[118.21213435,25.16224054],[118.17643475,25.16396927],[118.15317151,25.19081139],[118.16579292,25.20626326],[118.15134815,25.21690224],[118.14158088,25.23429718],[118.14669523,25.24100177],[118.15201653,25.26127937]]]},"properties":{"gml_id":"layer_county_boundary_pg.2209","Name":"安溪县","layer":"区县","code":"350524000000","grade":3}},
{"type":"Feature","geometry":{"type":"Polygon","coordinates":[[[117.71312922,25.51483498],[117.71018585,25.49434221],[117.71740949,25.4842062],[117.70818014,25.48078688],[117.6990726,25.46043238],[117.69259664,25.45854425],[117.68650189,25.44375018],[117.69293566,25.4236568],[117.70734615,25.41248205],[117.70848442,25.40419704],[117.72497058,25.39654279],[117.76338204,25.40840932],[117.77642225,25.40500635],[117.79815206,25.41787119],[117.80839708,25.4056156],[117.8355152,25.38399044],[117.84584421,25.39821101],[117.85541833,25.39029094],[117.87124888,25.3894549],[117.87854853,25.38310643],[117.89778011,25.38966071],[117.91102339,25.39911099],[117.92525662,25.3885158],[117.94151153,25.39854946],[117.95989278,25.39323122],[117.99671323,25.39262513],[117.99672997,25.36825239],[118.00190432,25.35190762],[118.01565396,25.35346413],[118.03022246,25.33815886],[118.03228884,25.32322228],[118.04422563,25.30656662],[118.06743436,25.28670049],[118.07102821,25.29524306],[118.08591086,25.29109307],[118.09093773,25.26906117],[118.10285102,25.27556529],[118.10824288,25.28617353],[118.13755295,25.28874385],[118.15032382,25.28307],[118.15201653,25.26127937],[118.16540173,25.26395622],[118.17068856,25.24381895],[118.16868421,25.23406219],[118.18620846,25.22009953],[118.19800417,25.21796497],[118.2226623,25.2325463],[118.23607086,25.22816714],[118.25287393,25.21773764],[118.26344464,25.22937023],[118.25724818,25.24147572],[118.26412213,25.2469047],[118.27288707,25.23633214],[118.28016,25.24943398],[118.30551301,25.27067016],[118.31636274,25.25906681],[118.33339489,25.26257747],[118.33741359,25.2556289],[118.35655578,25.2536077],[118.37418828,25.25867317],[118.38588339,25.2755202],[118.39706634,25.27878549],[118.40188545,25.28925339],[118.41254722,25.29426433],[118.4331683,25.29592484],[118.44386546,25.3032384],[118.46628182,25.30172209],[118.48331413,25.29121864],[118.49102313,25.30217322],[118.50072789,25.30275229],[118.51760229,25.3129232],[118.52568303,25.30981198],[118.53125488,25.32042607],[118.52362535,25.32870402],[118.51587447,25.3152495],[118.50821042,25.32040377],[118.51774906,25.33686568],[118.51792269,25.35013659],[118.5251711,25.3573492],[118.5133579,25.37490886],[118.49855827,25.3874571],[118.48966018,25.38846864],[118.49269872,25.40364234],[118.48294153,25.4067058],[118.47964287,25.42550081],[118.46500576,25.42677632],[118.45506544,25.4488843],[118.43771851,25.45016359],[118.42597047,25.44151072],[118.41649786,25.44095948],[118.41728793,25.45322504],[118.40613059,25.4582601],[118.40185889,25.44610592],[118.3931675,25.4433072],[118.37649773,25.44872722],[118.3551757,25.4429146],[118.36235524,25.46398547],[118.34769103,25.46163506],[118.33085945,25.45126987],[118.3089934,25.44844361],[118.29456759,25.43338117],[118.28395305,25.42955902],[118.29224247,25.40953003],[118.28194873,25.40811442],[118.26899885,25.39866983],[118.25816756,25.41480427],[118.24562355,25.42136284],[118.23506155,25.44282559],[118.20882523,25.45680406],[118.19714229,25.45298371],[118.1800345,25.45461202],[118.17066064,25.46092318],[118.1469707,25.4611096],[118.12747178,25.47312579],[118.10874401,25.48105247],[118.11042869,25.51306811],[118.10740734,25.52287429],[118.09230842,25.53601839],[118.07910225,25.5317903],[118.06589596,25.53753348],[118.03944069,25.52382044],[118.02722535,25.52983833],[118.02874493,25.54058308],[118.01130435,25.54910351],[118.00856919,25.55935734],[117.99726689,25.55257388],[117.98942933,25.54027322],[117.97539319,25.53395273],[117.97502896,25.52318016],[117.95777461,25.53178954],[117.93723202,25.52712988],[117.92719968,25.51400621],[117.90547742,25.5052572],[117.85939241,25.49872064],[117.84830898,25.49136961],[117.83567056,25.49478256],[117.82429971,25.51217669],[117.81528916,25.51999724],[117.79958532,25.51184262],[117.78421837,25.5129397],[117.78152671,25.48478381],[117.76458843,25.50230308],[117.74769314,25.51054574],[117.72901728,25.50998043],[117.72878286,25.51695578],[117.71312922,25.51483498]]]},"properties":{"gml_id":"layer_county_boundary_pg.2210","Name":"永春县","layer":"区县","code":"350525000000","grade":3}},
{"type":"Feature","geometry":{"type":"Polygon","coordinates":[[[118.00856919,25.55935734],[118.01130435,25.54910351],[118.02874493,25.54058308],[118.02722535,25.52983833],[118.03944069,25.52382044],[118.06589596,25.53753348],[118.07910225,25.5317903],[118.09230842,25.53601839],[118.10740734,25.52287429],[118.11042869,25.51306811],[118.10874401,25.48105247],[118.12747178,25.47312579],[118.1469707,25.4611096],[118.17066064,25.46092318],[118.1800345,25.45461202],[118.19714229,25.45298371],[118.20882523,25.45680406],[118.23506155,25.44282559],[118.24562355,25.42136284],[118.25816756,25.41480427],[118.26899885,25.39866983],[118.28194873,25.40811442],[118.29224247,25.40953003],[118.28395305,25.42955902],[118.29456759,25.43338117],[118.3089934,25.44844361],[118.33085945,25.45126987],[118.34769103,25.46163506],[118.36235524,25.46398547],[118.3551757,25.4429146],[118.37649773,25.44872722],[118.3931675,25.4433072],[118.40185889,25.44610592],[118.40613059,25.4582601],[118.41728793,25.45322504],[118.41649786,25.44095948],[118.42597047,25.44151072],[118.43771851,25.45016359],[118.45506544,25.4488843],[118.47459063,25.48364042],[118.46086488,25.4976825],[118.45994456,25.51896479],[118.49236039,25.55845703],[118.50532806,25.56473911],[118.50687317,25.5814602],[118.54061122,25.62084407],[118.54552339,25.63526604],[118.52670729,25.64535576],[118.54028963,25.65958549],[118.5354814,25.66458393],[118.51909522,25.66204532],[118.50410457,25.67943776],[118.48767233,25.69163595],[118.47357473,25.71059601],[118.44951804,25.72353916],[118.44362222,25.72091641],[118.42600596,25.73329643],[118.4200846,25.7641284],[118.41480556,25.76892549],[118.4096646,25.79250025],[118.37717494,25.81690752],[118.38780204,25.82819205],[118.39219528,25.84865577],[118.40005332,25.84598764],[118.41624665,25.85743488],[118.40743331,25.87842391],[118.40485543,25.89224306],[118.39115419,25.90275264],[118.36469927,25.89924707],[118.36283311,25.91521016],[118.35632964,25.92083204],[118.35513236,25.93242968],[118.33978118,25.93841945],[118.33161446,25.91966987],[118.31312495,25.91649888],[118.30387304,25.93252861],[118.29108812,25.92559808],[118.28051666,25.93385236],[118.27066578,25.93282845],[118.26150098,25.91956164],[118.2679233,25.90689542],[118.26294985,25.90174874],[118.24333368,25.89917608],[118.22813737,25.88677858],[118.21067502,25.90090292],[118.20412277,25.90132976],[118.19210122,25.88808166],[118.17528783,25.88710627],[118.1725718,25.90307385],[118.15139895,25.91083668],[118.14302158,25.90311198],[118.12474159,25.90284519],[118.10402198,25.89262267],[118.07298974,25.88703843],[118.08019674,25.86799454],[118.05872481,25.85108921],[118.04446874,25.86120159],[118.03378054,25.85914446],[118.02801632,25.86597143],[118.01043662,25.85995655],[118.01400769,25.8480414],[118.02829077,25.83794757],[118.02509841,25.82625553],[118.0214171,25.83428062],[118.00656471,25.81665332],[118.00614824,25.79857633],[118.00127806,25.77256023],[117.978987,25.76988078],[117.97676528,25.75417804],[117.98485513,25.7342227],[117.99704224,25.71892934],[118.01023748,25.72180627],[118.00110434,25.694757],[117.99518384,25.68871282],[117.96409354,25.6839808],[117.93894212,25.66906428],[117.95128938,25.64554741],[117.96293704,25.6474147],[117.98585189,25.61751169],[118.01449007,25.62421477],[118.02057542,25.6313938],[118.03305127,25.63099387],[118.03788649,25.62261554],[118.03821693,25.60754814],[118.02512439,25.57138797],[118.00856919,25.55935734]]]},"properties":{"gml_id":"layer_county_boundary_pg.2211","Name":"德化县","layer":"区县","code":"350526000000","grade":3}},
{"type":"Feature","geometry":{"type":"MultiPolygon","coordinates":[[[[118.40766305,24.51698168],[118.39018011,24.51154176],[118.39503472,24.49336221],[118.38677242,24.48499624],[118.38467913,24.46813949],[118.36974648,24.46143361],[118.34046004,24.47125108],[118.31398397,24.48936588],[118.2909907,24.47814888],[118.28927846,24.46955901],[118.30004258,24.45740265],[118.30719158,24.42739312],[118.28944224,24.42700158],[118.27952823,24.41035731],[118.29475753,24.39517514],[118.31403814,24.38633697],[118.32828053,24.38641483],[118.33504956,24.39284971],[118.34586148,24.4149695],[118.36742593,24.42906692],[118.40041082,24.43070107],[118.41127276,24.42433781],[118.4275668,24.42154624],[118.43507499,24.40728829],[118.45296063,24.41497462],[118.45477712,24.42276357],[118.46501195,24.42915654],[118.47231242,24.44026366],[118.46277277,24.46201811],[118.46316619,24.47319507],[118.44716764,24.50947175],[118.43368889,24.51040781],[118.4257044,24.5239971],[118.41803893,24.52801019],[118.40766305,24.51698168]]],[[[118.22566482,24.40409654],[118.24205377,24.41014382],[118.2527632,24.42340882],[118.26246331,24.42052862],[118.26875296,24.4439297],[118.25092877,24.4547436],[118.22912866,24.44860831],[118.22550464,24.43261673],[118.21596363,24.42856644],[118.21700382,24.42032973],[118.21023432,24.41116214],[118.22566482,24.40409654]]]]},"properties":{"gml_id":"layer_county_boundary_pg.2212","Name":"金门县","layer":"区县","code":"350527000000","grade":3}},
{"type":"Feature","geometry":{"type":"Polygon","coordinates":[[[118.65777967,24.80572542],[118.64988741,24.78993155],[118.63034961,24.78025695],[118.62488143,24.76081475],[118.60698633,24.75648841],[118.59743903,24.74888162],[118.58607012,24.74859384],[118.58068038,24.72778281],[118.59152868,24.72191062],[118.60350527,24.70862311],[118.62271231,24.71437433],[118.6324934,24.72259318],[118.64902776,24.72220528],[118.65806402,24.70608545],[118.65495603,24.69531268],[118.66565013,24.68269486],[118.67295091,24.67012815],[118.68137909,24.66551641],[118.69885139,24.66830658],[118.71653923,24.67890928],[118.73330176,24.69526903],[118.73518785,24.70910367],[118.76136722,24.73154211],[118.77188777,24.74384344],[118.78005768,24.76290484],[118.77847755,24.77952354],[118.74017991,24.78230806],[118.73144637,24.78682686],[118.72677544,24.80375305],[118.72759177,24.81844591],[118.71647247,24.81872949],[118.70843036,24.81211366],[118.70597383,24.79961623],[118.68633674,24.80279109],[118.66914192,24.79738267],[118.65777967,24.80572542]]]},"properties":{"gml_id":"layer_county_boundary_pg.2213","Name":"石狮市","layer":"区县","code":"350581000000","grade":3}},
{"type":"Feature","geometry":{"type":"Polygon","coordinates":[[[118.49219455,24.90364097],[118.48030195,24.89677858],[118.47421656,24.88206208],[118.48351441,24.86170864],[118.47425152,24.85609454],[118.44803264,24.8500212],[118.43423654,24.85281382],[118.43220558,24.83795843],[118.43637259,24.83021209],[118.43654577,24.80496417],[118.42540605,24.80176797],[118.42063144,24.79301638],[118.40620087,24.78334995],[118.42274942,24.78053887],[118.42892323,24.77157949],[118.41972843,24.76186425],[118.42977388,24.75605396],[118.43381633,24.73233074],[118.44493812,24.70586736],[118.44209694,24.6966541],[118.44380443,24.66268218],[118.43426228,24.64764795],[118.4348527,24.63050471],[118.43982834,24.61764506],[118.47394734,24.61779763],[118.51399079,24.60881242],[118.55285664,24.57586762],[118.55203263,24.56559139],[118.54270248,24.56218873],[118.54522849,24.54944489],[118.5592532,24.54230921],[118.56201318,24.52360614],[118.5536604,24.51555209],[118.57551685,24.51021626],[118.58637411,24.51678912],[118.60985844,24.52474236],[118.63519295,24.55171358],[118.65295053,24.55741907],[118.65151955,24.56885461],[118.67578898,24.58517589],[118.68452261,24.61187304],[118.68228331,24.63652071],[118.66943358,24.63549686],[118.6644875,24.62553114],[118.65562447,24.62631988],[118.65046891,24.63663452],[118.64797729,24.65668908],[118.65162317,24.67276738],[118.66565013,24.68269486],[118.65495603,24.69531268],[118.65806402,24.70608545],[118.64902776,24.72220528],[118.6324934,24.72259318],[118.62271231,24.71437433],[118.60350527,24.70862311],[118.59152868,24.72191062],[118.58068038,24.72778281],[118.58607012,24.74859384],[118.59743903,24.74888162],[118.60698633,24.75648841],[118.62488143,24.76081475],[118.63034961,24.78025695],[118.64988741,24.78993155],[118.65777967,24.80572542],[118.64591741,24.81171233],[118.64121849,24.832],[118.64683513,24.84863645],[118.63907201,24.8636436],[118.61661893,24.87333449],[118.58904729,24.87871475],[118.58220325,24.89021487],[118.56475524,24.89176819],[118.55336558,24.88249724],[118.56122273,24.87528964],[118.56198818,24.85817092],[118.54753969,24.85746268],[118.53571461,24.86119153],[118.53698476,24.87985709],[118.5288592,24.88785916],[118.51991103,24.88224807],[118.51380053,24.8908577],[118.49219455,24.90364097]]]},"properties":{"gml_id":"layer_county_boundary_pg.2214","Name":"晋江市","layer":"区县","code":"350582000000","grade":3}},
{"type":"Feature","geometry":{"type":"Polygon","coordinates":[[[118.15023779,24.89567304],[118.15667823,24.90031711],[118.17205213,24.89596253],[118.19014999,24.8954322],[118.19928075,24.8849162],[118.18906487,24.87626293],[118.19230275,24.86919927],[118.22107523,24.85366554],[118.21942577,24.84125057],[118.22475446,24.8339839],[118.23187989,24.82609024],[118.24738022,24.83419146],[118.25900946,24.82810758],[118.27964815,24.8353025],[118.29648645,24.82890096],[118.30724954,24.80768465],[118.32252559,24.79393234],[118.31780431,24.78656908],[118.32809902,24.77783619],[118.33993126,24.77442649],[118.33030388,24.75522793],[118.31210153,24.7516188],[118.31743955,24.73599181],[118.3275782,24.73213266],[118.33174484,24.72111243],[118.31720545,24.70093706],[118.31770002,24.69515333],[118.33401955,24.68476762],[118.33393229,24.67647697],[118.34730932,24.66705918],[118.34597245,24.65180553],[118.33848192,24.64483477],[118.34213579,24.63330706],[118.32482684,24.60807855],[118.33801236,24.60745775],[118.33694502,24.59512315],[118.34827353,24.58779078],[118.3507306,24.57847916],[118.36895785,24.57829988],[118.4050344,24.59777767],[118.41725372,24.60122735],[118.43982834,24.61764506],[118.4348527,24.63050471],[118.43426228,24.64764795],[118.44380443,24.66268218],[118.44209694,24.6966541],[118.44493812,24.70586736],[118.43381633,24.73233074],[118.42977388,24.75605396],[118.41972843,24.76186425],[118.42892323,24.77157949],[118.42274942,24.78053887],[118.40620087,24.78334995],[118.42063144,24.79301638],[118.42540605,24.80176797],[118.43654577,24.80496417],[118.43637259,24.83021209],[118.43220558,24.83795843],[118.43423654,24.85281382],[118.44803264,24.8500212],[118.47425152,24.85609454],[118.48351441,24.86170864],[118.47421656,24.88206208],[118.48030195,24.89677858],[118.49219455,24.90364097],[118.50184793,24.91940666],[118.50072824,24.93084071],[118.5136611,24.93330341],[118.5210221,24.94610426],[118.53481045,24.94264827],[118.5483871,24.96588643],[118.5644608,24.97832265],[118.56127491,24.98946678],[118.5870943,24.99870451],[118.59044407,25.01742566],[118.58813562,25.02861475],[118.58007349,25.03848414],[118.58150465,25.05098134],[118.56695095,25.0575791],[118.55974773,25.06943408],[118.56931155,25.08052402],[118.55742169,25.09583653],[118.5524235,25.11471122],[118.56027716,25.11960748],[118.57520436,25.13728092],[118.5722717,25.14458776],[118.58339718,25.17562735],[118.57612459,25.18991522],[118.57385912,25.20679872],[118.57834594,25.21338198],[118.58416131,25.23733074],[118.57448377,25.24976973],[118.56587513,25.24804183],[118.55927068,25.25863594],[118.56157002,25.28177493],[118.56577105,25.28978581],[118.55900979,25.29320572],[118.5287905,25.29417809],[118.52568303,25.30981198],[118.51760229,25.3129232],[118.50072789,25.30275229],[118.49102313,25.30217322],[118.48331413,25.29121864],[118.46628182,25.30172209],[118.44386546,25.3032384],[118.4331683,25.29592484],[118.41254722,25.29426433],[118.40188545,25.28925339],[118.39706634,25.27878549],[118.38588339,25.2755202],[118.37418828,25.25867317],[118.35655578,25.2536077],[118.33741359,25.2556289],[118.33339489,25.26257747],[118.31636274,25.25906681],[118.30551301,25.27067016],[118.28016,25.24943398],[118.27288707,25.23633214],[118.26412213,25.2469047],[118.25724818,25.24147572],[118.26344464,25.22937023],[118.25287393,25.21773764],[118.23607086,25.22816714],[118.2226623,25.2325463],[118.19800417,25.21796497],[118.18620846,25.22009953],[118.16868421,25.23406219],[118.17068856,25.24381895],[118.16540173,25.26395622],[118.15201653,25.26127937],[118.14669523,25.24100177],[118.14158088,25.23429718],[118.15134815,25.21690224],[118.16579292,25.20626326],[118.15317151,25.19081139],[118.17643475,25.16396927],[118.21213435,25.16224054],[118.21767186,25.15397104],[118.22686325,25.15296576],[118.23585419,25.13757954],[118.22411219,25.12096742],[118.2220027,25.10315347],[118.22591728,25.09503435],[118.23928228,25.0872644],[118.24950662,25.07548298],[118.26201281,25.08021237],[118.2733905,25.07222181],[118.28893586,25.0752449],[118.28802358,25.06672524],[118.27534322,25.0552838],[118.27464041,25.04639967],[118.26033799,25.0277899],[118.2746068,25.01330809],[118.26125006,24.9956267],[118.25023603,25.00184229],[118.21327152,25.00517093],[118.19652043,25.00347346],[118.17488167,25.01469627],[118.15771116,25.00616123],[118.14402178,25.01069422],[118.1447155,24.99533146],[118.13856992,24.9774339],[118.137198,24.94902678],[118.12881068,24.93747232],[118.13106813,24.92322041],[118.1413306,24.91468718],[118.15023779,24.89567304]]]},"properties":{"gml_id":"layer_county_boundary_pg.2215","Name":"南安市","layer":"区县","code":"350583000000","grade":3}},
{"type":"Feature","geometry":{"type":"Polygon","coordinates":[[[117.70516637,24.60439891],[117.70764165,24.61407398],[117.69736305,24.63302428],[117.68437341,24.64392438],[117.6714031,24.64471955],[117.66300543,24.63931755],[117.64761765,24.64248106],[117.64244501,24.65021002],[117.62722564,24.65189589],[117.62965825,24.66851155],[117.62665075,24.68918412],[117.62920689,24.69640251],[117.6124744,24.70154263],[117.59357039,24.68426818],[117.57786527,24.6740503],[117.55838385,24.65570186],[117.54421927,24.65739925],[117.53607904,24.66316221],[117.51983957,24.66211056],[117.50736561,24.66506085],[117.49688238,24.65722363],[117.49559339,24.64053568],[117.4893073,24.62471659],[117.52333369,24.6090182],[117.53486986,24.60696541],[117.54456943,24.59530445],[117.52427146,24.59426902],[117.51955582,24.59003399],[117.52670037,24.56692761],[117.53593833,24.56865166],[117.54847317,24.57891124],[117.56115851,24.58326772],[117.58091084,24.56934313],[117.58723483,24.55866777],[117.59137579,24.5320248],[117.60788255,24.51455902],[117.63696909,24.50461277],[117.63158273,24.49550051],[117.63792278,24.48786281],[117.64882334,24.48874453],[117.65882227,24.49824952],[117.66466262,24.49316671],[117.68538076,24.52975269],[117.66687473,24.54530797],[117.67136493,24.56347703],[117.68492417,24.57753787],[117.70414976,24.57508565],[117.71614017,24.58056426],[117.71484271,24.58971921],[117.70516637,24.60439891]]]},"properties":{"gml_id":"layer_county_boundary_pg.2216","Name":"芗城区","layer":"区县","code":"350602000000","grade":3}},
{"type":"Feature","geometry":{"type":"Polygon","coordinates":[[[117.66466262,24.49316671],[117.67098698,24.48810584],[117.69584916,24.49481435],[117.71819272,24.49204461],[117.74009705,24.48073569],[117.759661,24.50109915],[117.78369109,24.51948129],[117.7781457,24.53480722],[117.80837741,24.54834876],[117.81291865,24.56876083],[117.80313453,24.57537074],[117.78363133,24.57102933],[117.75807441,24.57450516],[117.75703701,24.58248123],[117.7453531,24.59134816],[117.72713059,24.59485557],[117.72291026,24.5904515],[117.7106936,24.6081559],[117.70516637,24.60439891],[117.71484271,24.58971921],[117.71614017,24.58056426],[117.70414976,24.57508565],[117.68492417,24.57753787],[117.67136493,24.56347703],[117.66687473,24.54530797],[117.68538076,24.52975269],[117.66466262,24.49316671]]]},"properties":{"gml_id":"layer_county_boundary_pg.2217","Name":"龙文区","layer":"区县","code":"350603000000","grade":3}},
{"type":"Feature","geometry":{"type":"Polygon","coordinates":[[[117.13358993,24.04104481],[117.14149871,24.02629991],[117.13590858,24.01301152],[117.15276714,23.97941003],[117.14973783,23.96161034],[117.1519858,23.95284784],[117.16519888,23.93441501],[117.17552821,23.92451057],[117.19289696,23.89889143],[117.2122173,23.87594424],[117.22731023,23.86250019],[117.25786888,23.84562801],[117.26760629,23.84726311],[117.28425374,23.86035428],[117.30437234,23.86419373],[117.32727905,23.86085254],[117.34223646,23.86734217],[117.35683021,23.86237959],[117.36015566,23.8565648],[117.35844566,23.8285807],[117.3605112,23.81186242],[117.35747225,23.80254581],[117.36277684,23.77674584],[117.36724028,23.7699644],[117.38383984,23.78426393],[117.39706409,23.78443218],[117.43019788,23.75917848],[117.44746688,23.75425137],[117.46367679,23.75918532],[117.49239375,23.77750662],[117.51961135,23.77944091],[117.5224963,23.80258869],[117.52965054,23.83324225],[117.52832383,23.84844201],[117.50324791,23.90253706],[117.49297945,23.91007923],[117.45002005,23.91882253],[117.45592357,23.94247143],[117.47063075,23.95612106],[117.49003298,23.96752407],[117.48418179,24.00398455],[117.46044656,24.00910771],[117.45561977,24.02820681],[117.46155776,24.04836998],[117.45866729,24.06010863],[117.43861164,24.08530488],[117.43899243,24.09816094],[117.42004785,24.09477942],[117.41170318,24.11436355],[117.38668008,24.11662311],[117.37118966,24.12202195],[117.34457194,24.11417758],[117.33446709,24.13377587],[117.33304373,24.14297328],[117.33743648,24.15947679],[117.34769746,24.16846631],[117.32378993,24.20666493],[117.2801511,24.23032237],[117.27569314,24.2184862],[117.27591592,24.20236985],[117.26033999,24.19980112],[117.25357526,24.20725404],[117.23166248,24.19209633],[117.23207633,24.18076511],[117.25905583,24.14819545],[117.25997226,24.12936927],[117.25600314,24.1246913],[117.26211278,24.10512597],[117.26054201,24.09618121],[117.24595294,24.0873251],[117.2384977,24.06142147],[117.22305803,24.0723229],[117.20702793,24.07173862],[117.18413007,24.09048958],[117.16788115,24.09357783],[117.15993869,24.0894782],[117.14266235,24.06801034],[117.13437117,24.06461086],[117.13927625,24.04873473],[117.13358993,24.04104481]]]},"properties":{"gml_id":"layer_county_boundary_pg.2218","Name":"云霄县","layer":"区县","code":"350622000000","grade":3}},
{"type":"Feature","geometry":{"type":"Polygon","coordinates":[[[117.56390442,23.71527233],[117.58521066,23.70461066],[117.59683183,23.70469675],[117.60827921,23.71614461],[117.62294604,23.75214397],[117.63474123,23.77050608],[117.6555295,23.79181768],[117.65667484,23.7996559],[117.64690123,23.81806543],[117.65376744,23.85452824],[117.66715259,23.88077534],[117.6861811,23.89169587],[117.69922045,23.89275366],[117.75771131,23.88959261],[117.78308121,23.90263233],[117.78801171,23.90897446],[117.79717094,23.93953738],[117.80281447,23.95010906],[117.82131355,23.96913257],[117.84297978,23.98754199],[117.86023461,24.00762033],[117.88542115,24.00761653],[117.90602471,24.01465873],[117.92293087,24.04275241],[117.92346031,24.05913366],[117.92037839,24.07802599],[117.92698344,24.09731522],[117.94257111,24.11422146],[117.97004877,24.13729469],[117.98607174,24.14548336],[117.99523807,24.15517056],[117.99660048,24.17959111],[118.01456998,24.19993736],[118.03875307,24.20383053],[118.03378664,24.21620494],[118.02457973,24.22090533],[118.0301704,24.23525499],[118.02077732,24.26247468],[118.02698403,24.27549338],[118.0051942,24.27828129],[117.97446676,24.28737937],[117.95676706,24.29065676],[117.94856157,24.29801916],[117.94151224,24.3120771],[117.93165705,24.30337939],[117.92531114,24.27096152],[117.89840315,24.26578038],[117.89225163,24.2713438],[117.87912972,24.26460112],[117.85637219,24.26899289],[117.84517585,24.27669769],[117.83551425,24.30909916],[117.8226708,24.31667954],[117.83094728,24.32417537],[117.79311948,24.32839678],[117.78406378,24.33488867],[117.76192142,24.3413847],[117.74794125,24.33431058],[117.73158067,24.33054891],[117.7220726,24.35424927],[117.71056557,24.35731812],[117.70501588,24.34628425],[117.71884999,24.32561589],[117.71042282,24.3134244],[117.69714358,24.31995609],[117.69126824,24.34081689],[117.67709303,24.35391502],[117.6467657,24.29242513],[117.64050162,24.2876762],[117.62405442,24.25252874],[117.60694872,24.24575784],[117.59271771,24.24733655],[117.57801689,24.26424948],[117.58233004,24.27679226],[117.60048548,24.28580962],[117.60203871,24.29061866],[117.59013143,24.30313529],[117.57382448,24.30236699],[117.54612241,24.31594202],[117.5307161,24.33078164],[117.50687364,24.3309709],[117.51355581,24.31486644],[117.49874378,24.29879468],[117.47976388,24.28939211],[117.46669307,24.2727128],[117.45635628,24.27272841],[117.4377292,24.27931539],[117.43432226,24.2524303],[117.43646683,24.23921516],[117.41819749,24.2439504],[117.41307458,24.23158766],[117.42569062,24.21288626],[117.43969615,24.16278068],[117.43599756,24.1335613],[117.44174525,24.10434766],[117.43899243,24.09816094],[117.43861164,24.08530488],[117.45866729,24.06010863],[117.46155776,24.04836998],[117.45561977,24.02820681],[117.46044656,24.00910771],[117.48418179,24.00398455],[117.49003298,23.96752407],[117.47063075,23.95612106],[117.45592357,23.94247143],[117.45002005,23.91882253],[117.49297945,23.91007923],[117.50324791,23.90253706],[117.52832383,23.84844201],[117.52965054,23.83324225],[117.5224963,23.80258869],[117.51961135,23.77944091],[117.56460775,23.76952783],[117.57376355,23.75979295],[117.57499601,23.74129619],[117.56390442,23.71527233]]]},"properties":{"gml_id":"layer_county_boundary_pg.2219","Name":"漳浦县","layer":"区县","code":"350623000000","grade":3}},
{"type":"Feature","geometry":{"type":"Polygon","coordinates":[[[116.98309053,24.16862428],[116.9682744,24.15634702],[116.96014201,24.15619147],[116.9425057,24.13778996],[116.93036407,24.12984258],[116.92206777,24.10148956],[116.92494015,24.09424017],[116.92521836,24.06832897],[116.93244742,24.05743524],[116.94475398,24.05852049],[116.94423258,24.04080611],[116.9358839,24.03797947],[116.95058578,24.02305709],[116.94865903,24.01353237],[116.95548111,24.00492913],[116.96530555,24.01022133],[116.97714498,24.00216788],[116.97075668,23.99336647],[116.96852565,23.97698692],[116.97796966,23.96203602],[116.97552187,23.94375479],[116.96869822,23.92978953],[116.95018463,23.92321346],[116.95469044,23.91725576],[116.95425671,23.9034185],[116.96839346,23.89752898],[116.97462196,23.88714962],[116.97085032,23.87497085],[116.95767105,23.87271688],[116.9611884,23.86120391],[116.97689561,23.85827365],[116.99038355,23.86466866],[117.00732542,23.85786603],[117.01763862,23.84132425],[117.02192672,23.82245501],[117.01366286,23.81476093],[117.01525982,23.80326871],[117.02691057,23.79385065],[117.04292796,23.76112984],[117.04620141,23.73919832],[117.04441317,23.72659396],[117.04909271,23.71096603],[117.0483284,23.70084235],[117.06169101,23.69119793],[117.06914911,23.69335508],[117.08446494,23.67093165],[117.11046072,23.66766973],[117.11992474,23.64845011],[117.14252376,23.6562286],[117.15444302,23.64256447],[117.16881021,23.6371156],[117.18104954,23.63871959],[117.187724,23.63208255],[117.18808016,23.56413739],[117.26662664,23.56870486],[117.28638861,23.57371499],[117.29393064,23.57724487],[117.30414747,23.59547491],[117.30044963,23.63889708],[117.29375739,23.65862704],[117.29375727,23.67483276],[117.30454601,23.70500742],[117.36724028,23.7699644],[117.36277684,23.77674584],[117.35747225,23.80254581],[117.3605112,23.81186242],[117.35844566,23.8285807],[117.36015566,23.8565648],[117.35683021,23.86237959],[117.34223646,23.86734217],[117.32727905,23.86085254],[117.30437234,23.86419373],[117.28425374,23.86035428],[117.26760629,23.84726311],[117.25786888,23.84562801],[117.22731023,23.86250019],[117.2122173,23.87594424],[117.19289696,23.89889143],[117.17552821,23.92451057],[117.16519888,23.93441501],[117.1519858,23.95284784],[117.14973783,23.96161034],[117.15276714,23.97941003],[117.13590858,24.01301152],[117.14149871,24.02629991],[117.13358993,24.04104481],[117.12021119,24.04715435],[117.0972888,24.07960428],[117.07111949,24.10133386],[117.04416972,24.11778085],[117.02767414,24.12498591],[117.00979099,24.15217814],[116.99928755,24.15475874],[116.98309053,24.16862428]]]},"properties":{"gml_id":"layer_county_boundary_pg.2220","Name":"诏安县","layer":"区县","code":"350624000000","grade":3}},
{"type":"Feature","geometry":{"type":"Polygon","coordinates":[[[117.93876336,24.64642933],[117.95002599,24.65223148],[117.96066614,24.6769867],[117.95079828,24.71146338],[117.9436645,24.71469545],[117.93717243,24.73671744],[117.93984516,24.75340145],[117.94316081,24.76543012],[117.95043399,24.76857944],[117.95657043,24.79106101],[117.95440861,24.82693842],[117.95821897,24.84410813],[117.95163993,24.84804538],[117.9356618,24.84764641],[117.92455365,24.86247282],[117.90834219,24.87331645],[117.89392654,24.87767244],[117.88893621,24.89021954],[117.87785403,24.89868902],[117.86695252,24.87477748],[117.8592802,24.88129179],[117.84499349,24.87685108],[117.82906539,24.88447931],[117.816348,24.87751331],[117.81727743,24.86091419],[117.80770226,24.85286856],[117.79778789,24.85552914],[117.79506243,24.86522051],[117.77083023,24.85377187],[117.75763378,24.87122142],[117.74546941,24.8800194],[117.72505792,24.88361761],[117.71285004,24.87712015],[117.70665972,24.86647724],[117.67855898,24.8518892],[117.66353195,24.85690914],[117.65273424,24.85645646],[117.63179903,24.86985451],[117.61996874,24.86971542],[117.6220431,24.84704597],[117.61080726,24.83419612],[117.59722035,24.8261094],[117.61382433,24.81511787],[117.61765193,24.80095482],[117.6120618,24.78542632],[117.61972558,24.77657901],[117.63241435,24.75410282],[117.65368832,24.73218069],[117.67310669,24.73187191],[117.67783806,24.71549188],[117.66157299,24.69723754],[117.66757627,24.68816241],[117.67971315,24.69414026],[117.68793609,24.68857361],[117.68669603,24.66294125],[117.70126545,24.67539334],[117.70870389,24.66334425],[117.69819834,24.65384117],[117.70857073,24.63971937],[117.69736305,24.63302428],[117.70764165,24.61407398],[117.70516637,24.60439891],[117.7106936,24.6081559],[117.72291026,24.5904515],[117.72713059,24.59485557],[117.7453531,24.59134816],[117.75703701,24.58248123],[117.75807441,24.57450516],[117.78363133,24.57102933],[117.80313453,24.57537074],[117.81291865,24.56876083],[117.82684828,24.56958307],[117.83756324,24.5797086],[117.84654757,24.56944158],[117.85986158,24.57785566],[117.86532971,24.58971451],[117.8813336,24.5931829],[117.88869325,24.60080306],[117.88768645,24.61461123],[117.91375786,24.61576707],[117.92562956,24.63565157],[117.93876336,24.64642933]]]},"properties":{"gml_id":"layer_county_boundary_pg.2221","Name":"长泰县","layer":"区县","code":"350625000000","grade":3}},
{"type":"Feature","geometry":{"type":"Polygon","coordinates":[[[117.51961135,23.77944091],[117.49239375,23.77750662],[117.46367679,23.75918532],[117.44746688,23.75425137],[117.43019788,23.75917848],[117.39706409,23.78443218],[117.38383984,23.78426393],[117.36724028,23.7699644],[117.30454601,23.70500742],[117.29375727,23.67483276],[117.29375739,23.65862704],[117.30044963,23.63889708],[117.30414747,23.59547491],[117.29393064,23.57724487],[117.28638861,23.57371499],[117.28979098,23.56152249],[117.29771543,23.55289066],[117.31286159,23.55147861],[117.35672573,23.558703],[117.37734614,23.55588888],[117.42247608,23.57453773],[117.43654402,23.5731198],[117.44900364,23.57748744],[117.45874457,23.58765687],[117.45838872,23.60100106],[117.45072238,23.60883872],[117.44967244,23.63067983],[117.46155818,23.64235377],[117.48816635,23.64499716],[117.49643922,23.65310012],[117.49371341,23.66987974],[117.48349634,23.67718848],[117.48816705,23.69280033],[117.49776778,23.70720105],[117.51393005,23.70683567],[117.53995111,23.71853641],[117.56390442,23.71527233],[117.57499601,23.74129619],[117.57376355,23.75979295],[117.56460775,23.76952783],[117.51961135,23.77944091]]]},"properties":{"gml_id":"layer_county_boundary_pg.2222","Name":"东山县","layer":"区县","code":"350626000000","grade":3}},
{"type":"Feature","geometry":{"type":"Polygon","coordinates":[[[117.50736561,24.66506085],[117.50155824,24.67516448],[117.50277139,24.68583187],[117.51686812,24.71068102],[117.51100003,24.72278965],[117.49890845,24.73412319],[117.47807742,24.72723868],[117.4659724,24.72827887],[117.44398233,24.73638445],[117.44359626,24.75383247],[117.4314393,24.76950183],[117.41051889,24.77316922],[117.40173816,24.77884119],[117.38873802,24.77579849],[117.39404113,24.79498239],[117.38763729,24.82229825],[117.35666806,24.84213133],[117.34639083,24.86605974],[117.32666004,24.8614364],[117.31272249,24.87165867],[117.31166123,24.88215128],[117.304094,24.89142085],[117.31008233,24.90409626],[117.32276114,24.90557703],[117.32498623,24.91361466],[117.31675683,24.92820937],[117.29858113,24.93377755],[117.28424308,24.93079092],[117.28479444,24.93957893],[117.3042618,24.95799128],[117.3155076,24.97219454],[117.30197798,24.97096847],[117.28164919,24.99331255],[117.26300712,24.97700032],[117.2318929,24.96534601],[117.22964504,24.95735995],[117.242655,24.95360575],[117.23215521,24.93364761],[117.23254379,24.92619983],[117.22213646,24.91199404],[117.21469569,24.91125203],[117.20534915,24.92383292],[117.17944861,24.92863518],[117.1836517,24.9067178],[117.19166564,24.90360204],[117.19305568,24.88795044],[117.16725528,24.86867449],[117.16438147,24.82877791],[117.1494069,24.81603475],[117.13919734,24.79307288],[117.12541968,24.7874198],[117.09732303,24.79219361],[117.07567727,24.78372483],[117.06573582,24.78854239],[117.06707283,24.8103336],[117.06418114,24.8246366],[117.05881588,24.8278888],[117.05172253,24.82643982],[117.04787626,24.81481337],[117.04715752,24.79612473],[117.0230806,24.78298245],[117.01861789,24.77642441],[117.01897401,24.74265204],[117.01368243,24.7120309],[117.0220055,24.69671296],[117.03443113,24.69353383],[117.02849194,24.67256122],[117.04200489,24.65601902],[117.03854151,24.63633863],[117.03255172,24.62889579],[117.0150152,24.63181118],[117.01013619,24.61860108],[117.0203359,24.60482325],[117.01815747,24.57961096],[117.02594604,24.56670564],[117.04173065,24.55812451],[117.06689114,24.55960283],[117.07612159,24.54806981],[117.0827803,24.52782056],[117.10600626,24.51449609],[117.13005634,24.49116039],[117.13721081,24.47192573],[117.15147416,24.46357131],[117.16305502,24.46809649],[117.16903906,24.4775784],[117.17943253,24.48016321],[117.19205481,24.47260703],[117.20030498,24.47963312],[117.20313548,24.49080997],[117.21512087,24.4905468],[117.22333719,24.50141205],[117.23663261,24.50852142],[117.25109534,24.50080391],[117.26061539,24.50349435],[117.28084524,24.49516719],[117.29210459,24.47520116],[117.30679021,24.46925829],[117.32391735,24.47689533],[117.33378299,24.46549869],[117.33430131,24.45821141],[117.35542171,24.4388545],[117.37720769,24.44949977],[117.38322244,24.44043776],[117.39293561,24.43734238],[117.40752751,24.44576609],[117.42391945,24.46378112],[117.42564746,24.47841876],[117.44854362,24.48168305],[117.46231159,24.50121382],[117.47555105,24.5128295],[117.49509874,24.51473546],[117.50568983,24.50172537],[117.5161217,24.50043344],[117.52761435,24.49008807],[117.53615634,24.47661998],[117.56004268,24.46894959],[117.57226604,24.47273487],[117.59466083,24.50701168],[117.60788255,24.51455902],[117.59137579,24.5320248],[117.58723483,24.55866777],[117.58091084,24.56934313],[117.56115851,24.58326772],[117.54847317,24.57891124],[117.53593833,24.56865166],[117.52670037,24.56692761],[117.51955582,24.59003399],[117.52427146,24.59426902],[117.54456943,24.59530445],[117.53486986,24.60696541],[117.52333369,24.6090182],[117.4893073,24.62471659],[117.49559339,24.64053568],[117.49688238,24.65722363],[117.50736561,24.66506085]]]},"properties":{"gml_id":"layer_county_boundary_pg.2223","Name":"南靖县","layer":"区县","code":"350627000000","grade":3}},
{"type":"Feature","geometry":{"type":"Polygon","coordinates":[[[117.43899243,24.09816094],[117.44174525,24.10434766],[117.43599756,24.1335613],[117.43969615,24.16278068],[117.42569062,24.21288626],[117.41307458,24.23158766],[117.41819749,24.2439504],[117.43646683,24.23921516],[117.43432226,24.2524303],[117.4377292,24.27931539],[117.45635628,24.27272841],[117.46669307,24.2727128],[117.47976388,24.28939211],[117.49874378,24.29879468],[117.51355581,24.31486644],[117.50687364,24.3309709],[117.50275877,24.34084459],[117.50294062,24.37968576],[117.50648295,24.3941439],[117.50127818,24.40929001],[117.51606571,24.41253998],[117.51517524,24.42300178],[117.50251084,24.4278408],[117.49441214,24.45109131],[117.50024927,24.4600274],[117.49713005,24.4901921],[117.50568983,24.50172537],[117.49509874,24.51473546],[117.47555105,24.5128295],[117.46231159,24.50121382],[117.44854362,24.48168305],[117.42564746,24.47841876],[117.42391945,24.46378112],[117.40752751,24.44576609],[117.39293561,24.43734238],[117.38322244,24.44043776],[117.37720769,24.44949977],[117.35542171,24.4388545],[117.33430131,24.45821141],[117.33378299,24.46549869],[117.32391735,24.47689533],[117.30679021,24.46925829],[117.29210459,24.47520116],[117.28084524,24.49516719],[117.26061539,24.50349435],[117.25109534,24.50080391],[117.23663261,24.50852142],[117.22333719,24.50141205],[117.21512087,24.4905468],[117.20313548,24.49080997],[117.20030498,24.47963312],[117.19205481,24.47260703],[117.17943253,24.48016321],[117.16903906,24.4775784],[117.16305502,24.46809649],[117.15147416,24.46357131],[117.13721081,24.47192573],[117.13005634,24.49116039],[117.10600626,24.51449609],[117.0827803,24.52782056],[117.07612159,24.54806981],[117.06689114,24.55960283],[117.04173065,24.55812451],[117.02594604,24.56670564],[117.01815747,24.57961096],[117.01231729,24.55861415],[117.00144909,24.54714252],[116.99204758,24.54345066],[116.97606865,24.54747779],[116.94313929,24.5479771],[116.91755229,24.52964259],[116.90694905,24.51868737],[116.91282524,24.49329755],[116.92256214,24.47126809],[116.93130191,24.4598235],[116.93945155,24.43484095],[116.93032949,24.39301963],[116.92385563,24.38558239],[116.89876537,24.38311549],[116.89939969,24.37286579],[116.89163209,24.35370497],[116.90374655,24.34475723],[116.9048235,24.33221323],[116.91501175,24.32397601],[116.90848621,24.31447431],[116.90974446,24.29070203],[116.91364109,24.28635708],[116.93214372,24.28711717],[116.93453896,24.27803831],[116.93088487,24.25092363],[116.9346002,24.24251779],[116.92947076,24.22220023],[116.94966622,24.22026437],[116.96666897,24.20093693],[116.98644022,24.19264966],[116.99388851,24.1817528],[116.98309053,24.16862428],[116.99928755,24.15475874],[117.00979099,24.15217814],[117.02767414,24.12498591],[117.04416972,24.11778085],[117.07111949,24.10133386],[117.0972888,24.07960428],[117.12021119,24.04715435],[117.13358993,24.04104481],[117.13927625,24.04873473],[117.13437117,24.06461086],[117.14266235,24.06801034],[117.15993869,24.0894782],[117.16788115,24.09357783],[117.18413007,24.09048958],[117.20702793,24.07173862],[117.22305803,24.0723229],[117.2384977,24.06142147],[117.24595294,24.0873251],[117.26054201,24.09618121],[117.26211278,24.10512597],[117.25600314,24.1246913],[117.25997226,24.12936927],[117.25905583,24.14819545],[117.23207633,24.18076511],[117.23166248,24.19209633],[117.25357526,24.20725404],[117.26033999,24.19980112],[117.27591592,24.20236985],[117.27569314,24.2184862],[117.2801511,24.23032237],[117.32378993,24.20666493],[117.34769746,24.16846631],[117.33743648,24.15947679],[117.33304373,24.14297328],[117.33446709,24.13377587],[117.34457194,24.11417758],[117.37118966,24.12202195],[117.38668008,24.11662311],[117.41170318,24.11436355],[117.42004785,24.09477942],[117.43899243,24.09816094]]]},"properties":{"gml_id":"layer_county_boundary_pg.2224","Name":"平和县","layer":"区县","code":"350628000000","grade":3}},
{"type":"Feature","geometry":{"type":"Polygon","coordinates":[[[117.3155076,24.97219454],[117.3042618,24.95799128],[117.28479444,24.93957893],[117.28424308,24.93079092],[117.29858113,24.93377755],[117.31675683,24.92820937],[117.32498623,24.91361466],[117.32276114,24.90557703],[117.31008233,24.90409626],[117.304094,24.89142085],[117.31166123,24.88215128],[117.31272249,24.87165867],[117.32666004,24.8614364],[117.34639083,24.86605974],[117.35666806,24.84213133],[117.38763729,24.82229825],[117.39404113,24.79498239],[117.38873802,24.77579849],[117.40173816,24.77884119],[117.41051889,24.77316922],[117.4314393,24.76950183],[117.44359626,24.75383247],[117.44398233,24.73638445],[117.4659724,24.72827887],[117.47807742,24.72723868],[117.49890845,24.73412319],[117.51100003,24.72278965],[117.51686812,24.71068102],[117.50277139,24.68583187],[117.50155824,24.67516448],[117.50736561,24.66506085],[117.51983957,24.66211056],[117.53607904,24.66316221],[117.54421927,24.65739925],[117.55838385,24.65570186],[117.57786527,24.6740503],[117.59357039,24.68426818],[117.6124744,24.70154263],[117.62920689,24.69640251],[117.62665075,24.68918412],[117.62965825,24.66851155],[117.62722564,24.65189589],[117.64244501,24.65021002],[117.64761765,24.64248106],[117.66300543,24.63931755],[117.6714031,24.64471955],[117.68437341,24.64392438],[117.69736305,24.63302428],[117.70857073,24.63971937],[117.69819834,24.65384117],[117.70870389,24.66334425],[117.70126545,24.67539334],[117.68669603,24.66294125],[117.68793609,24.68857361],[117.67971315,24.69414026],[117.66757627,24.68816241],[117.66157299,24.69723754],[117.67783806,24.71549188],[117.67310669,24.73187191],[117.65368832,24.73218069],[117.63241435,24.75410282],[117.61972558,24.77657901],[117.6120618,24.78542632],[117.61765193,24.80095482],[117.61382433,24.81511787],[117.59722035,24.8261094],[117.61080726,24.83419612],[117.6220431,24.84704597],[117.61996874,24.86971542],[117.61195819,24.88008551],[117.61011001,24.90101109],[117.62667768,24.91586227],[117.62758075,24.92666759],[117.60226466,24.93330997],[117.59959115,24.9509154],[117.61345085,24.96744217],[117.63223301,24.9738955],[117.64995617,24.98430395],[117.64962665,24.99990738],[117.66595387,25.00280343],[117.68020794,24.99142602],[117.69015637,24.99506977],[117.69477515,25.00646956],[117.71140007,25.00822568],[117.71308462,25.0178584],[117.73220242,25.02934402],[117.73347033,25.04011101],[117.72128951,25.04647331],[117.72662876,25.05386518],[117.72175818,25.07400755],[117.71691347,25.08070836],[117.70259716,25.07076128],[117.69410676,25.08155411],[117.67256894,25.09092376],[117.66651867,25.10170718],[117.66665756,25.12729545],[117.64818639,25.13699309],[117.62181841,25.14131214],[117.61575981,25.15098365],[117.61679294,25.16393478],[117.59923583,25.16728058],[117.59193755,25.174359],[117.57728816,25.17785636],[117.56838379,25.19188766],[117.55167726,25.19343831],[117.55054945,25.21462557],[117.54079364,25.2139109],[117.54405751,25.19782536],[117.52660693,25.20111811],[117.52450278,25.18837509],[117.51081474,25.17853736],[117.49242155,25.17707979],[117.49043175,25.16795733],[117.479535,25.16763806],[117.47691713,25.12313888],[117.4980575,25.11194263],[117.50589221,25.09316593],[117.4989222,25.0442989],[117.4855458,25.0196051],[117.49046793,24.97422702],[117.48814912,24.96487039],[117.47869644,24.96097604],[117.44039161,24.96263334],[117.41998751,24.98082898],[117.38859582,24.98334046],[117.37867976,24.98738551],[117.36512959,24.97616572],[117.35657649,24.97465555],[117.33619398,24.98144999],[117.3155076,24.97219454]]]},"properties":{"gml_id":"layer_county_boundary_pg.2225","Name":"华安县","layer":"区县","code":"350629000000","grade":3}},
{"type":"Feature","geometry":{"type":"MultiPolygon","coordinates":[[[[117.8813336,24.5931829],[117.86532971,24.58971451],[117.85986158,24.57785566],[117.84654757,24.56944158],[117.83756324,24.5797086],[117.82684828,24.56958307],[117.81291865,24.56876083],[117.80837741,24.54834876],[117.7781457,24.53480722],[117.78369109,24.51948129],[117.759661,24.50109915],[117.74009705,24.48073569],[117.71819272,24.49204461],[117.69584916,24.49481435],[117.67098698,24.48810584],[117.66466262,24.49316671],[117.65882227,24.49824952],[117.64882334,24.48874453],[117.63792278,24.48786281],[117.63158273,24.49550051],[117.63696909,24.50461277],[117.60788255,24.51455902],[117.59466083,24.50701168],[117.57226604,24.47273487],[117.56004268,24.46894959],[117.53615634,24.47661998],[117.52761435,24.49008807],[117.5161217,24.50043344],[117.50568983,24.50172537],[117.49713005,24.4901921],[117.50024927,24.4600274],[117.49441214,24.45109131],[117.50251084,24.4278408],[117.51517524,24.42300178],[117.51606571,24.41253998],[117.50127818,24.40929001],[117.50648295,24.3941439],[117.50294062,24.37968576],[117.50275877,24.34084459],[117.50687364,24.3309709],[117.5307161,24.33078164],[117.54612241,24.31594202],[117.57382448,24.30236699],[117.59013143,24.30313529],[117.60203871,24.29061866],[117.60048548,24.28580962],[117.58233004,24.27679226],[117.57801689,24.26424948],[117.59271771,24.24733655],[117.60694872,24.24575784],[117.62405442,24.25252874],[117.64050162,24.2876762],[117.6467657,24.29242513],[117.67709303,24.35391502],[117.69126824,24.34081689],[117.69714358,24.31995609],[117.71042282,24.3134244],[117.71884999,24.32561589],[117.70501588,24.34628425],[117.71056557,24.35731812],[117.7220726,24.35424927],[117.73158067,24.33054891],[117.74794125,24.33431058],[117.76192142,24.3413847],[117.78406378,24.33488867],[117.79311948,24.32839678],[117.83094728,24.32417537],[117.8226708,24.31667954],[117.83551425,24.30909916],[117.84517585,24.27669769],[117.85637219,24.26899289],[117.87912972,24.26460112],[117.89225163,24.2713438],[117.89840315,24.26578038],[117.92531114,24.27096152],[117.93165705,24.30337939],[117.94151224,24.3120771],[117.94856157,24.29801916],[117.95676706,24.29065676],[117.97446676,24.28737937],[118.0051942,24.27828129],[118.02698403,24.27549338],[118.02077732,24.26247468],[118.0301704,24.23525499],[118.02457973,24.22090533],[118.03378664,24.21620494],[118.03875307,24.20383053],[118.05178846,24.21198585],[118.05865648,24.22185205],[118.06976163,24.22801997],[118.11081245,24.23199171],[118.11891352,24.23851018],[118.12103176,24.25511435],[118.13856073,24.25441175],[118.150628,24.26137056],[118.15256332,24.28057159],[118.14119975,24.29409044],[118.14076573,24.3089755],[118.13468,24.31734365],[118.12217799,24.32108235],[118.12190849,24.33579145],[118.11640374,24.34990585],[118.10715703,24.35954748],[118.07641189,24.35890342],[118.07121683,24.36628793],[118.07859319,24.37358181],[118.08363608,24.40880074],[118.0813439,24.41293878],[118.04407936,24.42099366],[118.02358981,24.42327588],[118.00068981,24.42142398],[117.9877294,24.42591522],[117.98030845,24.43639161],[117.9702922,24.43777469],[117.95935533,24.44699061],[117.95210908,24.46213893],[117.95763769,24.48331231],[117.95386148,24.50417954],[117.93281584,24.51641194],[117.92657602,24.52965356],[117.90876674,24.53543155],[117.90846379,24.54967616],[117.90379822,24.55837881],[117.90612913,24.57569936],[117.8813336,24.5931829]]],[[[118.14626444,24.32103243],[118.15134624,24.32493656],[118.14846137,24.33854147],[118.14005802,24.33910948],[118.14626444,24.32103243]]]]},"properties":{"gml_id":"layer_county_boundary_pg.2226","Name":"龙海市","layer":"区县","code":"350681000000","grade":3}},
{"type":"Feature","geometry":{"type":"Polygon","coordinates":[[[119.25641394,26.12000311],[119.25350609,26.10392073],[119.23897693,26.0998968],[119.24980886,26.07621736],[119.26702906,26.06154087],[119.27796566,26.06960439],[119.30886439,26.0766942],[119.31778465,26.07280589],[119.31042071,26.10004478],[119.297614,26.12383989],[119.26939713,26.12765038],[119.25641394,26.12000311]]]},"properties":{"gml_id":"layer_county_boundary_pg.2227","Name":"鼓楼区","layer":"区县","code":"350102000000","grade":3}},
{"type":"Feature","geometry":{"type":"Polygon","coordinates":[[[119.26702906,26.06154087],[119.29325188,26.04823391],[119.3207972,26.0542527],[119.34376757,26.04917749],[119.36188604,26.03804868],[119.36377223,26.04485382],[119.35604718,26.06050511],[119.31881932,26.06382491],[119.31778465,26.07280589],[119.30886439,26.0766942],[119.27796566,26.06960439],[119.26702906,26.06154087]]]},"properties":{"gml_id":"layer_county_boundary_pg.2228","Name":"台江区","layer":"区县","code":"350103000000","grade":3}},
{"type":"Feature","geometry":{"type":"Polygon","coordinates":[[[119.26702906,26.06154087],[119.24980886,26.07621736],[119.23897693,26.0998968],[119.23323279,26.10774502],[119.21885615,26.10251456],[119.2222271,26.08324184],[119.22089011,26.05167956],[119.24002752,26.01581255],[119.27975088,25.98455975],[119.29130412,25.97932922],[119.30245717,25.98283227],[119.34183935,25.97784253],[119.36086989,25.97809439],[119.3714626,25.9736556],[119.38093476,25.96272199],[119.40521063,25.96198914],[119.42581434,25.96296252],[119.44180244,25.96914628],[119.43596501,25.9930981],[119.40845837,26.01116688],[119.38554471,26.01826096],[119.36188604,26.03804868],[119.34376757,26.04917749],[119.3207972,26.0542527],[119.29325188,26.04823391],[119.26702906,26.06154087]]]},"properties":{"gml_id":"layer_county_boundary_pg.2229","Name":"仓山区","layer":"区县","code":"350104000000","grade":3}},
{"type":"Feature","geometry":{"type":"Polygon","coordinates":[[[119.36377223,26.04485382],[119.36188604,26.03804868],[119.38554471,26.01826096],[119.40845837,26.01116688],[119.43596501,25.9930981],[119.44180244,25.96914628],[119.47281994,25.98807082],[119.50394494,26.03246165],[119.50586693,26.04809693],[119.52328582,26.07092775],[119.53569392,26.07763363],[119.54726357,26.07461373],[119.55514441,26.06069277],[119.56405407,26.05436374],[119.59881234,26.05230772],[119.65875225,26.0469615],[119.64994727,26.09337975],[119.64015772,26.0937818],[119.63745648,26.1122482],[119.61427856,26.12311292],[119.60983486,26.13599963],[119.55529707,26.12541168],[119.54789387,26.12100947],[119.52752405,26.12706479],[119.51917469,26.13662052],[119.49896673,26.1490676],[119.47290741,26.14632823],[119.46829709,26.15253244],[119.44227714,26.16059921],[119.43133473,26.1588563],[119.43399846,26.14231404],[119.42994796,26.13334214],[119.41618784,26.12397635],[119.42654713,26.11443629],[119.42405388,26.10149573],[119.40850007,26.09435987],[119.40765946,26.08018709],[119.39656941,26.07054831],[119.40154987,26.06227314],[119.39537693,26.0473668],[119.38823071,26.04956199],[119.37067041,26.03829429],[119.36377223,26.04485382]]]},"properties":{"gml_id":"layer_county_boundary_pg.2230","Name":"马尾区","layer":"区县","code":"350105000000","grade":3}},
{"type":"Feature","geometry":{"type":"Polygon","coordinates":[[[119.31778465,26.07280589],[119.31881932,26.06382491],[119.35604718,26.06050511],[119.36377223,26.04485382],[119.37067041,26.03829429],[119.38823071,26.04956199],[119.39537693,26.0473668],[119.40154987,26.06227314],[119.39656941,26.07054831],[119.40765946,26.08018709],[119.40850007,26.09435987],[119.42405388,26.10149573],[119.42654713,26.11443629],[119.41618784,26.12397635],[119.42994796,26.13334214],[119.43399846,26.14231404],[119.43133473,26.1588563],[119.44227714,26.16059921],[119.44291154,26.17622708],[119.42887166,26.18923134],[119.40616593,26.18994532],[119.38472883,26.21625152],[119.38701231,26.22780604],[119.37859876,26.24146285],[119.36057492,26.24474829],[119.34507795,26.26397498],[119.34395745,26.28255868],[119.33362681,26.28759701],[119.33661378,26.30648389],[119.34686594,26.31598128],[119.34555548,26.32473966],[119.33557607,26.32791003],[119.33074809,26.34229864],[119.33165734,26.35556675],[119.31762882,26.36416615],[119.31140578,26.35133237],[119.30012184,26.34630739],[119.29735435,26.36288122],[119.28101361,26.36597758],[119.27844033,26.37198022],[119.2862169,26.38802557],[119.28307976,26.40753722],[119.27075022,26.40228629],[119.25750684,26.40801482],[119.24045227,26.39413323],[119.2342214,26.39960752],[119.22403253,26.39338316],[119.22634074,26.3775556],[119.21726233,26.36904144],[119.19442599,26.36675529],[119.18859408,26.35374108],[119.19420999,26.33525717],[119.18960096,26.32793819],[119.17423637,26.32413887],[119.18060787,26.3059829],[119.17337756,26.29802762],[119.18993972,26.28668762],[119.19492987,26.2745145],[119.18258744,26.27201519],[119.18166627,26.26304177],[119.18931406,26.25318084],[119.20380068,26.25094212],[119.21621299,26.23764683],[119.2140256,26.22029264],[119.20632688,26.20697056],[119.21433771,26.1974386],[119.21487621,26.18634253],[119.2326938,26.18371174],[119.24691017,26.16777976],[119.24487078,26.15840501],[119.23456871,26.14512562],[119.23549688,26.13545082],[119.2506069,26.12782303],[119.25641394,26.12000311],[119.26939713,26.12765038],[119.297614,26.12383989],[119.31042071,26.10004478],[119.31778465,26.07280589]]]},"properties":{"gml_id":"layer_county_boundary_pg.2231","Name":"晋安区","layer":"区县","code":"350111000000","grade":3}},
{"type":"Feature","geometry":{"type":"MultiPolygon","coordinates":[[[[119.96321732,25.94853262],[119.9851734,25.96246684],[119.9721917,25.9679034],[119.96321732,25.94853262]]],[[[119.9328973,25.96700565],[119.94483461,25.98290498],[119.92598017,25.98184856],[119.9328973,25.96700565]]],[[[119.65875225,26.0469615],[119.59881234,26.05230772],[119.56405407,26.05436374],[119.55514441,26.06069277],[119.54726357,26.07461373],[119.53569392,26.07763363],[119.52328582,26.07092775],[119.50586693,26.04809693],[119.50394494,26.03246165],[119.47281994,25.98807082],[119.44180244,25.96914628],[119.42581434,25.96296252],[119.40521063,25.96198914],[119.3978572,25.94647122],[119.40673872,25.92260603],[119.41595187,25.92236463],[119.42016215,25.90022768],[119.41997188,25.88698768],[119.4112626,25.88373341],[119.4170282,25.86960444],[119.41100241,25.85643535],[119.40075682,25.84723751],[119.40458546,25.82681738],[119.41912939,25.83802493],[119.42663935,25.82281183],[119.43588648,25.82526221],[119.45337325,25.81402132],[119.45124605,25.80175987],[119.46518019,25.79777358],[119.46873962,25.79033457],[119.50400158,25.79507265],[119.52287158,25.79422302],[119.52598784,25.79872107],[119.54588944,25.79040462],[119.53484093,25.76559335],[119.5481549,25.75716231],[119.5666495,25.75553345],[119.58146389,25.74866622],[119.56974777,25.71606669],[119.57627356,25.70465044],[119.57888559,25.68219352],[119.59855238,25.68836973],[119.60733505,25.70711802],[119.59925474,25.7142403],[119.60778636,25.73013635],[119.63106528,25.74919521],[119.63215618,25.76391823],[119.62270538,25.77298582],[119.62127381,25.80787263],[119.6240421,25.87519454],[119.63035181,25.89030238],[119.63860589,25.89539848],[119.68435132,25.90116159],[119.69066287,25.90747073],[119.69794669,25.93465412],[119.71064749,25.96636585],[119.71747981,25.9934436],[119.71906064,26.01462631],[119.71081283,26.02857886],[119.69563678,26.0356173],[119.67124336,26.02900158],[119.66263273,26.03215717],[119.65875225,26.0469615]]]]},"properties":{"gml_id":"layer_county_boundary_pg.2232","Name":"长乐区","layer":"区县","code":"350112000000","grade":3}},
{"type":"Feature","geometry":{"type":"Polygon","coordinates":[[[119.1315517,26.54524154],[119.11204654,26.54180833],[119.10736818,26.55454832],[119.09106597,26.57140871],[119.06712726,26.57040868],[119.06043254,26.5826011],[119.07195477,26.58949201],[119.06908071,26.59591765],[119.05282687,26.60690102],[119.03996028,26.59930122],[119.02357788,26.60173032],[119.02139753,26.59101715],[119.01090265,26.59308738],[119.0091229,26.57681565],[119.00392333,26.56811099],[118.98907954,26.5570463],[118.99664018,26.54687669],[119.00983509,26.54282723],[119.00440041,26.53236249],[118.98611937,26.52279395],[118.98994713,26.50944146],[118.99898366,26.5123007],[119.01045104,26.50321119],[119.01243851,26.48839772],[119.00474753,26.47573619],[119.00140562,26.4549503],[118.99047648,26.44077903],[118.99055473,26.43390655],[118.97146766,26.42686349],[118.96350835,26.41607344],[118.95663525,26.41841072],[118.94321756,26.40736059],[118.94718363,26.39997868],[118.92813313,26.38384312],[118.92527867,26.36909789],[118.90225411,26.35227076],[118.90361619,26.34418785],[118.89758481,26.3299973],[118.90025795,26.32146511],[118.88485322,26.29109313],[118.87037615,26.28533363],[118.87379774,26.2427973],[118.890348,26.23901859],[118.90766002,26.24953806],[118.9253382,26.25154691],[118.94399778,26.27142987],[118.95365743,26.27057629],[118.95525396,26.25848104],[118.92803035,26.23314914],[118.92328381,26.21538599],[118.92395207,26.18529436],[118.91005772,26.17662939],[118.89744738,26.15754523],[118.89365527,26.1460187],[118.89786462,26.13983505],[118.88886467,26.12785487],[118.88249469,26.10205398],[118.8865904,26.07907999],[118.87721757,26.06629245],[118.86787026,26.06598204],[118.8799684,26.05591459],[118.89270952,26.05839013],[118.91274738,26.06905741],[118.93958275,26.06574472],[118.93419294,26.04860757],[118.93708263,26.04319302],[118.97360458,26.02521838],[119.00246592,26.03022646],[119.00792636,26.01574022],[119.01553077,26.01926336],[119.03354524,26.01347014],[119.05183857,26.01102824],[119.06065948,26.00485563],[119.08480568,26.0019987],[119.10669542,25.9855748],[119.09654538,25.96542542],[119.11183464,25.95089759],[119.10426366,25.92583292],[119.10993346,25.92080783],[119.12193204,25.89572095],[119.12845205,25.89055948],[119.14586845,25.90137539],[119.15752698,25.89464479],[119.17670257,25.89778878],[119.1765728,25.89107707],[119.19927909,25.87879464],[119.19426205,25.86872122],[119.1977945,25.85257526],[119.21335715,25.83932654],[119.23349296,25.82470509],[119.23515875,25.83919297],[119.25584099,25.84007013],[119.27783301,25.85254057],[119.28399582,25.83110709],[119.29170288,25.82681825],[119.30388957,25.83641311],[119.32916616,25.81382146],[119.3433848,25.80354591],[119.35675506,25.81113688],[119.36888395,25.80337924],[119.37134027,25.79464922],[119.38685534,25.79444645],[119.40458546,25.82681738],[119.40075682,25.84723751],[119.41100241,25.85643535],[119.4170282,25.86960444],[119.4112626,25.88373341],[119.41997188,25.88698768],[119.42016215,25.90022768],[119.41595187,25.92236463],[119.40673872,25.92260603],[119.3978572,25.94647122],[119.40521063,25.96198914],[119.38093476,25.96272199],[119.3714626,25.9736556],[119.36086989,25.97809439],[119.34183935,25.97784253],[119.30245717,25.98283227],[119.29130412,25.97932922],[119.27975088,25.98455975],[119.24002752,26.01581255],[119.22089011,26.05167956],[119.2222271,26.08324184],[119.21885615,26.10251456],[119.23323279,26.10774502],[119.23897693,26.0998968],[119.25350609,26.10392073],[119.25641394,26.12000311],[119.2506069,26.12782303],[119.23549688,26.13545082],[119.23456871,26.14512562],[119.24487078,26.15840501],[119.24691017,26.16777976],[119.2326938,26.18371174],[119.21487621,26.18634253],[119.21433771,26.1974386],[119.20632688,26.20697056],[119.2140256,26.22029264],[119.21621299,26.23764683],[119.20380068,26.25094212],[119.18931406,26.25318084],[119.18166627,26.26304177],[119.18258744,26.27201519],[119.19492987,26.2745145],[119.18993972,26.28668762],[119.17337756,26.29802762],[119.18060787,26.3059829],[119.17423637,26.32413887],[119.18960096,26.32793819],[119.19420999,26.33525717],[119.18859408,26.35374108],[119.19442599,26.36675529],[119.21726233,26.36904144],[119.22634074,26.3775556],[119.22403253,26.39338316],[119.2342214,26.39960752],[119.22042176,26.40961022],[119.21270585,26.41990003],[119.15756188,26.4514553],[119.17368149,26.46501455],[119.17434144,26.47063938],[119.15520857,26.48398522],[119.14402763,26.48516078],[119.12641227,26.49263046],[119.11805121,26.50335863],[119.1236682,26.51114351],[119.12316558,26.52387166],[119.1315517,26.54524154]]]},"properties":{"gml_id":"layer_county_boundary_pg.2233","Name":"闽侯县","layer":"区县","code":"350121000000","grade":3}},
{"type":"Feature","geometry":{"type":"MultiPolygon","coordinates":[[[[119.67165355,26.12768129],[119.67961599,26.14418681],[119.67107307,26.14578393],[119.65565445,26.13279592],[119.67165355,26.12768129]]],[[[120.49153142,26.37522382],[120.48073291,26.38406739],[120.46849393,26.37782747],[120.47058568,26.3703371],[120.48282464,26.36869227],[120.48470959,26.35420969],[120.51195328,26.36515731],[120.50724061,26.37394216],[120.49153142,26.37522382]]],[[[119.92522455,26.13761628],[119.94073563,26.14248313],[119.9628541,26.15813191],[119.96062777,26.16863715],[119.94650814,26.16703902],[119.94143056,26.15945748],[119.92459901,26.16370444],[119.91465283,26.15772254],[119.90881096,26.14360236],[119.92522455,26.13761628]]],[[[119.63845187,26.13264279],[119.65047645,26.13593542],[119.64889574,26.1475216],[119.65410079,26.15817083],[119.63844285,26.16049938],[119.62278519,26.17651791],[119.60267541,26.17306376],[119.60314382,26.15437498],[119.6141882,26.14238232],[119.63494428,26.13865704],[119.63845187,26.13264279]]],[[[120.0019321,26.21840323],[120.01171008,26.21980585],[120.01572297,26.22881835],[119.99653407,26.23937651],[119.98374683,26.22764049],[119.96635937,26.22053909],[119.96527652,26.19442368],[119.9725367,26.19435872],[119.9763427,26.21166806],[120.0019321,26.21840323]]],[[[119.28307976,26.40753722],[119.2862169,26.38802557],[119.27844033,26.37198022],[119.28101361,26.36597758],[119.29735435,26.36288122],[119.30012184,26.34630739],[119.31140578,26.35133237],[119.31762882,26.36416615],[119.33165734,26.35556675],[119.33074809,26.34229864],[119.33557607,26.32791003],[119.34555548,26.32473966],[119.34686594,26.31598128],[119.33661378,26.30648389],[119.33362681,26.28759701],[119.34395745,26.28255868],[119.34507795,26.26397498],[119.36057492,26.24474829],[119.37859876,26.24146285],[119.38701231,26.22780604],[119.38472883,26.21625152],[119.40616593,26.18994532],[119.42887166,26.18923134],[119.44291154,26.17622708],[119.44227714,26.16059921],[119.46829709,26.15253244],[119.47290741,26.14632823],[119.49896673,26.1490676],[119.51917469,26.13662052],[119.52752405,26.12706479],[119.54789387,26.12100947],[119.55529707,26.12541168],[119.60983486,26.13599963],[119.60776835,26.14704398],[119.59861262,26.15806577],[119.6008431,26.17311346],[119.62202923,26.18290967],[119.63906632,26.19913789],[119.65993297,26.20535653],[119.66358734,26.22362424],[119.67523669,26.23248306],[119.67535783,26.24182506],[119.66456022,26.26033278],[119.67172127,26.26640033],[119.71944249,26.27282578],[119.76675212,26.28849835],[119.77658001,26.28607332],[119.79320646,26.27151186],[119.81019586,26.28364893],[119.81396354,26.29711867],[119.79927474,26.30227627],[119.80230415,26.31101365],[119.84077726,26.32618145],[119.85666962,26.31926316],[119.85825005,26.3110125],[119.87257015,26.31349717],[119.9056897,26.31385677],[119.90932527,26.324049],[119.93007519,26.33824099],[119.95021093,26.35613667],[119.95841822,26.37471112],[119.93650671,26.37634318],[119.90896029,26.36433711],[119.88944776,26.35933747],[119.87230108,26.36308532],[119.87655507,26.37629773],[119.85715539,26.39450018],[119.85679096,26.40208451],[119.83125493,26.44113354],[119.79558405,26.41346482],[119.78344756,26.40666877],[119.75795723,26.39962527],[119.70891993,26.39719112],[119.69751264,26.4035008],[119.68488976,26.4435449],[119.67008922,26.46198914],[119.65722485,26.46417522],[119.64442152,26.44863964],[119.64122726,26.43804964],[119.6415664,26.41690992],[119.60869822,26.40807529],[119.60502709,26.39926613],[119.58796406,26.38646458],[119.57474644,26.39560811],[119.55530611,26.38504168],[119.54840627,26.39356461],[119.5590387,26.41067429],[119.54303454,26.4207897],[119.53134336,26.4151187],[119.51625002,26.42412259],[119.50402848,26.41996963],[119.50103369,26.42791644],[119.47598933,26.42437811],[119.46697808,26.41157863],[119.45768812,26.41171983],[119.44249435,26.40117149],[119.42578939,26.40757592],[119.41202677,26.4022947],[119.3994891,26.42519816],[119.39778709,26.44357311],[119.38753225,26.43483735],[119.3721997,26.43357799],[119.34758668,26.42093657],[119.33408713,26.42866333],[119.30639735,26.4276392],[119.28307976,26.40753722]]]]},"properties":{"gml_id":"layer_county_boundary_pg.2234","Name":"连江县","layer":"区县","code":"350122000000","grade":3}},
{"type":"Feature","geometry":{"type":"Polygon","coordinates":[[[119.38303576,26.62614033],[119.36652201,26.60474164],[119.35566908,26.6021811],[119.34653211,26.60620317],[119.33994482,26.59061612],[119.31730609,26.5774602],[119.31118956,26.59460378],[119.29420189,26.59477943],[119.28031569,26.57369366],[119.27438726,26.53839879],[119.24888012,26.55191094],[119.23653851,26.53161322],[119.21967495,26.52860012],[119.21064896,26.54007275],[119.21028476,26.54924394],[119.19966098,26.56674033],[119.19125052,26.57220583],[119.17741418,26.55761023],[119.16232796,26.55264913],[119.15447744,26.54452319],[119.1315517,26.54524154],[119.12316558,26.52387166],[119.1236682,26.51114351],[119.11805121,26.50335863],[119.12641227,26.49263046],[119.14402763,26.48516078],[119.15520857,26.48398522],[119.17434144,26.47063938],[119.17368149,26.46501455],[119.15756188,26.4514553],[119.21270585,26.41990003],[119.22042176,26.40961022],[119.2342214,26.39960752],[119.24045227,26.39413323],[119.25750684,26.40801482],[119.27075022,26.40228629],[119.28307976,26.40753722],[119.30639735,26.4276392],[119.33408713,26.42866333],[119.34758668,26.42093657],[119.3721997,26.43357799],[119.38753225,26.43483735],[119.39778709,26.44357311],[119.3994891,26.42519816],[119.41202677,26.4022947],[119.42578939,26.40757592],[119.44249435,26.40117149],[119.45768812,26.41171983],[119.46697808,26.41157863],[119.47598933,26.42437811],[119.50103369,26.42791644],[119.50402848,26.41996963],[119.51625002,26.42412259],[119.53134336,26.4151187],[119.54303454,26.4207897],[119.5590387,26.41067429],[119.54840627,26.39356461],[119.55530611,26.38504168],[119.57474644,26.39560811],[119.58796406,26.38646458],[119.60502709,26.39926613],[119.60869822,26.40807529],[119.6415664,26.41690992],[119.64122726,26.43804964],[119.64442152,26.44863964],[119.65722485,26.46417522],[119.67008922,26.46198914],[119.68488976,26.4435449],[119.69751264,26.4035008],[119.70891993,26.39719112],[119.75795723,26.39962527],[119.78344756,26.40666877],[119.79558405,26.41346482],[119.83125493,26.44113354],[119.83325076,26.4534771],[119.8140845,26.50790271],[119.79546266,26.55024476],[119.77809909,26.57010392],[119.75906822,26.58043948],[119.74506421,26.57784578],[119.7292793,26.56416292],[119.694795,26.57264133],[119.67734626,26.56253472],[119.67054069,26.54108704],[119.64728592,26.52836803],[119.63342406,26.53171819],[119.61807955,26.52462885],[119.60589443,26.53090252],[119.59114082,26.54427537],[119.58086477,26.54073343],[119.56866284,26.54380491],[119.5516615,26.55826557],[119.53015441,26.56454262],[119.51977314,26.57704193],[119.5262139,26.58345608],[119.50192731,26.610604],[119.49580825,26.62460375],[119.46907017,26.63466756],[119.46174416,26.63055496],[119.44414465,26.63389177],[119.40959503,26.62670538],[119.4014338,26.62062097],[119.38303576,26.62614033]]]},"properties":{"gml_id":"layer_county_boundary_pg.2235","Name":"罗源县","layer":"区县","code":"350123000000","grade":3}},
{"type":"Feature","geometry":{"type":"Polygon","coordinates":[[[118.99664018,26.54687669],[118.99032111,26.53216011],[118.97919291,26.53702041],[118.96349145,26.53589318],[118.94918003,26.5290356],[118.94369455,26.51399099],[118.93452207,26.50134687],[118.94636857,26.49513609],[118.94957919,26.48635493],[118.94562203,26.47296784],[118.93368804,26.46915985],[118.92170345,26.48113441],[118.90197673,26.48151442],[118.86752739,26.46998977],[118.86401274,26.45982059],[118.85560684,26.45687813],[118.85019701,26.44299545],[118.82174348,26.42942185],[118.8113095,26.43089988],[118.80361806,26.44040526],[118.80421713,26.45451072],[118.79278425,26.46372862],[118.80000712,26.47170252],[118.79842691,26.49028985],[118.77800735,26.49827088],[118.77810366,26.50900051],[118.75750962,26.51492812],[118.74342228,26.51414732],[118.74173211,26.50668582],[118.75015433,26.48849053],[118.73092404,26.47390326],[118.73033331,26.44862716],[118.7264087,26.44178451],[118.75750041,26.42427154],[118.74853162,26.40184896],[118.76150268,26.39597838],[118.7751681,26.37660713],[118.79422407,26.36390419],[118.78944082,26.34379922],[118.76874294,26.33195563],[118.74868743,26.33757535],[118.74233226,26.34285774],[118.71581671,26.34370424],[118.70676094,26.32998792],[118.68715822,26.3143623],[118.68679393,26.30092138],[118.67668127,26.28814745],[118.66186289,26.27869377],[118.66842495,26.25513674],[118.66402379,26.24678559],[118.65862809,26.23126511],[118.64643255,26.2281306],[118.62682621,26.23810035],[118.60708958,26.23899763],[118.59423565,26.23049896],[118.60786196,26.21369972],[118.58281119,26.21280741],[118.57395112,26.20741339],[118.57452444,26.19745699],[118.5599649,26.17188867],[118.56033876,26.14147218],[118.56840086,26.13222361],[118.58376159,26.13204624],[118.57725285,26.11759924],[118.57916261,26.10185624],[118.58431739,26.09742996],[118.58908172,26.06502878],[118.57601145,26.06548988],[118.54818808,26.06118988],[118.51091018,26.06151109],[118.51777624,26.04530574],[118.51123169,26.02831856],[118.51293233,26.01586699],[118.52128278,26.01464358],[118.52623833,25.99995196],[118.55315195,25.99080034],[118.57167298,26.00731167],[118.59153738,26.00825761],[118.600451,25.99427614],[118.60877298,25.99769645],[118.61747811,25.97876241],[118.61209718,25.96168049],[118.6154558,25.95474694],[118.6544959,25.96526297],[118.66711712,25.96212698],[118.68498226,25.95024042],[118.69073788,25.94041668],[118.70310857,25.93701088],[118.71697317,25.94040298],[118.7187792,25.95316585],[118.73168077,25.9593894],[118.72851148,25.93747034],[118.73653385,25.92501498],[118.74976515,25.92420824],[118.757797,25.93231021],[118.75331698,25.95044783],[118.7619119,25.96443124],[118.77047239,25.96875169],[118.78017026,25.99615368],[118.79232476,25.99994996],[118.79687383,26.00775829],[118.81412338,26.00467443],[118.82070419,26.00952006],[118.81793413,26.03005384],[118.83482664,26.03307451],[118.83269112,26.05124988],[118.8404428,26.05530971],[118.83651026,26.06955921],[118.84867136,26.07394028],[118.86787026,26.06598204],[118.87721757,26.06629245],[118.8865904,26.07907999],[118.88249469,26.10205398],[118.88886467,26.12785487],[118.89786462,26.13983505],[118.89365527,26.1460187],[118.89744738,26.15754523],[118.91005772,26.17662939],[118.92395207,26.18529436],[118.92328381,26.21538599],[118.92803035,26.23314914],[118.95525396,26.25848104],[118.95365743,26.27057629],[118.94399778,26.27142987],[118.9253382,26.25154691],[118.90766002,26.24953806],[118.890348,26.23901859],[118.87379774,26.2427973],[118.87037615,26.28533363],[118.88485322,26.29109313],[118.90025795,26.32146511],[118.89758481,26.3299973],[118.90361619,26.34418785],[118.90225411,26.35227076],[118.92527867,26.36909789],[118.92813313,26.38384312],[118.94718363,26.39997868],[118.94321756,26.40736059],[118.95663525,26.41841072],[118.96350835,26.41607344],[118.97146766,26.42686349],[118.99055473,26.43390655],[118.99047648,26.44077903],[119.00140562,26.4549503],[119.00474753,26.47573619],[119.01243851,26.48839772],[119.01045104,26.50321119],[118.99898366,26.5123007],[118.98994713,26.50944146],[118.98611937,26.52279395],[119.00440041,26.53236249],[119.00983509,26.54282723],[118.99664018,26.54687669]]]},"properties":{"gml_id":"layer_county_boundary_pg.2236","Name":"闽清县","layer":"区县","code":"350124000000","grade":3}},
{"type":"Feature","geometry":{"type":"Polygon","coordinates":[[[118.40485543,25.89224306],[118.40743331,25.87842391],[118.41624665,25.85743488],[118.40005332,25.84598764],[118.39219528,25.84865577],[118.38780204,25.82819205],[118.37717494,25.81690752],[118.4096646,25.79250025],[118.41480556,25.76892549],[118.4200846,25.7641284],[118.42600596,25.73329643],[118.44362222,25.72091641],[118.44951804,25.72353916],[118.47357473,25.71059601],[118.48767233,25.69163595],[118.50410457,25.67943776],[118.51909522,25.66204532],[118.5354814,25.66458393],[118.53889291,25.67453781],[118.58324069,25.69308445],[118.60040687,25.68820901],[118.60057197,25.70017924],[118.62732921,25.70106538],[118.63041906,25.71157887],[118.64908864,25.71479064],[118.66366246,25.71153278],[118.68648366,25.69796776],[118.70007485,25.68560888],[118.72292923,25.69006596],[118.71814508,25.67710867],[118.72523854,25.6710404],[118.7331393,25.68109767],[118.75570468,25.69202235],[118.76772933,25.68927714],[118.79431267,25.70292575],[118.81002579,25.72298246],[118.82180617,25.7228363],[118.83431484,25.71191272],[118.84913963,25.70687895],[118.87333758,25.71189976],[118.87325118,25.70233754],[118.90063294,25.72534082],[118.91581197,25.72941467],[118.92873427,25.74970774],[118.94644761,25.75506661],[118.95044003,25.73575588],[118.94591826,25.72228715],[118.95448448,25.71956853],[118.97081883,25.73509569],[119.01002693,25.73839075],[119.02106049,25.74552517],[119.03634874,25.74459821],[119.04391104,25.74995735],[119.06236065,25.75397631],[119.0655994,25.75868681],[119.06247441,25.76811143],[119.07797248,25.77203878],[119.08029997,25.78189321],[119.09724833,25.79547808],[119.11888479,25.79945976],[119.13150927,25.78838337],[119.14846384,25.78876564],[119.16711089,25.79999182],[119.1700789,25.81610542],[119.18847282,25.82074677],[119.19161526,25.8274623],[119.21335715,25.83932654],[119.1977945,25.85257526],[119.19426205,25.86872122],[119.19927909,25.87879464],[119.1765728,25.89107707],[119.17670257,25.89778878],[119.15752698,25.89464479],[119.14586845,25.90137539],[119.12845205,25.89055948],[119.12193204,25.89572095],[119.10993346,25.92080783],[119.10426366,25.92583292],[119.11183464,25.95089759],[119.09654538,25.96542542],[119.10669542,25.9855748],[119.08480568,26.0019987],[119.06065948,26.00485563],[119.05183857,26.01102824],[119.03354524,26.01347014],[119.01553077,26.01926336],[119.00792636,26.01574022],[119.00246592,26.03022646],[118.97360458,26.02521838],[118.93708263,26.04319302],[118.93419294,26.04860757],[118.93958275,26.06574472],[118.91274738,26.06905741],[118.89270952,26.05839013],[118.8799684,26.05591459],[118.86787026,26.06598204],[118.84867136,26.07394028],[118.83651026,26.06955921],[118.8404428,26.05530971],[118.83269112,26.05124988],[118.83482664,26.03307451],[118.81793413,26.03005384],[118.82070419,26.00952006],[118.81412338,26.00467443],[118.79687383,26.00775829],[118.79232476,25.99994996],[118.78017026,25.99615368],[118.77047239,25.96875169],[118.7619119,25.96443124],[118.75331698,25.95044783],[118.757797,25.93231021],[118.74976515,25.92420824],[118.73653385,25.92501498],[118.72851148,25.93747034],[118.73168077,25.9593894],[118.7187792,25.95316585],[118.71697317,25.94040298],[118.70310857,25.93701088],[118.69073788,25.94041668],[118.68498226,25.95024042],[118.66711712,25.96212698],[118.6544959,25.96526297],[118.6154558,25.95474694],[118.61209718,25.96168049],[118.61747811,25.97876241],[118.60877298,25.99769645],[118.600451,25.99427614],[118.59153738,26.00825761],[118.57167298,26.00731167],[118.55315195,25.99080034],[118.52623833,25.99995196],[118.52128278,26.01464358],[118.51293233,26.01586699],[118.51438209,25.98962338],[118.50927855,25.98029126],[118.5153365,25.9725004],[118.51640409,25.95786044],[118.50976438,25.93664195],[118.51492038,25.92771076],[118.50557164,25.91404837],[118.50713421,25.89780009],[118.48044182,25.90307421],[118.46623085,25.90152135],[118.47209905,25.88500735],[118.47163932,25.87427799],[118.45473573,25.86768099],[118.45892006,25.89241645],[118.44782489,25.90860663],[118.42758571,25.92048117],[118.40485543,25.89224306]]]},"properties":{"gml_id":"layer_county_boundary_pg.2237","Name":"永泰县","layer":"区县","code":"350125000000","grade":3}},
{"type":"Feature","geometry":{"type":"MultiPolygon","coordinates":[[[[119.67050623,25.47786382],[119.67050573,25.470991],[119.67661324,25.45319995],[119.6874505,25.44148445],[119.69852815,25.43633492],[119.71406184,25.42255009],[119.73408083,25.41917452],[119.75216551,25.39905401],[119.76803678,25.39786529],[119.7762413,25.41613243],[119.75670591,25.42146567],[119.75976272,25.43616218],[119.77423557,25.44247984],[119.79931644,25.46045246],[119.80945679,25.46097924],[119.82215432,25.46817765],[119.83559593,25.4656201],[119.84447337,25.45343088],[119.85341358,25.45625821],[119.85991929,25.4726179],[119.83876034,25.48660047],[119.82875315,25.48463852],[119.82369191,25.49432374],[119.81021225,25.49824877],[119.8065914,25.51002184],[119.81014265,25.53228345],[119.81685221,25.53780672],[119.83973482,25.54698149],[119.84986388,25.53645813],[119.86663276,25.53872575],[119.88307073,25.55542667],[119.88616025,25.56867733],[119.88044143,25.57269046],[119.8676219,25.56677211],[119.84131438,25.57270989],[119.82709847,25.58295187],[119.83733874,25.59503674],[119.83634931,25.60426182],[119.80448576,25.6213894],[119.78847331,25.61756109],[119.7759106,25.62656733],[119.77479147,25.64009836],[119.78742305,25.65677079],[119.78005181,25.67040091],[119.74506345,25.64905405],[119.72335762,25.64128973],[119.71493677,25.62530751],[119.7079291,25.62661855],[119.69579287,25.61929004],[119.67929005,25.59883606],[119.68777213,25.58030714],[119.70457865,25.57292651],[119.7132421,25.55030794],[119.70983414,25.52389694],[119.69201675,25.51365608],[119.6872772,25.5044804],[119.67623837,25.50077747],[119.67050623,25.47786382]]],[[[119.65787824,25.64954341],[119.66677914,25.63859838],[119.67881904,25.63589929],[119.69822857,25.64305105],[119.70844496,25.63706866],[119.71742136,25.64268787],[119.71800546,25.65180861],[119.71231317,25.66764156],[119.70143923,25.65932198],[119.67808883,25.6529727],[119.67108421,25.66165516],[119.65787824,25.64954341]]],[[[119.64483871,25.66794594],[119.64325143,25.65785968],[119.66571211,25.66065995],[119.6567929,25.67597744],[119.64483871,25.66794594]]],[[[119.68986514,25.30669498],[119.69184926,25.31375309],[119.70837593,25.31825757],[119.68835671,25.33886025],[119.68267682,25.32818138],[119.68986514,25.30669498]]],[[[119.70057389,25.3556732],[119.72217717,25.35936171],[119.7314082,25.36530998],[119.72233104,25.37468163],[119.69336861,25.36828019],[119.70057389,25.3556732]]],[[[119.89562203,25.58516354],[119.90325927,25.59256994],[119.8874089,25.59780058],[119.87172227,25.60917283],[119.87236685,25.5901885],[119.89562203,25.58516354]]],[[[119.57544472,25.63016683],[119.59665687,25.64404614],[119.6056137,25.65690629],[119.60659002,25.66611127],[119.59696815,25.6698096],[119.57639942,25.65300628],[119.57514424,25.64491644],[119.56475531,25.6387117],[119.57544472,25.63016683]]]]},"properties":{"gml_id":"layer_county_boundary_pg.2238","Name":"平潭县","layer":"区县","code":"350128000000","grade":3}},
{"type":"Feature","geometry":{"type":"MultiPolygon","coordinates":[[[[119.46928503,25.33407508],[119.48123051,25.33995256],[119.48448532,25.3540937],[119.46686791,25.34791499],[119.46928503,25.33407508]]],[[[119.57888559,25.68219352],[119.57627356,25.70465044],[119.56974777,25.71606669],[119.58146389,25.74866622],[119.5666495,25.75553345],[119.5481549,25.75716231],[119.53484093,25.76559335],[119.54588944,25.79040462],[119.52598784,25.79872107],[119.52287158,25.79422302],[119.50400158,25.79507265],[119.46873962,25.79033457],[119.46518019,25.79777358],[119.45124605,25.80175987],[119.45337325,25.81402132],[119.43588648,25.82526221],[119.42663935,25.82281183],[119.41912939,25.83802493],[119.40458546,25.82681738],[119.38685534,25.79444645],[119.37134027,25.79464922],[119.36888395,25.80337924],[119.35675506,25.81113688],[119.3433848,25.80354591],[119.32916616,25.81382146],[119.30388957,25.83641311],[119.29170288,25.82681825],[119.28399582,25.83110709],[119.27783301,25.85254057],[119.25584099,25.84007013],[119.23515875,25.83919297],[119.23349296,25.82470509],[119.21335715,25.83932654],[119.19161526,25.8274623],[119.18847282,25.82074677],[119.1700789,25.81610542],[119.16711089,25.79999182],[119.14846384,25.78876564],[119.13150927,25.78838337],[119.11888479,25.79945976],[119.09724833,25.79547808],[119.08029997,25.78189321],[119.07797248,25.77203878],[119.06247441,25.76811143],[119.0655994,25.75868681],[119.07357013,25.75104392],[119.0885132,25.75208237],[119.10081703,25.75724311],[119.128973,25.75505009],[119.14810847,25.74439683],[119.14185759,25.73433952],[119.12411981,25.72236744],[119.14367777,25.70924669],[119.13671824,25.6998735],[119.1435936,25.68260152],[119.12841814,25.649061],[119.12909508,25.6361048],[119.14658273,25.62141219],[119.16651137,25.58826949],[119.15325542,25.58508155],[119.16395947,25.56907907],[119.17588611,25.55785724],[119.18712765,25.55810359],[119.20089403,25.55061098],[119.22370272,25.56665402],[119.23028954,25.54555764],[119.23912493,25.53234648],[119.23830081,25.51648005],[119.2260722,25.5066781],[119.21721039,25.49237127],[119.2046601,25.49542422],[119.20793253,25.47478577],[119.21500629,25.47144921],[119.25162281,25.49110238],[119.25141451,25.48201687],[119.26597317,25.47602278],[119.25675203,25.45411983],[119.25845502,25.43069872],[119.2832636,25.41376519],[119.31702325,25.41475081],[119.321305,25.42809131],[119.33345454,25.43169798],[119.34154526,25.42551586],[119.35068652,25.43182059],[119.34971397,25.44638241],[119.33879248,25.47520057],[119.34534756,25.5080264],[119.35214444,25.52337903],[119.39250825,25.50892132],[119.3989686,25.49459754],[119.41978935,25.49065657],[119.43070187,25.5021685],[119.44811706,25.49643045],[119.43795322,25.47521759],[119.43642476,25.46208352],[119.4424766,25.45342243],[119.42540797,25.43837661],[119.43355698,25.43002938],[119.43381561,25.41529582],[119.45181066,25.43771347],[119.45769709,25.45064629],[119.48641457,25.44815795],[119.48121426,25.42514756],[119.50261318,25.39911242],[119.50073773,25.39195361],[119.48650185,25.37985314],[119.48104968,25.37000964],[119.49614629,25.36918442],[119.51536415,25.37974156],[119.52939859,25.37541986],[119.52718515,25.36351654],[119.54404951,25.36901104],[119.54766832,25.38335745],[119.56040936,25.38819503],[119.56379364,25.39680513],[119.57445938,25.40374085],[119.57076093,25.41412834],[119.55087114,25.43207845],[119.55900283,25.45191857],[119.57204738,25.45094547],[119.57968456,25.42892853],[119.5766125,25.41648794],[119.58598517,25.40114514],[119.57831311,25.38286732],[119.5798497,25.37306686],[119.59203495,25.35589263],[119.58437135,25.34873505],[119.59297179,25.33765466],[119.6075948,25.34391296],[119.63162278,25.34157889],[119.6446539,25.34583485],[119.65409151,25.35690129],[119.63875407,25.35886211],[119.64990613,25.37285],[119.66076769,25.37497016],[119.6520433,25.39989438],[119.6536483,25.41073138],[119.66455063,25.41179409],[119.66794196,25.42186156],[119.66565312,25.43837641],[119.65355321,25.44195698],[119.64665219,25.43258231],[119.62164224,25.43386921],[119.6237313,25.44133345],[119.63670608,25.44735902],[119.64449167,25.46461152],[119.67050573,25.470991],[119.67050623,25.47786382],[119.64969028,25.47320265],[119.64820617,25.4885805],[119.63959589,25.48858109],[119.6300046,25.47814854],[119.62005816,25.47681333],[119.62284433,25.49186043],[119.60950496,25.50781949],[119.60695346,25.5189856],[119.61583995,25.53772322],[119.60577285,25.57047448],[119.59594813,25.57998738],[119.59850044,25.58895656],[119.59235512,25.59636218],[119.58228775,25.59513799],[119.56393255,25.58497427],[119.53024911,25.58830672],[119.52914689,25.59698251],[119.5379309,25.60551441],[119.53666948,25.62787334],[119.52794631,25.63359951],[119.52113065,25.62719347],[119.50627297,25.63060257],[119.49918489,25.62733097],[119.48868731,25.63523719],[119.4735547,25.63428164],[119.4682382,25.66509069],[119.48459763,25.67081716],[119.48555172,25.67640581],[119.5220556,25.68601553],[119.5391627,25.68742201],[119.57888559,25.68219352]]]]},"properties":{"gml_id":"layer_county_boundary_pg.2239","Name":"福清市","layer":"区县","code":"350181000000","grade":3}},
{"type":"Feature","geometry":{"type":"Polygon","coordinates":[[[118.97478857,25.53503364],[118.95635664,25.53529996],[118.95452688,25.54625419],[118.95787839,25.56279712],[118.96826861,25.5736281],[118.9651215,25.58481806],[118.9467353,25.58324472],[118.94112077,25.59086711],[118.92728121,25.58793644],[118.92363893,25.58370831],[118.93212037,25.56925106],[118.93545208,25.55564156],[118.8975463,25.54583446],[118.88494122,25.56921584],[118.86434674,25.5666002],[118.85419991,25.55437248],[118.83906185,25.54614219],[118.84183998,25.53322561],[118.8561529,25.5272239],[118.85690792,25.51503004],[118.84444452,25.50836705],[118.84102494,25.48443504],[118.83361196,25.48133875],[118.8329112,25.45877256],[118.82424134,25.45406619],[118.82690015,25.43318144],[118.8404641,25.43938773],[118.85538055,25.43072445],[118.84902703,25.41797388],[118.84801102,25.39340376],[118.8552195,25.35719593],[118.85362656,25.34898654],[118.84311819,25.33815609],[118.86817874,25.32232153],[118.86812458,25.30944049],[118.89115499,25.30566586],[118.89691826,25.27854133],[118.91235752,25.26015982],[118.92556623,25.25881798],[118.95440657,25.27597914],[118.9811046,25.2731037],[118.99001084,25.27958015],[119.01818852,25.27188887],[119.03365852,25.26654971],[119.04100426,25.27789891],[119.04703019,25.30013125],[119.02963159,25.31224997],[119.02524204,25.31988005],[119.02772775,25.33155549],[119.00688018,25.33496178],[118.99932187,25.34983215],[118.97894845,25.34724622],[118.97183421,25.36763921],[118.98405993,25.37970428],[118.98326402,25.38797694],[118.99183355,25.40399476],[119.00021096,25.40281316],[119.01866275,25.41191341],[119.02188178,25.42305163],[119.00827536,25.43232967],[119.01396207,25.45118322],[119.01153938,25.46058357],[119.02216573,25.46609772],[119.01393543,25.48832898],[119.00162348,25.49363712],[118.99773529,25.50123617],[118.97606432,25.50855633],[118.9813611,25.51681141],[118.97478857,25.53503364]]]},"properties":{"gml_id":"layer_county_boundary_pg.2240","Name":"城厢区","layer":"区县","code":"350302000000","grade":3}},
{"type":"Feature","geometry":{"type":"Polygon","coordinates":[[[119.0655994,25.75868681],[119.06236065,25.75397631],[119.04391104,25.74995735],[119.03634874,25.74459821],[119.02106049,25.74552517],[119.01002693,25.73839075],[118.97081883,25.73509569],[118.95448448,25.71956853],[118.94591826,25.72228715],[118.95044003,25.73575588],[118.94644761,25.75506661],[118.92873427,25.74970774],[118.91581197,25.72941467],[118.90063294,25.72534082],[118.87325118,25.70233754],[118.87333758,25.71189976],[118.84913963,25.70687895],[118.8544926,25.69134515],[118.84654206,25.67952632],[118.84613114,25.6681799],[118.85327928,25.65463483],[118.86468341,25.64751238],[118.86769888,25.63676193],[118.88856194,25.63579472],[118.89825012,25.63137332],[118.89326487,25.6223639],[118.90318701,25.61468709],[118.91820716,25.62086282],[118.92693451,25.61931426],[118.92728121,25.58793644],[118.94112077,25.59086711],[118.9467353,25.58324472],[118.9651215,25.58481806],[118.96826861,25.5736281],[118.95787839,25.56279712],[118.95452688,25.54625419],[118.95635664,25.53529996],[118.97478857,25.53503364],[118.98146669,25.54510765],[118.99530018,25.54908338],[119.00837102,25.54161925],[119.02245983,25.56068176],[119.04411669,25.56064479],[119.04772269,25.54217673],[119.04406954,25.52382493],[119.06264997,25.50327198],[119.06519189,25.47963083],[119.05638278,25.47602458],[119.06177181,25.44352733],[119.08154934,25.43233172],[119.08117748,25.42024942],[119.1003471,25.42056632],[119.1135535,25.42571192],[119.11894498,25.4098638],[119.14059751,25.39579938],[119.14099233,25.40779013],[119.14677936,25.42915005],[119.1638667,25.44140888],[119.18001095,25.42996456],[119.19138326,25.42827612],[119.19174878,25.4441452],[119.21500629,25.47144921],[119.20793253,25.47478577],[119.2046601,25.49542422],[119.21721039,25.49237127],[119.2260722,25.5066781],[119.23830081,25.51648005],[119.23912493,25.53234648],[119.23028954,25.54555764],[119.22370272,25.56665402],[119.20089403,25.55061098],[119.18712765,25.55810359],[119.17588611,25.55785724],[119.16395947,25.56907907],[119.15325542,25.58508155],[119.16651137,25.58826949],[119.14658273,25.62141219],[119.12909508,25.6361048],[119.12841814,25.649061],[119.1435936,25.68260152],[119.13671824,25.6998735],[119.14367777,25.70924669],[119.12411981,25.72236744],[119.14185759,25.73433952],[119.14810847,25.74439683],[119.128973,25.75505009],[119.10081703,25.75724311],[119.0885132,25.75208237],[119.07357013,25.75104392],[119.0655994,25.75868681]]]},"properties":{"gml_id":"layer_county_boundary_pg.2241","Name":"涵江区","layer":"区县","code":"350303000000","grade":3}},
{"type":"Feature","geometry":{"type":"Polygon","coordinates":[[[119.14059751,25.39579938],[119.11894498,25.4098638],[119.1135535,25.42571192],[119.1003471,25.42056632],[119.08117748,25.42024942],[119.08154934,25.43233172],[119.06177181,25.44352733],[119.05638278,25.47602458],[119.06519189,25.47963083],[119.06264997,25.50327198],[119.04406954,25.52382493],[119.04772269,25.54217673],[119.04411669,25.56064479],[119.02245983,25.56068176],[119.00837102,25.54161925],[118.99530018,25.54908338],[118.98146669,25.54510765],[118.97478857,25.53503364],[118.9813611,25.51681141],[118.97606432,25.50855633],[118.99773529,25.50123617],[119.00162348,25.49363712],[119.01393543,25.48832898],[119.02216573,25.46609772],[119.01153938,25.46058357],[119.01396207,25.45118322],[119.00827536,25.43232967],[119.02188178,25.42305163],[119.01866275,25.41191341],[119.00021096,25.40281316],[118.99183355,25.40399476],[118.98326402,25.38797694],[118.98405993,25.37970428],[118.97183421,25.36763921],[118.97894845,25.34724622],[118.99932187,25.34983215],[119.00688018,25.33496178],[119.02772775,25.33155549],[119.02524204,25.31988005],[119.02963159,25.31224997],[119.02930108,25.31858829],[119.04118716,25.32727354],[119.05069066,25.3474392],[119.05170287,25.3565334],[119.0674708,25.35735695],[119.07139631,25.35235815],[119.09435111,25.35464175],[119.11452863,25.3414117],[119.11897467,25.33354211],[119.14237263,25.32878361],[119.17201296,25.30109551],[119.18933227,25.29329237],[119.22025806,25.29601108],[119.23004392,25.30486378],[119.23575111,25.31962944],[119.23112352,25.33395468],[119.2223224,25.34763812],[119.22350109,25.35351276],[119.21403543,25.37070798],[119.19051182,25.37104671],[119.16622322,25.3786436],[119.15782209,25.38971761],[119.1469008,25.38567629],[119.14059751,25.39579938]]]},"properties":{"gml_id":"layer_county_boundary_pg.2242","Name":"荔城区","layer":"区县","code":"350304000000","grade":3}},
{"type":"Feature","geometry":{"type":"MultiPolygon","coordinates":[[[[119.23575111,25.31962944],[119.23004392,25.30486378],[119.22025806,25.29601108],[119.18933227,25.29329237],[119.17201296,25.30109551],[119.14237263,25.32878361],[119.11897467,25.33354211],[119.11452863,25.3414117],[119.09435111,25.35464175],[119.07139631,25.35235815],[119.0674708,25.35735695],[119.05170287,25.3565334],[119.05069066,25.3474392],[119.04118716,25.32727354],[119.02930108,25.31858829],[119.02963159,25.31224997],[119.04703019,25.30013125],[119.04100426,25.27789891],[119.03365852,25.26654971],[119.01818852,25.27188887],[119.01274719,25.25821721],[119.00166951,25.25788023],[118.99041428,25.26825457],[118.97885644,25.24062387],[118.97044676,25.24045197],[118.97381305,25.2256596],[118.98534051,25.21449595],[118.98534022,25.20465224],[119.00494016,25.20561285],[119.01486253,25.21333433],[119.05035064,25.22209034],[119.05072706,25.2325855],[119.06553852,25.23524144],[119.07625305,25.22138686],[119.06753658,25.21054248],[119.06737103,25.19389526],[119.0579391,25.176545],[119.04944633,25.17118008],[119.02950779,25.17800366],[119.02330944,25.16268],[119.02435672,25.14229066],[119.0309014,25.12847672],[119.0472021,25.1193285],[119.05114204,25.11224163],[119.07077749,25.10242945],[119.07792874,25.11115649],[119.1294256,25.10871955],[119.12405106,25.09785986],[119.10239713,25.07794861],[119.11312008,25.06072615],[119.10115495,25.04713891],[119.10764096,25.03447561],[119.12576948,25.02713653],[119.13233362,25.04500294],[119.14205726,25.05340686],[119.13453,25.07329265],[119.13693506,25.08533789],[119.15332363,25.09489059],[119.15946108,25.12182821],[119.16099632,25.14809586],[119.15607185,25.15357628],[119.14149224,25.14934004],[119.13701283,25.17216439],[119.1138841,25.17834391],[119.1031857,25.19667824],[119.11423971,25.21499475],[119.13364029,25.22729129],[119.14186368,25.20684153],[119.17766638,25.18092897],[119.19423664,25.17912896],[119.21567457,25.19000939],[119.22704389,25.19176813],[119.25632724,25.17843848],[119.26464993,25.16275262],[119.28881278,25.18115448],[119.29625114,25.18077395],[119.30870198,25.19721249],[119.29689214,25.20727377],[119.28864789,25.23785307],[119.30841138,25.2400911],[119.32729179,25.23359139],[119.33610252,25.2435718],[119.35139042,25.24285217],[119.37339812,25.25151836],[119.38016155,25.27826925],[119.36483786,25.27414533],[119.3490721,25.28324676],[119.33085903,25.28812664],[119.30873273,25.30915372],[119.29425538,25.3315835],[119.28789299,25.3339034],[119.26264494,25.33230834],[119.24888028,25.33863251],[119.24272722,25.33503133],[119.24432429,25.32346838],[119.23575111,25.31962944]]],[[[119.01336315,25.17605923],[119.02227879,25.1741431],[119.03140668,25.18691738],[119.02646473,25.1920319],[119.01072022,25.18506649],[119.01336315,25.17605923]]],[[[119.46627273,25.1997645],[119.47981119,25.19101274],[119.50386021,25.18470565],[119.50484663,25.17372218],[119.51666681,25.16947375],[119.52198599,25.16097803],[119.54461651,25.16509356],[119.55009342,25.17402381],[119.54326541,25.18408063],[119.55013498,25.19597879],[119.56647286,25.19631194],[119.5728405,25.21164615],[119.56220044,25.21290487],[119.55059642,25.20645426],[119.54058369,25.2131597],[119.53597552,25.20494843],[119.51356177,25.21081603],[119.49458101,25.22456062],[119.49479146,25.24308011],[119.47756972,25.25271713],[119.46671565,25.26226906],[119.46260893,25.25313413],[119.43436374,25.23946975],[119.44178171,25.22514202],[119.43616548,25.2142461],[119.4392672,25.20469383],[119.46627273,25.1997645]]],[[[119.51255409,25.26758898],[119.52520073,25.27630532],[119.51492854,25.28265027],[119.51255409,25.26758898]]]]},"properties":{"gml_id":"layer_county_boundary_pg.2243","Name":"秀屿区","layer":"区县","code":"350305000000","grade":3}},
{"type":"Feature","geometry":{"type":"Polygon","coordinates":[[[118.87853623,25.24400123],[118.91357127,25.24882083],[118.91235752,25.26015982],[118.89691826,25.27854133],[118.89115499,25.30566586],[118.86812458,25.30944049],[118.86817874,25.32232153],[118.84311819,25.33815609],[118.85362656,25.34898654],[118.8552195,25.35719593],[118.84801102,25.39340376],[118.84902703,25.41797388],[118.85538055,25.43072445],[118.8404641,25.43938773],[118.82690015,25.43318144],[118.82424134,25.45406619],[118.8329112,25.45877256],[118.83361196,25.48133875],[118.84102494,25.48443504],[118.84444452,25.50836705],[118.85690792,25.51503004],[118.8561529,25.5272239],[118.84183998,25.53322561],[118.83906185,25.54614219],[118.85419991,25.55437248],[118.86434674,25.5666002],[118.88494122,25.56921584],[118.8975463,25.54583446],[118.93545208,25.55564156],[118.93212037,25.56925106],[118.92363893,25.58370831],[118.92728121,25.58793644],[118.92693451,25.61931426],[118.91820716,25.62086282],[118.90318701,25.61468709],[118.89326487,25.6223639],[118.89825012,25.63137332],[118.88856194,25.63579472],[118.86769888,25.63676193],[118.86468341,25.64751238],[118.85327928,25.65463483],[118.84613114,25.6681799],[118.84654206,25.67952632],[118.8544926,25.69134515],[118.84913963,25.70687895],[118.83431484,25.71191272],[118.82180617,25.7228363],[118.81002579,25.72298246],[118.79431267,25.70292575],[118.76772933,25.68927714],[118.75570468,25.69202235],[118.7331393,25.68109767],[118.72523854,25.6710404],[118.71814508,25.67710867],[118.72292923,25.69006596],[118.70007485,25.68560888],[118.68648366,25.69796776],[118.66366246,25.71153278],[118.64908864,25.71479064],[118.63041906,25.71157887],[118.62732921,25.70106538],[118.60057197,25.70017924],[118.60040687,25.68820901],[118.58324069,25.69308445],[118.53889291,25.67453781],[118.5354814,25.66458393],[118.54028963,25.65958549],[118.52670729,25.64535576],[118.54552339,25.63526604],[118.54061122,25.62084407],[118.50687317,25.5814602],[118.50532806,25.56473911],[118.49236039,25.55845703],[118.45994456,25.51896479],[118.46086488,25.4976825],[118.47459063,25.48364042],[118.45506544,25.4488843],[118.46500576,25.42677632],[118.47964287,25.42550081],[118.48294153,25.4067058],[118.49269872,25.40364234],[118.48966018,25.38846864],[118.49855827,25.3874571],[118.5133579,25.37490886],[118.5251711,25.3573492],[118.51792269,25.35013659],[118.51774906,25.33686568],[118.50821042,25.32040377],[118.51587447,25.3152495],[118.52362535,25.32870402],[118.53125488,25.32042607],[118.52568303,25.30981198],[118.5287905,25.29417809],[118.55900979,25.29320572],[118.56577105,25.28978581],[118.57379023,25.30424003],[118.59170226,25.30534552],[118.59962554,25.29862328],[118.62109771,25.29646405],[118.6282141,25.30432388],[118.65116282,25.30487821],[118.66187405,25.29265651],[118.65802066,25.28294037],[118.64191052,25.27136379],[118.65506921,25.26065725],[118.67154447,25.27231326],[118.6911801,25.26132215],[118.68014657,25.24755663],[118.67923554,25.21770157],[118.68302052,25.20949482],[118.67327141,25.19454154],[118.67321951,25.1806183],[118.68743853,25.17216158],[118.68699641,25.15775629],[118.7006167,25.16057674],[118.71285781,25.17224764],[118.72107942,25.1715512],[118.73635222,25.18998264],[118.76044461,25.19780386],[118.77384159,25.19816643],[118.77723609,25.21660649],[118.79637083,25.21991988],[118.83092003,25.22265346],[118.83673592,25.2290861],[118.85213483,25.22577148],[118.8649713,25.23058455],[118.86510977,25.24058467],[118.87853623,25.24400123]]]},"properties":{"gml_id":"layer_county_boundary_pg.2244","Name":"仙游县","layer":"区县","code":"350322000000","grade":3}},
{"type":"Feature","geometry":{"type":"Polygon","coordinates":[[[117.20734919,25.5731032],[117.19216458,25.56215453],[117.17837772,25.57801153],[117.1673782,25.57362924],[117.16633753,25.5596369],[117.15889449,25.54605098],[117.14330341,25.52569711],[117.1421741,25.50893282],[117.12463436,25.50805714],[117.09490137,25.52300381],[117.08948419,25.51042597],[117.1008829,25.5085184],[117.10269543,25.49954833],[117.08324887,25.50296453],[117.05969021,25.51045365],[117.0434366,25.52842798],[117.00951888,25.53628611],[116.99050038,25.53408076],[116.97690701,25.5220133],[116.96106612,25.52383453],[116.9529479,25.51441439],[116.94009069,25.50918984],[116.94412565,25.4853709],[116.93417193,25.46933378],[116.93105588,25.45533512],[116.93652385,25.43417039],[116.93289651,25.41695583],[116.91975528,25.41216798],[116.91846087,25.39010935],[116.92587297,25.37636692],[116.91650936,25.36769876],[116.92204607,25.36017828],[116.9366321,25.35559287],[116.94163125,25.34454142],[116.93147728,25.33654914],[116.92634778,25.32301913],[116.92652158,25.30670666],[116.90415724,25.28475358],[116.88758524,25.27161313],[116.89918769,25.25688072],[116.90889193,25.25304674],[116.92219332,25.23795974],[116.93259789,25.23497375],[116.9287707,25.22600752],[116.91483597,25.22001296],[116.91342533,25.21302818],[116.89899216,25.20826908],[116.87321655,25.20861011],[116.84714381,25.19814916],[116.83522587,25.18900453],[116.81872369,25.16954061],[116.81189192,25.16703804],[116.79067458,25.16940907],[116.78359083,25.16713628],[116.75723226,25.14424528],[116.74332308,25.14221995],[116.70772698,25.15059325],[116.68242091,25.13710888],[116.67532027,25.12816685],[116.69299502,25.12444445],[116.70281271,25.1131582],[116.72402288,25.11149226],[116.74218529,25.10431648],[116.74466916,25.08937685],[116.74089226,25.07188921],[116.76742446,25.06811818],[116.78334066,25.07965375],[116.8062274,25.07685489],[116.81195557,25.08682414],[116.82343892,25.08908041],[116.83166,25.07663722],[116.84067972,25.07963633],[116.85779046,25.07628348],[116.87317262,25.06175484],[116.88346538,25.04792455],[116.88384724,25.02150319],[116.89262144,25.01043607],[116.9074962,25.00876145],[116.92058335,25.0018105],[116.92936667,24.99189097],[116.92905414,24.97994708],[116.91409172,24.96232586],[116.92060953,24.95494402],[116.93499864,24.95740407],[116.94839008,24.96400532],[116.9579461,24.95913371],[116.97768316,24.97144319],[116.99078072,24.96770252],[116.99755099,24.96031804],[117.00927877,24.93866175],[117.02693517,24.93926392],[117.05338097,24.93039839],[117.05963229,24.92255736],[117.05450969,24.91063719],[117.03784924,24.90727531],[117.03930745,24.89876613],[117.05263451,24.89272689],[117.07897681,24.87053673],[117.07813487,24.85606711],[117.06012635,24.83801267],[117.05881588,24.8278888],[117.06418114,24.8246366],[117.06707283,24.8103336],[117.06573582,24.78854239],[117.07567727,24.78372483],[117.09732303,24.79219361],[117.12541968,24.7874198],[117.13919734,24.79307288],[117.1494069,24.81603475],[117.16438147,24.82877791],[117.16725528,24.86867449],[117.19305568,24.88795044],[117.19166564,24.90360204],[117.1836517,24.9067178],[117.17944861,24.92863518],[117.17723489,24.94566371],[117.18768202,24.95830766],[117.19905602,24.96421426],[117.20085164,24.97187085],[117.18287624,24.98013414],[117.16803429,24.99732424],[117.17694777,25.01037121],[117.17523403,25.02419217],[117.1821955,25.0452852],[117.19577107,25.07230696],[117.22396114,25.09601629],[117.24253448,25.1142705],[117.24393177,25.13195298],[117.2544425,25.15209565],[117.26691403,25.16395845],[117.26197567,25.17869619],[117.24833256,25.17786955],[117.24155468,25.18434925],[117.24140669,25.19854763],[117.25214246,25.20320066],[117.26100604,25.2151634],[117.24498519,25.21774129],[117.25481635,25.23296418],[117.26930119,25.24320286],[117.30050338,25.25699579],[117.31463412,25.25276106],[117.32405202,25.2605062],[117.32213367,25.27338321],[117.33059752,25.28710963],[117.32690828,25.29977227],[117.31278561,25.30561757],[117.31825467,25.31806212],[117.31424425,25.34502029],[117.32798395,25.35063168],[117.33244265,25.36162164],[117.31474249,25.3798829],[117.33282393,25.38621947],[117.32795135,25.40020798],[117.29570916,25.4146838],[117.30186314,25.42310309],[117.30380618,25.44468436],[117.28853888,25.46730984],[117.28986668,25.47534099],[117.30043294,25.48240786],[117.30758874,25.49571198],[117.28050647,25.51025708],[117.27237082,25.5179007],[117.26049794,25.51163318],[117.25196554,25.51948737],[117.2568343,25.52634686],[117.22932911,25.56285112],[117.20734919,25.5731032]]]},"properties":{"gml_id":"layer_county_boundary_pg.2245","Name":"新罗区","layer":"区县","code":"350802000000","grade":3}},
{"type":"Feature","geometry":{"type":"Polygon","coordinates":[[[116.89939969,24.37286579],[116.89876537,24.38311549],[116.92385563,24.38558239],[116.93032949,24.39301963],[116.93945155,24.43484095],[116.93130191,24.4598235],[116.92256214,24.47126809],[116.91282524,24.49329755],[116.90694905,24.51868737],[116.91755229,24.52964259],[116.94313929,24.5479771],[116.97606865,24.54747779],[116.99204758,24.54345066],[117.00144909,24.54714252],[117.01231729,24.55861415],[117.01815747,24.57961096],[117.0203359,24.60482325],[117.01013619,24.61860108],[117.0150152,24.63181118],[117.03255172,24.62889579],[117.03854151,24.63633863],[117.04200489,24.65601902],[117.02849194,24.67256122],[117.03443113,24.69353383],[117.0220055,24.69671296],[117.01368243,24.7120309],[117.01897401,24.74265204],[117.01861789,24.77642441],[117.0230806,24.78298245],[117.04715752,24.79612473],[117.04787626,24.81481337],[117.05172253,24.82643982],[117.05881588,24.8278888],[117.06012635,24.83801267],[117.07813487,24.85606711],[117.07897681,24.87053673],[117.05263451,24.89272689],[117.03930745,24.89876613],[117.03784924,24.90727531],[117.05450969,24.91063719],[117.05963229,24.92255736],[117.05338097,24.93039839],[117.02693517,24.93926392],[117.00927877,24.93866175],[116.99755099,24.96031804],[116.99078072,24.96770252],[116.97768316,24.97144319],[116.9579461,24.95913371],[116.94839008,24.96400532],[116.93499864,24.95740407],[116.92060953,24.95494402],[116.91409172,24.96232586],[116.92905414,24.97994708],[116.92936667,24.99189097],[116.92058335,25.0018105],[116.9074962,25.00876145],[116.89262144,25.01043607],[116.88384724,25.02150319],[116.88346538,25.04792455],[116.87317262,25.06175484],[116.85779046,25.07628348],[116.84067972,25.07963633],[116.83166,25.07663722],[116.82343892,25.08908041],[116.81195557,25.08682414],[116.8062274,25.07685489],[116.78334066,25.07965375],[116.76742446,25.06811818],[116.74089226,25.07188921],[116.75012143,25.06132945],[116.77012459,25.02914535],[116.76754528,25.01399017],[116.75289065,25.0092098],[116.73902445,25.01361699],[116.72209462,25.00654345],[116.72028884,24.99506358],[116.75197884,24.96464469],[116.75724835,24.95589772],[116.74611748,24.9469744],[116.74152453,24.93320163],[116.73739219,24.90357869],[116.73032442,24.90107315],[116.70565121,24.91263001],[116.6799194,24.90948585],[116.6667687,24.89573565],[116.64153608,24.88477617],[116.63596416,24.87169475],[116.6403472,24.8601193],[116.63924836,24.84640376],[116.64780786,24.83665646],[116.67441087,24.82989933],[116.69218098,24.81630675],[116.67685049,24.80898702],[116.67482103,24.79846493],[116.66082327,24.80106334],[116.64015325,24.79101433],[116.6159233,24.81454249],[116.59576259,24.81091545],[116.57104449,24.79305028],[116.55742627,24.78071281],[116.54342865,24.78405354],[116.54087745,24.80658284],[116.53016778,24.80993013],[116.51293611,24.79710655],[116.48783525,24.79777488],[116.48208608,24.7951251],[116.4695259,24.77369431],[116.46196442,24.7695696],[116.44686673,24.78635579],[116.44057299,24.78704924],[116.41431731,24.76997392],[116.41054011,24.75913125],[116.41237139,24.74573938],[116.43261948,24.7362836],[116.44133639,24.7171767],[116.45120786,24.71646521],[116.4650203,24.72208078],[116.48231382,24.72141835],[116.49693202,24.70118183],[116.50040429,24.66991202],[116.51293766,24.65521108],[116.50217403,24.62415699],[116.50593234,24.618438],[116.52558387,24.60790913],[116.54883503,24.61604807],[116.56602745,24.62477146],[116.56771987,24.63200863],[116.58198772,24.63978157],[116.58893114,24.65329611],[116.5966905,24.65727929],[116.61968071,24.6444361],[116.63070278,24.65073461],[116.66256561,24.66159603],[116.6958659,24.65860627],[116.70269754,24.66800177],[116.7372604,24.66940807],[116.74915552,24.65736008],[116.77293526,24.68242739],[116.7966018,24.68119282],[116.81072609,24.65750458],[116.80733151,24.64780342],[116.79389306,24.64003771],[116.79424841,24.62689502],[116.78289302,24.61759747],[116.77697248,24.60590991],[116.75653476,24.58582202],[116.76314428,24.56705323],[116.75143189,24.55787831],[116.75369724,24.54948613],[116.77475191,24.53053859],[116.77868468,24.52119183],[116.79220212,24.50494298],[116.81541586,24.49002284],[116.82774215,24.49908544],[116.84480734,24.48205778],[116.85622116,24.46524122],[116.84886064,24.45612506],[116.83966052,24.45730747],[116.83437423,24.4455116],[116.84369627,24.42984912],[116.85095233,24.42679457],[116.86492669,24.41023485],[116.86874487,24.39414953],[116.88238851,24.39308426],[116.8930027,24.38447347],[116.89939969,24.37286579]]]},"properties":{"gml_id":"layer_county_boundary_pg.2246","Name":"永定区","layer":"区县","code":"350803000000","grade":3}},
{"type":"Feature","geometry":{"type":"Polygon","coordinates":[[[116.39521921,26.03603676],[116.37841038,26.03238278],[116.37199416,26.018378],[116.3561676,26.003704],[116.35505698,25.99448052],[116.36526551,25.96769206],[116.32148691,25.95957465],[116.31548065,25.94385037],[116.29941458,25.93251971],[116.297644,25.925605],[116.27596264,25.91745896],[116.26354313,25.91726402],[116.25356306,25.9060045],[116.22747439,25.90345739],[116.21883868,25.91163197],[116.20243458,25.90441349],[116.18715895,25.90399593],[116.17285402,25.89733651],[116.16494613,25.87998007],[116.14859128,25.87968387],[116.12578479,25.86156712],[116.12431772,25.84153933],[116.12685216,25.82713423],[116.15443374,25.81244991],[116.15524143,25.80162264],[116.17146547,25.78811568],[116.17677782,25.77932726],[116.17222951,25.77134099],[116.17063201,25.7523418],[116.16110108,25.75132031],[116.16076198,25.76928224],[116.14109099,25.76243129],[116.1246911,25.76196056],[116.11183262,25.74171804],[116.1132999,25.7355787],[116.10309877,25.72453114],[116.10201336,25.70387241],[116.07176287,25.70421823],[116.05524871,25.6976866],[116.05181086,25.68436361],[116.05988488,25.67918963],[116.0526441,25.66293425],[116.05795724,25.65259831],[116.03607015,25.60972004],[116.04712173,25.60132726],[116.0494841,25.58092421],[116.0579405,25.56602169],[116.04924076,25.5496357],[116.03540983,25.55074398],[116.03043578,25.54332657],[116.03169466,25.51753163],[116.01095508,25.51097251],[116.00329842,25.48990197],[116.00246478,25.47654974],[116.01439292,25.47700551],[116.02046951,25.47723333],[116.02911683,25.4606638],[116.04205174,25.45494257],[116.07521941,25.46074559],[116.0818174,25.45891978],[116.10364596,25.43620784],[116.11274764,25.42283466],[116.12787308,25.42116635],[116.14520312,25.43844035],[116.1223728,25.44726737],[116.1242262,25.45649275],[116.13633018,25.45183513],[116.15601652,25.46091595],[116.13453507,25.47274176],[116.13669395,25.47954686],[116.15851577,25.48513607],[116.16824429,25.49771596],[116.1918708,25.48616522],[116.20213869,25.48369943],[116.21057619,25.48857297],[116.21968397,25.48278103],[116.23405803,25.49178127],[116.24375018,25.47671128],[116.2699133,25.47294979],[116.28275867,25.45544699],[116.29363103,25.4498659],[116.30403078,25.45088367],[116.30257464,25.43197292],[116.27434725,25.39105773],[116.26473922,25.36578552],[116.26095526,25.34855587],[116.2726103,25.31225312],[116.29538549,25.30421228],[116.30220662,25.31294243],[116.29562847,25.32764572],[116.30264585,25.34172428],[116.31186386,25.34675214],[116.3118769,25.36013273],[116.32864236,25.36511452],[116.3388778,25.38071964],[116.35863957,25.39552148],[116.36892477,25.38811207],[116.36967279,25.37613838],[116.37786199,25.36254368],[116.40292848,25.36735392],[116.41887802,25.36527826],[116.43002627,25.37767446],[116.43282136,25.40018834],[116.43917138,25.41259235],[116.45462635,25.42199556],[116.46501768,25.42313378],[116.47461995,25.41439133],[116.48348284,25.41392091],[116.49060173,25.42907519],[116.50528836,25.43847214],[116.51594766,25.45086298],[116.5473411,25.44598088],[116.56159107,25.48202125],[116.56972279,25.49578921],[116.56876002,25.52198335],[116.56320471,25.53371154],[116.56777857,25.54266232],[116.57767255,25.54677688],[116.58861102,25.55961554],[116.58451422,25.57804544],[116.57825932,25.58417558],[116.58096249,25.6155145],[116.58828326,25.62888433],[116.58166014,25.65381463],[116.58633797,25.68859906],[116.60170783,25.69458671],[116.60146375,25.71240435],[116.61600195,25.72876099],[116.61781019,25.74930896],[116.6245969,25.78327457],[116.65413498,25.80275475],[116.66371784,25.82292935],[116.64870243,25.83112844],[116.63562104,25.83064387],[116.63448403,25.84783662],[116.6129124,25.86196315],[116.62226403,25.87649154],[116.62928901,25.87012957],[116.64646901,25.87953786],[116.6603768,25.87984155],[116.65587531,25.89671925],[116.66152048,25.90227432],[116.66225277,25.91653757],[116.65443006,25.9198725],[116.66955088,25.93423359],[116.66237266,25.94241488],[116.64515922,25.94596782],[116.64610586,25.96432271],[116.64019516,25.98327063],[116.6483392,26.002644],[116.62496301,26.01710054],[116.62090968,25.99628116],[116.60671082,25.98760115],[116.58906697,25.99483362],[116.57711603,25.98426999],[116.54857175,25.99331392],[116.53397306,26.00002274],[116.49078236,25.9693679],[116.47672769,25.97789436],[116.47572985,26.00202603],[116.4615437,26.01629319],[116.43436079,26.01885135],[116.41461644,26.02425525],[116.39521921,26.03603676]]]},"properties":{"gml_id":"layer_county_boundary_pg.2247","Name":"长汀县","layer":"区县","code":"350821000000","grade":3}},
{"type":"Feature","geometry":{"type":"Polygon","coordinates":[[[116.5473411,25.44598088],[116.51594766,25.45086298],[116.50528836,25.43847214],[116.49060173,25.42907519],[116.48348284,25.41392091],[116.47461995,25.41439133],[116.46501768,25.42313378],[116.45462635,25.42199556],[116.43917138,25.41259235],[116.43282136,25.40018834],[116.43002627,25.37767446],[116.41887802,25.36527826],[116.40292848,25.36735392],[116.37786199,25.36254368],[116.36967279,25.37613838],[116.36892477,25.38811207],[116.35863957,25.39552148],[116.3388778,25.38071964],[116.32864236,25.36511452],[116.3118769,25.36013273],[116.31186386,25.34675214],[116.30264585,25.34172428],[116.29562847,25.32764572],[116.30220662,25.31294243],[116.29538549,25.30421228],[116.31588656,25.28558876],[116.31133814,25.27111574],[116.30047954,25.25595486],[116.28025658,25.24079395],[116.28051729,25.22631971],[116.30099167,25.21299218],[116.33790036,25.21413435],[116.34598207,25.20953412],[116.35407297,25.19046157],[116.378833,25.18241356],[116.38692571,25.17643492],[116.38313139,25.16494958],[116.36432198,25.15265926],[116.35460222,25.16101135],[116.34379524,25.16239607],[116.34613025,25.14643515],[116.32938688,25.13783035],[116.32526873,25.12453829],[116.31189307,25.11397371],[116.28461281,25.10386776],[116.28033418,25.08640815],[116.28235581,25.07193522],[116.29726754,25.04436342],[116.28691275,25.03218994],[116.26724575,25.01771611],[116.28416161,24.99910713],[116.28593171,24.97912146],[116.29475862,24.97039043],[116.31090354,24.97521061],[116.33991305,24.97957032],[116.35278724,24.97336229],[116.36548987,24.9622369],[116.37651129,24.96297023],[116.38768409,24.95362838],[116.37789521,24.93367919],[116.38820748,24.93109532],[116.38333876,24.91605082],[116.38937292,24.9049585],[116.38996346,24.88055057],[116.38909418,24.85958455],[116.40164107,24.85647782],[116.41298006,24.84372637],[116.37245873,24.82376527],[116.37117428,24.80603949],[116.37962169,24.79359117],[116.39339164,24.79665549],[116.40236957,24.78045319],[116.41431731,24.76997392],[116.44057299,24.78704924],[116.44686673,24.78635579],[116.46196442,24.7695696],[116.4695259,24.77369431],[116.48208608,24.7951251],[116.48783525,24.79777488],[116.51293611,24.79710655],[116.53016778,24.80993013],[116.54087745,24.80658284],[116.54342865,24.78405354],[116.55742627,24.78071281],[116.57104449,24.79305028],[116.59576259,24.81091545],[116.6159233,24.81454249],[116.64015325,24.79101433],[116.66082327,24.80106334],[116.67482103,24.79846493],[116.67685049,24.80898702],[116.69218098,24.81630675],[116.67441087,24.82989933],[116.64780786,24.83665646],[116.63924836,24.84640376],[116.6403472,24.8601193],[116.63596416,24.87169475],[116.64153608,24.88477617],[116.6667687,24.89573565],[116.6799194,24.90948585],[116.70565121,24.91263001],[116.73032442,24.90107315],[116.73739219,24.90357869],[116.74152453,24.93320163],[116.74611748,24.9469744],[116.75724835,24.95589772],[116.75197884,24.96464469],[116.72028884,24.99506358],[116.72209462,25.00654345],[116.73902445,25.01361699],[116.75289065,25.0092098],[116.76754528,25.01399017],[116.77012459,25.02914535],[116.75012143,25.06132945],[116.74089226,25.07188921],[116.74466916,25.08937685],[116.74218529,25.10431648],[116.72402288,25.11149226],[116.70281271,25.1131582],[116.69299502,25.12444445],[116.67532027,25.12816685],[116.68242091,25.13710888],[116.70772698,25.15059325],[116.74332308,25.14221995],[116.75723226,25.14424528],[116.78359083,25.16713628],[116.79067458,25.16940907],[116.81189192,25.16703804],[116.81872369,25.16954061],[116.83522587,25.18900453],[116.84714381,25.19814916],[116.87321655,25.20861011],[116.89899216,25.20826908],[116.91342533,25.21302818],[116.91483597,25.22001296],[116.9287707,25.22600752],[116.93259789,25.23497375],[116.92219332,25.23795974],[116.90889193,25.25304674],[116.89918769,25.25688072],[116.88758524,25.27161313],[116.90415724,25.28475358],[116.92652158,25.30670666],[116.92634778,25.32301913],[116.93147728,25.33654914],[116.94163125,25.34454142],[116.9366321,25.35559287],[116.92204607,25.36017828],[116.91650936,25.36769876],[116.90156295,25.37533073],[116.89471173,25.37383178],[116.87180658,25.38387503],[116.84636181,25.39922938],[116.84557443,25.37443608],[116.83762251,25.36311754],[116.8291254,25.37331124],[116.81074721,25.38125802],[116.79684178,25.35163687],[116.77284331,25.35835681],[116.7606623,25.35127545],[116.74440128,25.33248315],[116.7226341,25.33392709],[116.69401986,25.32550786],[116.69749224,25.30137448],[116.69491368,25.28644779],[116.68833338,25.28164268],[116.66330701,25.28928974],[116.64834288,25.27393486],[116.6672648,25.2559671],[116.67303789,25.24193695],[116.66896637,25.23183976],[116.66011267,25.23002264],[116.64573889,25.24085887],[116.63264118,25.25881199],[116.61168137,25.27126987],[116.60010411,25.29496104],[116.59785634,25.30760238],[116.60294261,25.32114584],[116.61436387,25.33697097],[116.58736379,25.37149574],[116.57646257,25.35980263],[116.56531956,25.35500187],[116.54231167,25.36860217],[116.54004697,25.37664736],[116.5479657,25.41178586],[116.55101122,25.41729469],[116.5473411,25.44598088]]]},"properties":{"gml_id":"layer_county_boundary_pg.2248","Name":"上杭县","layer":"区县","code":"350823000000","grade":3}},
{"type":"Feature","geometry":{"type":"Polygon","coordinates":[[[116.38996346,24.88055057],[116.38937292,24.9049585],[116.38333876,24.91605082],[116.38820748,24.93109532],[116.37789521,24.93367919],[116.38768409,24.95362838],[116.37651129,24.96297023],[116.36548987,24.9622369],[116.35278724,24.97336229],[116.33991305,24.97957032],[116.31090354,24.97521061],[116.29475862,24.97039043],[116.28593171,24.97912146],[116.28416161,24.99910713],[116.26724575,25.01771611],[116.28691275,25.03218994],[116.29726754,25.04436342],[116.28235581,25.07193522],[116.28033418,25.08640815],[116.28461281,25.10386776],[116.31189307,25.11397371],[116.32526873,25.12453829],[116.32938688,25.13783035],[116.34613025,25.14643515],[116.34379524,25.16239607],[116.35460222,25.16101135],[116.36432198,25.15265926],[116.38313139,25.16494958],[116.38692571,25.17643492],[116.378833,25.18241356],[116.35407297,25.19046157],[116.34598207,25.20953412],[116.33790036,25.21413435],[116.30099167,25.21299218],[116.28051729,25.22631971],[116.28025658,25.24079395],[116.30047954,25.25595486],[116.31133814,25.27111574],[116.31588656,25.28558876],[116.29538549,25.30421228],[116.2726103,25.31225312],[116.26095526,25.34855587],[116.26473922,25.36578552],[116.27434725,25.39105773],[116.30257464,25.43197292],[116.30403078,25.45088367],[116.29363103,25.4498659],[116.28275867,25.45544699],[116.2699133,25.47294979],[116.24375018,25.47671128],[116.23405803,25.49178127],[116.21968397,25.48278103],[116.21057619,25.48857297],[116.20213869,25.48369943],[116.1918708,25.48616522],[116.16824429,25.49771596],[116.15851577,25.48513607],[116.13669395,25.47954686],[116.13453507,25.47274176],[116.15601652,25.46091595],[116.13633018,25.45183513],[116.1242262,25.45649275],[116.1223728,25.44726737],[116.14520312,25.43844035],[116.12787308,25.42116635],[116.11274764,25.42283466],[116.10364596,25.43620784],[116.0818174,25.45891978],[116.07521941,25.46074559],[116.04205174,25.45494257],[116.02911683,25.4606638],[116.02046951,25.47723333],[116.01439292,25.47700551],[116.00741286,25.45803207],[116.01726665,25.44072121],[116.01697067,25.42343431],[115.99752277,25.4109966],[116.00311349,25.39727916],[115.98802698,25.37391715],[115.99525792,25.36052144],[115.99537958,25.34607833],[116.00323528,25.32421631],[115.99527481,25.30430994],[115.98166381,25.29366132],[115.96095463,25.28980995],[115.95034964,25.29602282],[115.94203472,25.2876508],[115.94476022,25.26913066],[115.93491783,25.25693066],[115.92631731,25.23898926],[115.91368133,25.23344717],[115.89712269,25.2343382],[115.88621402,25.22081773],[115.87416676,25.21728933],[115.86589604,25.22419838],[115.85095034,25.21238152],[115.85287662,25.18111571],[115.85580157,25.16890181],[115.85045511,25.15616236],[115.86279739,25.15202365],[115.8712506,25.15532328],[115.88038096,25.14447099],[115.88377462,25.13201013],[115.86941023,25.11767838],[115.87921814,25.10620152],[115.87549396,25.09521661],[115.90373452,25.08752039],[115.91446168,25.0767689],[115.90930403,25.06368281],[115.92370437,25.05348161],[115.91379332,25.04171064],[115.90770942,25.04591978],[115.89327684,25.04003961],[115.88364368,25.02592483],[115.86902804,25.02292785],[115.87004338,25.01272632],[115.87737811,24.99803318],[115.89466572,24.99477478],[115.91253512,24.97725115],[115.92048497,24.96378816],[115.91268217,24.9611033],[115.87838366,24.97966651],[115.86769106,24.97507382],[115.86562536,24.96249613],[115.87970305,24.95392409],[115.90388244,24.92629749],[115.97205609,24.91886811],[115.980899,24.90256074],[115.99832011,24.89932863],[116.01047268,24.90849989],[116.01854682,24.90493906],[116.03349582,24.88965453],[116.03831139,24.87387115],[116.04680948,24.86473199],[116.06642541,24.85625537],[116.0899917,24.85190001],[116.11117688,24.85409627],[116.13471441,24.84737686],[116.14843969,24.84936599],[116.17630479,24.87788905],[116.18703333,24.87991113],[116.19621622,24.8608038],[116.20622347,24.8572808],[116.21585771,24.84545872],[116.21648241,24.83363776],[116.22654107,24.82924592],[116.24541817,24.83075723],[116.23177403,24.8132228],[116.2284247,24.80350093],[116.24664979,24.79624286],[116.26027608,24.80271892],[116.28668579,24.80307714],[116.29653709,24.80649771],[116.31345443,24.82096115],[116.33933948,24.83029022],[116.34438274,24.83943119],[116.34497331,24.85942874],[116.35699776,24.87255571],[116.3744389,24.88019447],[116.38996346,24.88055057]]]},"properties":{"gml_id":"layer_county_boundary_pg.2249","Name":"武平县","layer":"区县","code":"350824000000","grade":3}},
{"type":"Feature","geometry":{"type":"Polygon","coordinates":[[[116.66955088,25.93423359],[116.65443006,25.9198725],[116.66225277,25.91653757],[116.66152048,25.90227432],[116.65587531,25.89671925],[116.6603768,25.87984155],[116.64646901,25.87953786],[116.62928901,25.87012957],[116.62226403,25.87649154],[116.6129124,25.86196315],[116.63448403,25.84783662],[116.63562104,25.83064387],[116.64870243,25.83112844],[116.66371784,25.82292935],[116.65413498,25.80275475],[116.6245969,25.78327457],[116.61781019,25.74930896],[116.61600195,25.72876099],[116.60146375,25.71240435],[116.60170783,25.69458671],[116.58633797,25.68859906],[116.58166014,25.65381463],[116.58828326,25.62888433],[116.58096249,25.6155145],[116.57825932,25.58417558],[116.58451422,25.57804544],[116.58861102,25.55961554],[116.57767255,25.54677688],[116.56777857,25.54266232],[116.56320471,25.53371154],[116.56876002,25.52198335],[116.56972279,25.49578921],[116.56159107,25.48202125],[116.5473411,25.44598088],[116.55101122,25.41729469],[116.5479657,25.41178586],[116.54004697,25.37664736],[116.54231167,25.36860217],[116.56531956,25.35500187],[116.57646257,25.35980263],[116.58736379,25.37149574],[116.61436387,25.33697097],[116.60294261,25.32114584],[116.59785634,25.30760238],[116.60010411,25.29496104],[116.61168137,25.27126987],[116.63264118,25.25881199],[116.64573889,25.24085887],[116.66011267,25.23002264],[116.66896637,25.23183976],[116.67303789,25.24193695],[116.6672648,25.2559671],[116.64834288,25.27393486],[116.66330701,25.28928974],[116.68833338,25.28164268],[116.69491368,25.28644779],[116.69749224,25.30137448],[116.69401986,25.32550786],[116.7226341,25.33392709],[116.74440128,25.33248315],[116.7606623,25.35127545],[116.77284331,25.35835681],[116.79684178,25.35163687],[116.81074721,25.38125802],[116.8291254,25.37331124],[116.83762251,25.36311754],[116.84557443,25.37443608],[116.84636181,25.39922938],[116.87180658,25.38387503],[116.89471173,25.37383178],[116.90156295,25.37533073],[116.91650936,25.36769876],[116.92587297,25.37636692],[116.91846087,25.39010935],[116.91975528,25.41216798],[116.93289651,25.41695583],[116.93652385,25.43417039],[116.93105588,25.45533512],[116.93417193,25.46933378],[116.94412565,25.4853709],[116.94009069,25.50918984],[116.9529479,25.51441439],[116.96106612,25.52383453],[116.97690701,25.5220133],[116.99050038,25.53408076],[117.00951888,25.53628611],[117.0434366,25.52842798],[117.05969021,25.51045365],[117.08324887,25.50296453],[117.10269543,25.49954833],[117.1008829,25.5085184],[117.08948419,25.51042597],[117.09490137,25.52300381],[117.12463436,25.50805714],[117.1421741,25.50893282],[117.14330341,25.52569711],[117.15889449,25.54605098],[117.16633753,25.5596369],[117.1673782,25.57362924],[117.16074145,25.5734147],[117.16335675,25.59901399],[117.15392047,25.61553863],[117.13691305,25.63338877],[117.13495083,25.64492019],[117.12756228,25.65289668],[117.09963482,25.66003822],[117.07663613,25.65527499],[117.06682124,25.6710392],[117.07664955,25.6762294],[117.06258748,25.69556522],[117.06346557,25.71118741],[117.05589486,25.72379858],[117.04329522,25.728451],[117.06004947,25.73923579],[117.05319334,25.75008407],[117.05831781,25.75824337],[117.05197291,25.76955566],[117.05130214,25.78897957],[117.03113439,25.81400221],[117.01904915,25.85607336],[117.00341448,25.8607822],[116.9814627,25.85736031],[116.96649917,25.84965098],[116.9480909,25.84522931],[116.93477839,25.85319102],[116.92866848,25.85826068],[116.91163247,25.85793799],[116.9000725,25.85313633],[116.88805254,25.84030142],[116.88059663,25.82736911],[116.87053818,25.82138352],[116.86058313,25.80000712],[116.8331556,25.79047801],[116.81554231,25.78694082],[116.77836826,25.81480611],[116.77345394,25.82156705],[116.77908884,25.84350121],[116.78940245,25.85936915],[116.77422655,25.86266328],[116.75129652,25.85095308],[116.74331858,25.85708452],[116.73885557,25.89277582],[116.73249187,25.90277688],[116.71510111,25.90955531],[116.70288585,25.91967366],[116.68489018,25.92255602],[116.67878675,25.93301227],[116.66955088,25.93423359]]]},"properties":{"gml_id":"layer_county_boundary_pg.2250","Name":"连城县","layer":"区县","code":"350825000000","grade":3}},
{"type":"Feature","geometry":{"type":"Polygon","coordinates":[[[117.20734919,25.5731032],[117.22932911,25.56285112],[117.2568343,25.52634686],[117.25196554,25.51948737],[117.26049794,25.51163318],[117.27237082,25.5179007],[117.28050647,25.51025708],[117.30758874,25.49571198],[117.30043294,25.48240786],[117.28986668,25.47534099],[117.28853888,25.46730984],[117.30380618,25.44468436],[117.30186314,25.42310309],[117.29570916,25.4146838],[117.32795135,25.40020798],[117.33282393,25.38621947],[117.31474249,25.3798829],[117.33244265,25.36162164],[117.32798395,25.35063168],[117.31424425,25.34502029],[117.31825467,25.31806212],[117.31278561,25.30561757],[117.32690828,25.29977227],[117.33059752,25.28710963],[117.32213367,25.27338321],[117.32405202,25.2605062],[117.31463412,25.25276106],[117.30050338,25.25699579],[117.26930119,25.24320286],[117.25481635,25.23296418],[117.24498519,25.21774129],[117.26100604,25.2151634],[117.25214246,25.20320066],[117.24140669,25.19854763],[117.24155468,25.18434925],[117.24833256,25.17786955],[117.26197567,25.17869619],[117.26691403,25.16395845],[117.2544425,25.15209565],[117.24393177,25.13195298],[117.24253448,25.1142705],[117.22396114,25.09601629],[117.19577107,25.07230696],[117.1821955,25.0452852],[117.17523403,25.02419217],[117.17694777,25.01037121],[117.16803429,24.99732424],[117.18287624,24.98013414],[117.20085164,24.97187085],[117.19905602,24.96421426],[117.18768202,24.95830766],[117.17723489,24.94566371],[117.17944861,24.92863518],[117.20534915,24.92383292],[117.21469569,24.91125203],[117.22213646,24.91199404],[117.23254379,24.92619983],[117.23215521,24.93364761],[117.242655,24.95360575],[117.22964504,24.95735995],[117.2318929,24.96534601],[117.26300712,24.97700032],[117.28164919,24.99331255],[117.30197798,24.97096847],[117.3155076,24.97219454],[117.33619398,24.98144999],[117.35657649,24.97465555],[117.36512959,24.97616572],[117.37867976,24.98738551],[117.38859582,24.98334046],[117.41998751,24.98082898],[117.44039161,24.96263334],[117.47869644,24.96097604],[117.48814912,24.96487039],[117.49046793,24.97422702],[117.4855458,25.0196051],[117.4989222,25.0442989],[117.50589221,25.09316593],[117.4980575,25.11194263],[117.47691713,25.12313888],[117.479535,25.16763806],[117.49043175,25.16795733],[117.49242155,25.17707979],[117.51081474,25.17853736],[117.52450278,25.18837509],[117.52660693,25.20111811],[117.54405751,25.19782536],[117.54079364,25.2139109],[117.55054945,25.21462557],[117.5659193,25.22320389],[117.57385997,25.23424795],[117.59841996,25.22341956],[117.60908659,25.22522563],[117.61746958,25.24376754],[117.61628121,25.25044772],[117.59867209,25.26303959],[117.59984412,25.28714308],[117.595001,25.29672751],[117.61460595,25.30256108],[117.65031309,25.32354611],[117.65677198,25.33926269],[117.67534691,25.35013557],[117.68658906,25.37113264],[117.6867192,25.39347184],[117.67916623,25.39937154],[117.69293566,25.4236568],[117.68650189,25.44375018],[117.69259664,25.45854425],[117.6990726,25.46043238],[117.70818014,25.48078688],[117.71740949,25.4842062],[117.71018585,25.49434221],[117.71312922,25.51483498],[117.68347248,25.52162526],[117.68398038,25.53798786],[117.69276998,25.5587531],[117.70017449,25.56270587],[117.72080591,25.55045729],[117.74009177,25.5729271],[117.74325926,25.59915133],[117.71346707,25.59341346],[117.69070433,25.62664466],[117.67138005,25.64140274],[117.65724014,25.66728016],[117.6412045,25.67376],[117.63040942,25.66945036],[117.60659811,25.65360864],[117.59636627,25.65253987],[117.58294972,25.66965635],[117.58953187,25.67704603],[117.57602363,25.69722239],[117.55476157,25.70101844],[117.54415081,25.70773514],[117.53686372,25.72556492],[117.53114433,25.72818265],[117.51369223,25.72046441],[117.50191958,25.70581693],[117.49252761,25.71141188],[117.48889975,25.72551676],[117.49755191,25.73846792],[117.48282496,25.74222613],[117.45660056,25.73859859],[117.46766251,25.73016925],[117.46514082,25.72299651],[117.45182844,25.71542845],[117.43552289,25.67219024],[117.43058223,25.66840851],[117.40118633,25.66155841],[117.38696412,25.66144917],[117.38468911,25.67046274],[117.39511717,25.68766434],[117.39099207,25.73646459],[117.38602904,25.72391537],[117.37757035,25.72979104],[117.37145033,25.75052145],[117.37782211,25.75569666],[117.37060585,25.78519888],[117.34910944,25.78870955],[117.34334519,25.78310895],[117.34086251,25.75928016],[117.3283269,25.75613959],[117.30179153,25.7434608],[117.27959802,25.74032348],[117.26171976,25.72789126],[117.26093029,25.71826241],[117.2436162,25.68996714],[117.24984763,25.68614069],[117.26951412,25.69026389],[117.28064867,25.68034768],[117.27851419,25.66799504],[117.24894512,25.64573776],[117.23296731,25.63692931],[117.22946087,25.62116432],[117.21583521,25.60632977],[117.21098713,25.59409919],[117.19351161,25.57339406],[117.20734919,25.5731032]]]},"properties":{"gml_id":"layer_county_boundary_pg.2251","Name":"漳平市","layer":"区县","code":"350881000000","grade":3}}
]}