{"type":"FeatureCollection", "features": [
{"type":"Feature","geometry":{"type":"MultiPolygon","coordinates":[[[[119.79546266,26.55024476],[119.78975078,26.56022268],[119.77809909,26.57010392],[119.75906822,26.58043948],[119.74506421,26.57784578],[119.7292793,26.56416292],[119.694795,26.57264133],[119.67734626,26.56253472],[119.67054069,26.54108704],[119.65617408,26.53558729],[119.64728592,26.52836803],[119.63342406,26.53171819],[119.61807955,26.52462885],[119.60589443,26.53090252],[119.60054826,26.53964646],[119.59114082,26.54427537],[119.58086477,26.54073343],[119.56866284,26.54380491],[119.56095655,26.54999125],[119.55311081,26.54845552],[119.5516615,26.55826557],[119.53015441,26.56454262],[119.51977314,26.57704193],[119.5262139,26.58345608],[119.50192731,26.610604],[119.49580825,26.62460375],[119.48427102,26.62722253],[119.46907017,26.63466756],[119.46174416,26.63055496],[119.44414465,26.63389177],[119.40959503,26.62670538],[119.4014338,26.62062097],[119.38303576,26.62614033],[119.37545524,26.6246799],[119.37457069,26.61468896],[119.36652201,26.60474164],[119.35566908,26.6021811],[119.34653211,26.60620317],[119.33899295,26.59831868],[119.33994482,26.59061612],[119.33057648,26.58851726],[119.32737509,26.58215753],[119.31730609,26.5774602],[119.31118956,26.59460378],[119.29420189,26.59477943],[119.28405608,26.58294403],[119.28031569,26.57369366],[119.27438726,26.53839879],[119.26333022,26.54596884],[119.24888012,26.55191094],[119.24185885,26.53623326],[119.23653851,26.53161322],[119.21967495,26.52860012],[119.21064896,26.54007275],[119.21028476,26.54924394],[119.19966098,26.56674033],[119.19125052,26.57220583],[119.17741418,26.55761023],[119.16232796,26.55264913],[119.15447744,26.54452319],[119.14343177,26.54693621],[119.11204654,26.54180833],[119.10736818,26.55454832],[119.09106597,26.57140871],[119.06712726,26.57040868],[119.05821906,26.57406331],[119.06043254,26.5826011],[119.07195477,26.58949201],[119.06908071,26.59591765],[119.05282687,26.60690102],[119.03996028,26.59930122],[119.02357788,26.60173032],[119.02139753,26.59101715],[119.01090265,26.59308738],[119.0091229,26.57681565],[119.00392333,26.56811099],[118.98907954,26.5570463],[118.99686625,26.54872132],[118.99032111,26.53216011],[118.97919291,26.53702041],[118.96349145,26.53589318],[118.94918003,26.5290356],[118.94369455,26.51399099],[118.93452207,26.50134687],[118.93814031,26.49424092],[118.94636857,26.49513609],[118.94957919,26.48635493],[118.94562203,26.47296784],[118.93368804,26.46915985],[118.92170345,26.48113441],[118.90197673,26.48151442],[118.86752739,26.46998977],[118.86401274,26.45982059],[118.85560684,26.45687813],[118.85019701,26.44299545],[118.82174348,26.42942185],[118.8113095,26.43089988],[118.80361806,26.44040526],[118.80421713,26.45451072],[118.79278425,26.46372862],[118.80000712,26.47170252],[118.79842691,26.49028985],[118.77800735,26.49827088],[118.77810366,26.50900051],[118.75750962,26.51492812],[118.74342228,26.51414732],[118.74173211,26.50668582],[118.75015433,26.48849053],[118.73092404,26.47390326],[118.73033331,26.44862716],[118.7264087,26.44178451],[118.75750041,26.42427154],[118.74853162,26.40184896],[118.76150268,26.39597838],[118.7751681,26.37660713],[118.78318137,26.37378543],[118.79422407,26.36390419],[118.78944082,26.34379922],[118.76874294,26.33195563],[118.74868743,26.33757535],[118.74233226,26.34285774],[118.71581671,26.34370424],[118.70676094,26.32998792],[118.68715822,26.3143623],[118.68679393,26.30092138],[118.67668127,26.28814745],[118.66186289,26.27869377],[118.66141122,26.27349891],[118.66842495,26.25513674],[118.66402379,26.24678559],[118.65862809,26.23126511],[118.64643255,26.2281306],[118.62682621,26.23810035],[118.60708958,26.23899763],[118.59423565,26.23049896],[118.60786196,26.21369972],[118.58281119,26.21280741],[118.57395112,26.20741339],[118.57452444,26.19745699],[118.56976755,26.18890038],[118.57516942,26.17928856],[118.56345417,26.17975036],[118.5599649,26.17188867],[118.56033876,26.14147218],[118.56840086,26.13222361],[118.58376159,26.13204624],[118.57725285,26.11759924],[118.57916261,26.10185624],[118.58431739,26.09742996],[118.58779723,26.07983241],[118.59722244,26.07985571],[118.58908172,26.06502878],[118.58740683,26.05553703],[118.57601145,26.06548988],[118.54818808,26.06118988],[118.51091018,26.06151109],[118.51777624,26.04530574],[118.51612669,26.03330997],[118.51123169,26.02831856],[118.51438209,25.98962338],[118.50927855,25.98029126],[118.5153365,25.9725004],[118.51088414,25.96482038],[118.51640409,25.95786044],[118.50976438,25.93664195],[118.51492038,25.92771076],[118.50557164,25.91404837],[118.50713421,25.89780009],[118.48044182,25.90307421],[118.47544158,25.90658015],[118.46623085,25.90152135],[118.47209905,25.88500735],[118.47163932,25.87427799],[118.45473573,25.86768099],[118.45892006,25.89241645],[118.44782489,25.90860663],[118.43125837,25.92136599],[118.42758571,25.92048117],[118.4124781,25.90202145],[118.4135207,25.89522264],[118.40485543,25.89224306],[118.40743331,25.87842391],[118.41624665,25.85743488],[118.40005332,25.84598764],[118.39219528,25.84865577],[118.38780204,25.82819205],[118.37717494,25.81690752],[118.38696034,25.81273667],[118.39299469,25.8037812],[118.40644363,25.79735168],[118.4096646,25.79250025],[118.41480556,25.76892549],[118.4200846,25.7641284],[118.42338337,25.75176778],[118.42236753,25.74223814],[118.42600596,25.73329643],[118.44362222,25.72091641],[118.44951804,25.72353916],[118.46371279,25.71358087],[118.47357473,25.71059601],[118.48668347,25.69724996],[118.48767233,25.69163595],[118.50410457,25.67943776],[118.51909522,25.66204532],[118.5354814,25.66458393],[118.53889291,25.67453781],[118.55128636,25.67856821],[118.58324069,25.69308445],[118.60040687,25.68820901],[118.60057197,25.70017924],[118.60748889,25.70218313],[118.62732921,25.70106538],[118.63041906,25.71157887],[118.64908864,25.71479064],[118.66366246,25.71153278],[118.67187383,25.70467939],[118.66982559,25.69789969],[118.68648366,25.69796776],[118.68698706,25.69275713],[118.70007485,25.68560888],[118.71126459,25.69022501],[118.72292923,25.69006596],[118.71814508,25.67710867],[118.72523854,25.6710404],[118.7331393,25.68109767],[118.74004145,25.68205682],[118.74647506,25.68978925],[118.75570468,25.69202235],[118.76772933,25.68927714],[118.78397326,25.69602213],[118.79431267,25.70292575],[118.81002579,25.72298246],[118.82180617,25.7228363],[118.83431484,25.71191272],[118.84913963,25.70687895],[118.87333758,25.71189976],[118.87325118,25.70233754],[118.90063294,25.72534082],[118.91581197,25.72941467],[118.91654081,25.73517229],[118.92873427,25.74970774],[118.94644761,25.75506661],[118.95044003,25.73575588],[118.94591826,25.72228715],[118.95448448,25.71956853],[118.97081883,25.73509569],[119.01002693,25.73839075],[119.02106049,25.74552517],[119.03634874,25.74459821],[119.04391104,25.74995735],[119.06236065,25.75397631],[119.07357013,25.75104392],[119.08343386,25.7577493],[119.0885132,25.75208237],[119.10081703,25.75724311],[119.128973,25.75505009],[119.14810847,25.74439683],[119.14185759,25.73433952],[119.12411981,25.72236744],[119.13032097,25.71506537],[119.14367777,25.70924669],[119.13671824,25.6998735],[119.1435936,25.68260152],[119.12841814,25.649061],[119.12909508,25.6361048],[119.13643117,25.62741233],[119.14658273,25.62141219],[119.16651137,25.58826949],[119.15325542,25.58508155],[119.16171928,25.57715206],[119.16395947,25.56907907],[119.17588611,25.55785724],[119.18712765,25.55810359],[119.20089403,25.55061098],[119.22370272,25.56665402],[119.23028954,25.54555764],[119.23912493,25.53234648],[119.23830081,25.51648005],[119.2260722,25.5066781],[119.21721039,25.49237127],[119.2046601,25.49542422],[119.20793253,25.47478577],[119.21500629,25.47144921],[119.22673194,25.47651486],[119.25162281,25.49110238],[119.25141451,25.48201687],[119.26597317,25.47602278],[119.25675203,25.45411983],[119.25603764,25.43577792],[119.25845502,25.43069872],[119.2832636,25.41376519],[119.29295953,25.41239289],[119.31702325,25.41475081],[119.321305,25.42809131],[119.33345454,25.43169798],[119.34154526,25.42551586],[119.35068652,25.43182059],[119.34971397,25.44638241],[119.34510399,25.45396596],[119.33879248,25.47520057],[119.34534756,25.5080264],[119.35214444,25.52337903],[119.39250825,25.50892132],[119.3989686,25.49459754],[119.41978935,25.49065657],[119.43070187,25.5021685],[119.44259436,25.50113757],[119.44811706,25.49643045],[119.43795322,25.47521759],[119.43642476,25.46208352],[119.4424766,25.45342243],[119.42540797,25.43837661],[119.43355698,25.43002938],[119.43381561,25.41529582],[119.43937401,25.41439217],[119.44303185,25.42821186],[119.45181066,25.43771347],[119.45769709,25.45064629],[119.48641457,25.44815795],[119.48121426,25.42514756],[119.50261318,25.39911242],[119.50073773,25.39195361],[119.48650185,25.37985314],[119.48104968,25.37000964],[119.49197041,25.36156296],[119.49614629,25.36918442],[119.51536415,25.37974156],[119.52939859,25.37541986],[119.52718515,25.36351654],[119.54404951,25.36901104],[119.54766832,25.38335745],[119.56040936,25.38819503],[119.56379364,25.39680513],[119.57445938,25.40374085],[119.57076093,25.41412834],[119.55087114,25.43207845],[119.55900283,25.45191857],[119.57204738,25.45094547],[119.57968456,25.42892853],[119.5766125,25.41648794],[119.58334694,25.41069185],[119.58598517,25.40114514],[119.57831311,25.38286732],[119.5798497,25.37306686],[119.59203495,25.35589263],[119.58437135,25.34873505],[119.59297179,25.33765466],[119.6075948,25.34391296],[119.63162278,25.34157889],[119.6446539,25.34583485],[119.65409151,25.35690129],[119.63875407,25.35886211],[119.64990613,25.37285],[119.66076769,25.37497016],[119.6520433,25.39989438],[119.6536483,25.41073138],[119.66455063,25.41179409],[119.66794196,25.42186156],[119.66565312,25.43837641],[119.65355321,25.44195698],[119.64665219,25.43258231],[119.62164224,25.43386921],[119.6237313,25.44133345],[119.63670608,25.44735902],[119.64449167,25.46461152],[119.67050573,25.470991],[119.6759075,25.46358083],[119.67661324,25.45319995],[119.6874505,25.44148445],[119.69852815,25.43633492],[119.71406184,25.42255009],[119.73408083,25.41917452],[119.75216551,25.39905401],[119.76803678,25.39786529],[119.7762413,25.41613243],[119.75670591,25.42146567],[119.75976272,25.43616218],[119.77423557,25.44247984],[119.79931644,25.46045246],[119.80945679,25.46097924],[119.82215432,25.46817765],[119.83559593,25.4656201],[119.84447337,25.45343088],[119.85341358,25.45625821],[119.85991929,25.4726179],[119.85833265,25.48527611],[119.8492431,25.48158513],[119.83876034,25.48660047],[119.82875315,25.48463852],[119.82369191,25.49432374],[119.81021225,25.49824877],[119.8065914,25.51002184],[119.81014265,25.53228345],[119.81685221,25.53780672],[119.83973482,25.54698149],[119.84986388,25.53645813],[119.85677245,25.53441911],[119.86663276,25.53872575],[119.88307073,25.55542667],[119.88616025,25.56867733],[119.88044143,25.57269046],[119.8676219,25.56677211],[119.84131438,25.57270989],[119.82709847,25.58295187],[119.83733874,25.59503674],[119.83634931,25.60426182],[119.80448576,25.6213894],[119.78847331,25.61756109],[119.7759106,25.62656733],[119.77479147,25.64009836],[119.78742305,25.65677079],[119.78692808,25.66829677],[119.78005181,25.67040091],[119.74506345,25.64905405],[119.72335762,25.64128973],[119.71493677,25.62530751],[119.7079291,25.62661855],[119.69579287,25.61929004],[119.67929005,25.59883606],[119.68777213,25.58030714],[119.70457865,25.57292651],[119.7132421,25.55030794],[119.70983414,25.52389694],[119.70220881,25.51661496],[119.69201675,25.51365608],[119.6872772,25.5044804],[119.67623837,25.50077747],[119.67160646,25.49429934],[119.67445492,25.48662673],[119.67050623,25.47786382],[119.64969028,25.47320265],[119.64820617,25.4885805],[119.63959589,25.48858109],[119.6300046,25.47814854],[119.62005816,25.47681333],[119.62284433,25.49186043],[119.60950496,25.50781949],[119.60695346,25.5189856],[119.61583995,25.53772322],[119.60577285,25.57047448],[119.59594813,25.57998738],[119.59850044,25.58895656],[119.59235512,25.59636218],[119.58228775,25.59513799],[119.56393255,25.58497427],[119.53024911,25.58830672],[119.52914689,25.59698251],[119.5379309,25.60551441],[119.53666948,25.62787334],[119.52794631,25.63359951],[119.52113065,25.62719347],[119.50627297,25.63060257],[119.49918489,25.62733097],[119.48868731,25.63523719],[119.4735547,25.63428164],[119.4682382,25.66509069],[119.48459763,25.67081716],[119.48555172,25.67640581],[119.5220556,25.68601553],[119.5391627,25.68742201],[119.57888559,25.68219352],[119.59855238,25.68836973],[119.60733505,25.70711802],[119.59925474,25.7142403],[119.60778636,25.73013635],[119.63106528,25.74919521],[119.63215618,25.76391823],[119.62270538,25.77298582],[119.62127381,25.80787263],[119.6240421,25.87519454],[119.63035181,25.89030238],[119.63860589,25.89539848],[119.66675545,25.89794447],[119.68435132,25.90116159],[119.69066287,25.90747073],[119.69794669,25.93465412],[119.71064749,25.96636585],[119.71747981,25.9934436],[119.71906064,26.01462631],[119.71081283,26.02857886],[119.69563678,26.0356173],[119.68824052,26.0354346],[119.67124336,26.02900158],[119.66263273,26.03215717],[119.65875225,26.0469615],[119.65456017,26.07551049],[119.64994727,26.09337975],[119.64015772,26.0937818],[119.6354501,26.10631542],[119.63745648,26.1122482],[119.62847096,26.11887953],[119.61427856,26.12311292],[119.60664029,26.14907292],[119.59861262,26.15806577],[119.6008431,26.17311346],[119.62202923,26.18290967],[119.63906632,26.19913789],[119.65993297,26.20535653],[119.66358734,26.22362424],[119.67523669,26.23248306],[119.67535783,26.24182506],[119.66698137,26.25062588],[119.66456022,26.26033278],[119.67172127,26.26640033],[119.71944249,26.27282578],[119.76675212,26.28849835],[119.77658001,26.28607332],[119.79320646,26.27151186],[119.79818108,26.27224115],[119.81019586,26.28364893],[119.81396354,26.29711867],[119.79927474,26.30227627],[119.80230415,26.31101365],[119.84077726,26.32618145],[119.85666962,26.31926316],[119.85825005,26.3110125],[119.87257015,26.31349717],[119.89428554,26.31203813],[119.9056897,26.31385677],[119.90932527,26.324049],[119.93007519,26.33824099],[119.95021093,26.35613667],[119.95841822,26.37471112],[119.94614855,26.37807756],[119.93650671,26.37634318],[119.90896029,26.36433711],[119.88944776,26.35933747],[119.87230108,26.36308532],[119.87655507,26.37629773],[119.85715539,26.39450018],[119.85679096,26.40208451],[119.83125493,26.44113354],[119.83325076,26.4534771],[119.8140845,26.50790271],[119.79546266,26.55024476]]],[[[119.46928503,25.33407508],[119.48341399,25.33240123],[119.48123051,25.33995256],[119.48448532,25.3540937],[119.46686791,25.34791499],[119.46228182,25.3360517],[119.46928503,25.33407508]]],[[[119.70057389,25.3556732],[119.72217717,25.35936171],[119.7314082,25.36530998],[119.72233104,25.37468163],[119.71204445,25.37444317],[119.69336861,25.36828019],[119.70057389,25.3556732]]],[[[119.65787824,25.64954341],[119.66677914,25.63859838],[119.67881904,25.63589929],[119.69822857,25.64305105],[119.70844496,25.63706866],[119.71742136,25.64268787],[119.71800546,25.65180861],[119.71231317,25.66764156],[119.70143923,25.65932198],[119.67808883,25.6529727],[119.67108421,25.66165516],[119.65787824,25.64954341]]],[[[119.57544472,25.63016683],[119.59665687,25.64404614],[119.6056137,25.65690629],[119.60659002,25.66611127],[119.59696815,25.6698096],[119.57639942,25.65300628],[119.57514424,25.64491644],[119.56475531,25.6387117],[119.56406536,25.63323728],[119.57544472,25.63016683]]],[[[119.64483871,25.66794594],[119.64325143,25.65785968],[119.65945439,25.65762433],[119.66571211,25.66065995],[119.6567929,25.67597744],[119.64483871,25.66794594]]],[[[119.67165355,26.12768129],[119.67961599,26.14418681],[119.67107307,26.14578393],[119.65565445,26.13279592],[119.67165355,26.12768129]]],[[[120.49153142,26.37522382],[120.48073291,26.38406739],[120.46849393,26.37782747],[120.47058568,26.3703371],[120.48282464,26.36869227],[120.48470959,26.35420969],[120.51195328,26.36515731],[120.50724061,26.37394216],[120.49153142,26.37522382]]],[[[119.96321732,25.94853262],[119.9851734,25.96246684],[119.98715395,25.97051337],[119.9721917,25.9679034],[119.96450613,25.95622045],[119.96321732,25.94853262]]],[[[119.9328973,25.96700565],[119.94902569,25.97941877],[119.94483461,25.98290498],[119.92598017,25.98184856],[119.92458235,25.97538188],[119.9328973,25.96700565]]],[[[119.63845187,26.13264279],[119.65047645,26.13593542],[119.64889574,26.1475216],[119.65410079,26.15817083],[119.63844285,26.16049938],[119.62278519,26.17651791],[119.60267541,26.17306376],[119.60314382,26.15437498],[119.6141882,26.14238232],[119.63494428,26.13865704],[119.63845187,26.13264279]]],[[[119.89562203,25.58516354],[119.90325927,25.59256994],[119.8874089,25.59780058],[119.88572127,25.60276588],[119.87172227,25.60917283],[119.87236685,25.5901885],[119.87980111,25.59104532],[119.89562203,25.58516354]]],[[[119.68986514,25.30669498],[119.69184926,25.31375309],[119.70837593,25.31825757],[119.69473576,25.33060769],[119.700857,25.33647168],[119.69843079,25.34489023],[119.68835671,25.33886025],[119.68267682,25.32818138],[119.68986514,25.30669498]]],[[[119.92522455,26.13761628],[119.93238923,26.14345903],[119.94073563,26.14248313],[119.95165518,26.15215152],[119.9628541,26.15813191],[119.96062777,26.16863715],[119.94650814,26.16703902],[119.94143056,26.15945748],[119.92459901,26.16370444],[119.92877197,26.17219025],[119.91402674,26.17295843],[119.91465283,26.15772254],[119.90881096,26.14360236],[119.92522455,26.13761628]]],[[[120.0019321,26.21840323],[120.01171008,26.21980585],[120.01572297,26.22881835],[119.99653407,26.23937651],[119.98374683,26.22764049],[119.96635937,26.22053909],[119.96527652,26.19442368],[119.9725367,26.19435872],[119.9763427,26.21166806],[120.0019321,26.21840323]]],[[[119.98280037,26.26582133],[119.99061382,26.26921662],[119.98949257,26.28372158],[119.98161425,26.27973315],[119.97765833,26.27112928],[119.98280037,26.26582133]]]]},"properties":{"gml_id":"layer_city_boundary_pg.314","Name":"福州市","layer":"市","code":"350100000000","grade":2}},
{"type":"Feature","geometry":{"type":"MultiPolygon","coordinates":[[[[118.04407936,24.42099366],[118.04728282,24.44775162],[118.05961185,24.46665162],[118.06903066,24.49999378],[118.07969453,24.53257591],[118.09340128,24.55073972],[118.100944,24.55442136],[118.10759173,24.56557243],[118.11641281,24.57252276],[118.14561105,24.58622162],[118.15711264,24.57489346],[118.16454309,24.56197233],[118.20025349,24.53600965],[118.23818102,24.51533088],[118.25946117,24.51903132],[118.28521231,24.52549691],[118.34203209,24.53324596],[118.35870815,24.53290495],[118.37065516,24.53908867],[118.36864814,24.55026697],[118.37258279,24.56423701],[118.35863553,24.57082455],[118.36895785,24.57829988],[118.3507306,24.57847916],[118.34827353,24.58779078],[118.33694502,24.59512315],[118.33801236,24.60745775],[118.32671006,24.60101065],[118.32482684,24.60807855],[118.33219628,24.62000799],[118.34012266,24.62470648],[118.34213579,24.63330706],[118.33848192,24.64483477],[118.34597245,24.65180553],[118.34730932,24.66705918],[118.33393229,24.67647697],[118.33401955,24.68476762],[118.31770002,24.69515333],[118.31720545,24.70093706],[118.33174484,24.72111243],[118.3275782,24.73213266],[118.31743955,24.73599181],[118.31210153,24.7516188],[118.33030388,24.75522793],[118.33359357,24.764559],[118.33081585,24.77124366],[118.33993126,24.77442649],[118.33726613,24.78181368],[118.32809902,24.77783619],[118.31780431,24.78656908],[118.32252559,24.79393234],[118.30724954,24.80768465],[118.30079203,24.81637814],[118.29648645,24.82890096],[118.27964815,24.8353025],[118.2662658,24.83316323],[118.25900946,24.82810758],[118.24738022,24.83419146],[118.23850223,24.8277925],[118.22705459,24.82879913],[118.21942577,24.84125057],[118.22107523,24.85366554],[118.19230275,24.86919927],[118.18906487,24.87626293],[118.19928075,24.8849162],[118.19014999,24.8954322],[118.17205213,24.89596253],[118.15667823,24.90031711],[118.14575824,24.89436139],[118.13298688,24.8974357],[118.12057229,24.89113781],[118.10470102,24.877841],[118.08057117,24.86639416],[118.07277447,24.85689813],[118.06738238,24.8656706],[118.06688794,24.8770447],[118.06082767,24.87809149],[118.05414171,24.86909022],[118.03719426,24.88579954],[118.03619545,24.89837319],[118.01421452,24.90555861],[118.00421294,24.89557355],[117.99214785,24.9026921],[117.98547239,24.89570027],[117.99975996,24.89057769],[118.00961277,24.8824682],[118.00682685,24.87796308],[117.99215645,24.88009013],[117.98620987,24.87389397],[117.99324965,24.86154121],[117.96638596,24.85100505],[117.95303739,24.87111623],[117.94269195,24.87408216],[117.93173946,24.869431],[117.92549965,24.87850556],[117.91301946,24.88251241],[117.90834219,24.87331645],[117.92455365,24.86247282],[117.9356618,24.84764641],[117.95163993,24.84804538],[117.95821897,24.84410813],[117.95440861,24.82693842],[117.95657043,24.79106101],[117.95043399,24.76857944],[117.94316081,24.76543012],[117.93633903,24.74548931],[117.9436645,24.71469545],[117.95079828,24.71146338],[117.95317635,24.69764548],[117.96066614,24.6769867],[117.95002599,24.65223148],[117.93876336,24.64642933],[117.92562956,24.63565157],[117.91375786,24.61576707],[117.88768645,24.61461123],[117.88869325,24.60080306],[117.8813336,24.5931829],[117.90612913,24.57569936],[117.9089402,24.57161877],[117.90379822,24.55837881],[117.90846379,24.54967616],[117.90876674,24.53543155],[117.91853912,24.53485628],[117.92657602,24.52965356],[117.93281584,24.51641194],[117.95386148,24.50417954],[117.95763769,24.48331231],[117.95210908,24.46213893],[117.95935533,24.44699061],[117.9702922,24.43777469],[117.98030845,24.43639161],[117.9877294,24.42591522],[118.00068981,24.42142398],[118.02358981,24.42327588],[118.04407936,24.42099366]]],[[[118.19968932,24.50759336],[118.19683385,24.52837361],[118.18688671,24.53960841],[118.16535909,24.54862168],[118.15072373,24.55049181],[118.13761463,24.56430199],[118.10673433,24.55794129],[118.09530829,24.55074082],[118.084077,24.53519099],[118.07073371,24.49734562],[118.06738254,24.47705509],[118.06404891,24.47039007],[118.0653686,24.45785517],[118.08395728,24.43393309],[118.10122739,24.42707016],[118.12966142,24.42234223],[118.1383172,24.42351317],[118.15166106,24.43709062],[118.19411198,24.4710511],[118.20204976,24.4843104],[118.19968932,24.50759336]]],[[[118.06637518,24.43783107],[118.07280925,24.44540678],[118.06230365,24.45629589],[118.05157194,24.44780247],[118.05756223,24.43993675],[118.06637518,24.43783107]]]]},"properties":{"gml_id":"layer_city_boundary_pg.315","Name":"厦门市","layer":"市","code":"350200000000","grade":2}},
{"type":"Feature","geometry":{"type":"MultiPolygon","coordinates":[[[[119.21500629,25.47144921],[119.20793253,25.47478577],[119.2046601,25.49542422],[119.21721039,25.49237127],[119.2260722,25.5066781],[119.23830081,25.51648005],[119.23912493,25.53234648],[119.23028954,25.54555764],[119.22370272,25.56665402],[119.20089403,25.55061098],[119.18712765,25.55810359],[119.17588611,25.55785724],[119.16395947,25.56907907],[119.16171928,25.57715206],[119.15325542,25.58508155],[119.16651137,25.58826949],[119.14658273,25.62141219],[119.13643117,25.62741233],[119.12909508,25.6361048],[119.12841814,25.649061],[119.1435936,25.68260152],[119.13671824,25.6998735],[119.14367777,25.70924669],[119.13032097,25.71506537],[119.12411981,25.72236744],[119.14185759,25.73433952],[119.14810847,25.74439683],[119.128973,25.75505009],[119.10081703,25.75724311],[119.0885132,25.75208237],[119.08343386,25.7577493],[119.07357013,25.75104392],[119.06236065,25.75397631],[119.04391104,25.74995735],[119.03634874,25.74459821],[119.02106049,25.74552517],[119.01002693,25.73839075],[118.97081883,25.73509569],[118.95448448,25.71956853],[118.94591826,25.72228715],[118.95044003,25.73575588],[118.94644761,25.75506661],[118.92873427,25.74970774],[118.91654081,25.73517229],[118.91581197,25.72941467],[118.90063294,25.72534082],[118.87325118,25.70233754],[118.87333758,25.71189976],[118.84913963,25.70687895],[118.83431484,25.71191272],[118.82180617,25.7228363],[118.81002579,25.72298246],[118.79431267,25.70292575],[118.78397326,25.69602213],[118.76772933,25.68927714],[118.75570468,25.69202235],[118.74647506,25.68978925],[118.74004145,25.68205682],[118.7331393,25.68109767],[118.72523854,25.6710404],[118.71814508,25.67710867],[118.72292923,25.69006596],[118.71126459,25.69022501],[118.70007485,25.68560888],[118.68698706,25.69275713],[118.68648366,25.69796776],[118.66982559,25.69789969],[118.67187383,25.70467939],[118.66366246,25.71153278],[118.64908864,25.71479064],[118.63041906,25.71157887],[118.62732921,25.70106538],[118.60748889,25.70218313],[118.60057197,25.70017924],[118.60040687,25.68820901],[118.58324069,25.69308445],[118.55128636,25.67856821],[118.53889291,25.67453781],[118.5354814,25.66458393],[118.54028963,25.65958549],[118.52670729,25.64535576],[118.54552339,25.63526604],[118.54061122,25.62084407],[118.52847808,25.61090267],[118.52667209,25.60467632],[118.50687317,25.5814602],[118.50532806,25.56473911],[118.49236039,25.55845703],[118.45994456,25.51896479],[118.46086488,25.4976825],[118.46879087,25.49408129],[118.47459063,25.48364042],[118.47254974,25.47165542],[118.46655152,25.4693514],[118.45613323,25.45258172],[118.45523913,25.4462861],[118.46500576,25.42677632],[118.47964287,25.42550081],[118.48294153,25.4067058],[118.49269872,25.40364234],[118.48966018,25.38846864],[118.49855827,25.3874571],[118.50367061,25.37960117],[118.5133579,25.37490886],[118.51610865,25.36577243],[118.5251711,25.3573492],[118.51792269,25.35013659],[118.51774906,25.33686568],[118.50821042,25.32040377],[118.51587447,25.3152495],[118.52362535,25.32870402],[118.53115035,25.32367908],[118.52556153,25.31163579],[118.5287905,25.29417809],[118.55900979,25.29320572],[118.56734131,25.28963867],[118.56931218,25.30064446],[118.59170226,25.30534552],[118.59962554,25.29862328],[118.62109771,25.29646405],[118.6282141,25.30432388],[118.63753588,25.30256025],[118.65116282,25.30487821],[118.66187405,25.29265651],[118.65802066,25.28294037],[118.64556445,25.27740079],[118.64191052,25.27136379],[118.65506921,25.26065725],[118.67154447,25.27231326],[118.67839348,25.27067227],[118.6911801,25.26132215],[118.68486943,25.25778212],[118.68014657,25.24755663],[118.68348062,25.23740051],[118.6788442,25.23355006],[118.67923554,25.21770157],[118.68302052,25.20949482],[118.67327141,25.19454154],[118.67321951,25.1806183],[118.68743853,25.17216158],[118.68699641,25.15775629],[118.70002669,25.16038364],[118.71285781,25.17224764],[118.72107942,25.1715512],[118.73635222,25.18998264],[118.74019804,25.18863763],[118.76044461,25.19780386],[118.77384159,25.19816643],[118.7721052,25.20651443],[118.77723609,25.21660649],[118.79637083,25.21991988],[118.83092003,25.22265346],[118.83673592,25.2290861],[118.85213483,25.22577148],[118.8649713,25.23058455],[118.86510977,25.24058467],[118.87853623,25.24400123],[118.91357127,25.24882083],[118.91108157,25.25986063],[118.92556623,25.25881798],[118.94472961,25.2682183],[118.95440657,25.27597914],[118.96021246,25.27369679],[118.9811046,25.2731037],[118.99001084,25.27958015],[119.00223629,25.27553193],[119.01503045,25.275452],[119.01924136,25.26929784],[119.01274719,25.25821721],[119.00166951,25.25788023],[118.99041428,25.26825457],[118.98393223,25.25696592],[118.97885644,25.24062387],[118.97044676,25.24045197],[118.97381305,25.2256596],[118.98534051,25.21449595],[118.98534022,25.20465224],[119.00494016,25.20561285],[119.01486253,25.21333433],[119.05035064,25.22209034],[119.05072706,25.2325855],[119.06553852,25.23524144],[119.07625305,25.22138686],[119.06753658,25.21054248],[119.06737103,25.19389526],[119.0579391,25.176545],[119.04944633,25.17118008],[119.02950779,25.17800366],[119.02330944,25.16268],[119.02435672,25.14229066],[119.0309014,25.12847672],[119.0472021,25.1193285],[119.05114204,25.11224163],[119.07077749,25.10242945],[119.07792874,25.11115649],[119.1294256,25.10871955],[119.13751701,25.09935426],[119.12405106,25.09785986],[119.10239713,25.07794861],[119.11312008,25.06072615],[119.10528017,25.05422076],[119.09207309,25.05874114],[119.08502337,25.05481811],[119.10115495,25.04713891],[119.10764096,25.03447561],[119.11436149,25.02919423],[119.11456169,25.01529028],[119.12576948,25.02713653],[119.13233362,25.04500294],[119.14205726,25.05340686],[119.13453,25.07329265],[119.13693506,25.08533789],[119.15332363,25.09489059],[119.15399311,25.10656159],[119.15946108,25.12182821],[119.16099632,25.14809586],[119.15607185,25.15357628],[119.14149224,25.14934004],[119.13341027,25.15454016],[119.13915031,25.16050247],[119.13701283,25.17216439],[119.1138841,25.17834391],[119.1031857,25.19667824],[119.11423971,25.21499475],[119.12689241,25.22581408],[119.13364029,25.22729129],[119.14186368,25.20684153],[119.16014918,25.1946145],[119.16590355,25.18757259],[119.17766638,25.18092897],[119.19423664,25.17912896],[119.20415714,25.1821687],[119.21567457,25.19000939],[119.22704389,25.19176813],[119.25632724,25.17843848],[119.26464993,25.16275262],[119.28881278,25.18115448],[119.29625114,25.18077395],[119.30870198,25.19721249],[119.29689214,25.20727377],[119.28864789,25.23785307],[119.30841138,25.2400911],[119.32729179,25.23359139],[119.33610252,25.2435718],[119.35139042,25.24285217],[119.37339812,25.25151836],[119.38016155,25.27826925],[119.36483786,25.27414533],[119.3490721,25.28324676],[119.33085903,25.28812664],[119.30873273,25.30915372],[119.29425538,25.3315835],[119.28789299,25.3339034],[119.26264494,25.33230834],[119.24888028,25.33863251],[119.24272722,25.33503133],[119.24432429,25.32346838],[119.23152229,25.32691224],[119.23112352,25.33395468],[119.2223224,25.34763812],[119.22350109,25.35351276],[119.21403543,25.37070798],[119.2020389,25.37299101],[119.19051182,25.37104671],[119.16622322,25.3786436],[119.15782209,25.38971761],[119.1469008,25.38567629],[119.14001086,25.39066258],[119.14099233,25.40779013],[119.14677936,25.42915005],[119.1638667,25.44140888],[119.18001095,25.42996456],[119.19138326,25.42827612],[119.19174878,25.4441452],[119.20866322,25.46607942],[119.21500629,25.47144921]]],[[[119.01336315,25.17605923],[119.02227879,25.1741431],[119.03140668,25.18691738],[119.02646473,25.1920319],[119.01072022,25.18506649],[119.01336315,25.17605923]]],[[[119.46627273,25.1997645],[119.47981119,25.19101274],[119.50386021,25.18470565],[119.50484663,25.17372218],[119.51666681,25.16947375],[119.52198599,25.16097803],[119.53281852,25.16509582],[119.54461651,25.16509356],[119.55009342,25.17402381],[119.54326541,25.18408063],[119.55231399,25.18801812],[119.55013498,25.19597879],[119.56647286,25.19631194],[119.5728405,25.21164615],[119.56220044,25.21290487],[119.55059642,25.20645426],[119.54058369,25.2131597],[119.53597552,25.20494843],[119.51356177,25.21081603],[119.51021018,25.21743717],[119.50153725,25.21752152],[119.49458101,25.22456062],[119.49479146,25.24308011],[119.47756972,25.25271713],[119.47430064,25.26042591],[119.46671565,25.26226906],[119.46260893,25.25313413],[119.43436374,25.23946975],[119.44178171,25.22514202],[119.43616548,25.2142461],[119.4392672,25.20469383],[119.44857099,25.20134347],[119.46627273,25.1997645]]],[[[119.51255409,25.26758898],[119.52520073,25.27630532],[119.51492854,25.28265027],[119.50923849,25.27536557],[119.51255409,25.26758898]]]]},"properties":{"gml_id":"layer_city_boundary_pg.316","Name":"莆田市","layer":"市","code":"350300000000","grade":2}},
{"type":"Feature","geometry":{"type":"Polygon","coordinates":[[[117.71312922,25.51483498],[117.72878286,25.51695578],[117.72901728,25.50998043],[117.74769314,25.51054574],[117.76458843,25.50230308],[117.78152671,25.48478381],[117.79295208,25.48696149],[117.78418354,25.49617553],[117.78421837,25.5129397],[117.79958532,25.51184262],[117.81528916,25.51999724],[117.82429971,25.51217669],[117.83567056,25.49478256],[117.84830898,25.49136961],[117.85939241,25.49872064],[117.90547742,25.5052572],[117.92719968,25.51400621],[117.93723202,25.52712988],[117.95777461,25.53178954],[117.97502896,25.52318016],[117.97539319,25.53395273],[117.98942933,25.54027322],[117.99726689,25.55257388],[118.02512439,25.57138797],[118.03007273,25.58197024],[118.02871924,25.59087833],[118.03447482,25.59491761],[118.03821693,25.60754814],[118.03788649,25.62261554],[118.03305127,25.63099387],[118.02057542,25.6313938],[118.01449007,25.62421477],[117.98585189,25.61751169],[117.97115685,25.63865725],[117.96293704,25.6474147],[117.95128938,25.64554741],[117.94399342,25.65876246],[117.93265666,25.66147523],[117.93894212,25.66906428],[117.96409354,25.6839808],[117.97822341,25.68439146],[117.99518384,25.68871282],[118.00110434,25.694757],[118.01023748,25.72180627],[118.00452416,25.72711822],[117.99704224,25.71892934],[117.98485513,25.7342227],[117.97676528,25.75417804],[117.978987,25.76988078],[117.98280699,25.77403695],[117.9938307,25.76965302],[118.00127806,25.77256023],[118.00614824,25.79857633],[118.00242373,25.80000841],[118.00656471,25.81665332],[118.0214171,25.83428062],[118.02829077,25.83794757],[118.01400769,25.8480414],[118.01043662,25.85995655],[118.02801632,25.86597143],[118.03378054,25.85914446],[118.04446874,25.86120159],[118.05872481,25.85108921],[118.06948277,25.86176623],[118.08019674,25.86799454],[118.07904237,25.87578936],[118.0718789,25.87977866],[118.07298974,25.88703843],[118.10402198,25.89262267],[118.12474159,25.90284519],[118.14302158,25.90311198],[118.15139895,25.91083668],[118.1725718,25.90307385],[118.17528783,25.88710627],[118.19210122,25.88808166],[118.20412277,25.90132976],[118.21067502,25.90090292],[118.22813737,25.88677858],[118.24201439,25.89390545],[118.24333368,25.89917608],[118.26294985,25.90174874],[118.2679233,25.90689542],[118.26150098,25.91956164],[118.27066578,25.93282845],[118.28051666,25.93385236],[118.29108812,25.92559808],[118.30387304,25.93252861],[118.31312495,25.91649888],[118.33161446,25.91966987],[118.33978118,25.93841945],[118.34537406,25.93993761],[118.35513236,25.93242968],[118.35632964,25.92083204],[118.36283311,25.91521016],[118.36469927,25.89924707],[118.39115419,25.90275264],[118.40485543,25.89224306],[118.4135207,25.89522264],[118.4124781,25.90202145],[118.42758571,25.92048117],[118.43125837,25.92136599],[118.44782489,25.90860663],[118.45892006,25.89241645],[118.45473573,25.86768099],[118.47163932,25.87427799],[118.47209905,25.88500735],[118.46623085,25.90152135],[118.47544158,25.90658015],[118.48044182,25.90307421],[118.50713421,25.89780009],[118.50557164,25.91404837],[118.51492038,25.92771076],[118.50976438,25.93664195],[118.51640409,25.95786044],[118.51088414,25.96482038],[118.5153365,25.9725004],[118.50927855,25.98029126],[118.51438209,25.98962338],[118.51123169,26.02831856],[118.51612669,26.03330997],[118.51777624,26.04530574],[118.51091018,26.06151109],[118.54818808,26.06118988],[118.57601145,26.06548988],[118.58740683,26.05553703],[118.58908172,26.06502878],[118.59722244,26.07985571],[118.58779723,26.07983241],[118.58431739,26.09742996],[118.57916261,26.10185624],[118.57725285,26.11759924],[118.58376159,26.13204624],[118.56840086,26.13222361],[118.56033876,26.14147218],[118.5599649,26.17188867],[118.56345417,26.17975036],[118.57516942,26.17928856],[118.56976755,26.18890038],[118.57452444,26.19745699],[118.57395112,26.20741339],[118.58281119,26.21280741],[118.60786196,26.21369972],[118.59423565,26.23049896],[118.60708958,26.23899763],[118.62682621,26.23810035],[118.64643255,26.2281306],[118.65862809,26.23126511],[118.66402379,26.24678559],[118.65124746,26.26604694],[118.63729107,26.26738439],[118.62936592,26.27542824],[118.62589453,26.29213238],[118.61116708,26.29145992],[118.60966547,26.30087172],[118.6033734,26.30768161],[118.59479805,26.30801296],[118.58620723,26.31993269],[118.58779534,26.32730659],[118.55724656,26.32895128],[118.55925146,26.33968228],[118.55131039,26.34531564],[118.53770223,26.34580177],[118.53353608,26.34047055],[118.52169737,26.33946257],[118.51361676,26.35525996],[118.49640422,26.36824265],[118.49016236,26.3674957],[118.4623996,26.34814274],[118.44936849,26.34198388],[118.44582648,26.35252202],[118.4318736,26.35893666],[118.42290491,26.37268045],[118.42216688,26.38458742],[118.43193492,26.3958227],[118.44235333,26.38663122],[118.45020275,26.39458662],[118.44465442,26.40683146],[118.43301166,26.40089428],[118.414917,26.40114891],[118.40395963,26.39730251],[118.38843487,26.39729122],[118.37693936,26.40786218],[118.36785821,26.41225883],[118.35746562,26.40365129],[118.34492936,26.40832209],[118.34229086,26.41781011],[118.32295866,26.4106416],[118.31813225,26.42282414],[118.32768988,26.42920703],[118.30593708,26.43459883],[118.30192696,26.44118508],[118.29245822,26.4349617],[118.29507051,26.42311756],[118.2848889,26.41790598],[118.27470015,26.4258112],[118.26511002,26.42589699],[118.25479025,26.41283222],[118.25804475,26.4029682],[118.24929578,26.39753506],[118.23593076,26.3993296],[118.23875033,26.40625398],[118.22463041,26.40853286],[118.22006592,26.41307875],[118.21023246,26.40788245],[118.21162062,26.39826452],[118.19775129,26.38888408],[118.18499246,26.38458328],[118.17644184,26.39209075],[118.16285744,26.39044563],[118.1624319,26.383261],[118.14895032,26.38273114],[118.13098814,26.36889385],[118.12649047,26.38082874],[118.10890895,26.38267034],[118.10820598,26.39738162],[118.0959987,26.40066718],[118.08657815,26.39890126],[118.0821501,26.40955593],[118.08454638,26.41888323],[118.07787745,26.42731768],[118.06193688,26.43046927],[118.06032995,26.43950553],[118.05423548,26.4426642],[118.06039953,26.45675581],[118.0526641,26.46412047],[118.0525596,26.47258606],[118.04043048,26.47650747],[118.02892718,26.47011936],[118.02485525,26.48124911],[118.03075096,26.49514534],[118.03288649,26.5156978],[118.01615756,26.5112626],[117.99843134,26.51466199],[118.00142629,26.53273066],[117.98819782,26.54352578],[117.9898033,26.55493688],[118.00075847,26.56863678],[117.99002965,26.581013],[117.97387623,26.58192402],[117.97724382,26.57123787],[117.97196656,26.56624229],[117.9324335,26.57601649],[117.92659291,26.56746973],[117.91803621,26.56305576],[117.90579088,26.56369604],[117.90212,26.57098625],[117.89089785,26.57207419],[117.87150932,26.56380737],[117.87102342,26.57907604],[117.86763953,26.5847561],[117.85763201,26.58610536],[117.86095637,26.60088161],[117.85166024,26.60485143],[117.85015101,26.61764115],[117.85828355,26.63604067],[117.85019414,26.64384383],[117.85358837,26.65745862],[117.84773794,26.66741151],[117.85195631,26.67878937],[117.84554279,26.6833299],[117.83450103,26.67966036],[117.821602,26.67098923],[117.81362411,26.67525331],[117.79844088,26.67456648],[117.7868685,26.66987969],[117.77378439,26.67013173],[117.76397371,26.65886508],[117.7544748,26.66454022],[117.7411736,26.66192885],[117.73242161,26.66980076],[117.70983016,26.66313044],[117.69780546,26.65749319],[117.69072165,26.64445427],[117.67813376,26.64738693],[117.6737935,26.64020378],[117.66261322,26.63819904],[117.65781253,26.64979862],[117.66388905,26.66057543],[117.6400539,26.65967851],[117.63578436,26.67826249],[117.6004179,26.68823131],[117.6046788,26.69590041],[117.60097273,26.70170784],[117.58864037,26.70651275],[117.59613977,26.71241267],[117.60650126,26.73074992],[117.6176099,26.72940021],[117.62504784,26.73939919],[117.64091395,26.74531556],[117.64823126,26.75714596],[117.65114784,26.77111331],[117.66646834,26.7873326],[117.66119094,26.79468468],[117.66565231,26.80825932],[117.64761531,26.82324962],[117.63725175,26.83972226],[117.62965775,26.84454963],[117.62562179,26.86192473],[117.61486034,26.87564569],[117.60796039,26.87628987],[117.5969993,26.88910073],[117.58445933,26.89651997],[117.57418338,26.92668191],[117.55739098,26.92677871],[117.55209737,26.93423611],[117.54466837,26.93350807],[117.53928698,26.92613929],[117.51954133,26.92897792],[117.50944699,26.9231046],[117.50021129,26.9300856],[117.49903,26.94815666],[117.5066603,26.95754302],[117.52670201,26.96356756],[117.52987929,26.98666866],[117.5412314,26.99634374],[117.52839516,26.99873267],[117.52456741,27.00725046],[117.50054096,27.01277529],[117.48015841,27.01226271],[117.47303078,27.01694598],[117.45994822,27.01335197],[117.45288044,27.00652174],[117.44638607,27.00829993],[117.44545693,27.02220118],[117.43991762,27.04578173],[117.43066226,27.0496881],[117.43309315,27.0615245],[117.42638983,27.06697823],[117.40060684,27.05575235],[117.39017049,27.07061486],[117.37666867,27.07403758],[117.37765237,27.08888856],[117.38162891,27.09383029],[117.37811276,27.10262129],[117.36051407,27.10468885],[117.34250897,27.09952186],[117.33869825,27.10433533],[117.32421824,27.11039481],[117.31983541,27.11688938],[117.29661629,27.1231508],[117.28153255,27.13240853],[117.27116049,27.12959605],[117.26742955,27.1172659],[117.28314697,27.11535523],[117.28450932,27.10426153],[117.27549972,27.09398863],[117.28032485,27.07914015],[117.27687706,27.06116539],[117.27133059,27.06112728],[117.25728884,27.05146425],[117.25017226,27.03821342],[117.23898562,27.03680679],[117.23547914,27.0464801],[117.20595274,27.0591971],[117.19499926,27.06226523],[117.18546061,27.07428185],[117.17504938,27.09643969],[117.15580449,27.11343884],[117.14424112,27.1106451],[117.13442193,27.10207188],[117.11706664,27.09646395],[117.09728822,27.11039936],[117.08147697,27.09726363],[117.06778421,27.10080892],[117.05883308,27.11293037],[117.04805818,27.10462945],[117.02733417,27.09296256],[117.00706412,27.08848619],[116.99524065,27.08344342],[116.96272867,27.06521598],[116.94203846,27.0414674],[116.93533873,27.02542907],[116.92296309,27.03487212],[116.90539879,27.0380857],[116.88963818,27.03617756],[116.87547403,27.03007268],[116.85624086,27.01497792],[116.84663266,27.01282434],[116.81290952,27.021928],[116.80399486,27.018137],[116.77742904,27.01295529],[116.76015149,27.00373213],[116.75245027,26.98772322],[116.72926003,26.99709175],[116.70010612,26.99428222],[116.67460992,26.98191987],[116.65460157,26.96568109],[116.62838962,26.93750202],[116.61717597,26.92253656],[116.59756261,26.892273],[116.58613286,26.88351419],[116.56439399,26.86250801],[116.55278164,26.85535967],[116.54403399,26.84351397],[116.5395462,26.82393555],[116.53905122,26.80742294],[116.54308642,26.79464652],[116.55332722,26.77751142],[116.55403097,26.77036942],[116.54562881,26.7548342],[116.52629124,26.73534245],[116.51042556,26.72444102],[116.50729155,26.71169745],[116.51519,26.68821994],[116.54042882,26.66319048],[116.54593162,26.65472191],[116.56150111,26.65368764],[116.56420828,26.64578099],[116.55733497,26.6242239],[116.55442687,26.599764],[116.54863755,26.57931111],[116.53634859,26.5716138],[116.53626121,26.55985382],[116.55802747,26.54822164],[116.57508096,26.53516544],[116.57423004,26.52518874],[116.58238767,26.52355982],[116.59423704,26.51085361],[116.58666048,26.49785962],[116.59665845,26.49399734],[116.60623054,26.48054645],[116.63350903,26.48300759],[116.63257175,26.46963729],[116.62555852,26.46317588],[116.62341496,26.44900919],[116.60612673,26.43683542],[116.5996344,26.41932214],[116.59987797,26.40931748],[116.6060306,26.39754752],[116.6044076,26.38734339],[116.59687469,26.37645744],[116.57972947,26.36960987],[116.56652133,26.37450404],[116.55140289,26.3678925],[116.55468327,26.38912185],[116.5490258,26.40375929],[116.54061598,26.40070085],[116.529949,26.40420489],[116.52879531,26.41228693],[116.51476041,26.41375538],[116.50750429,26.40564838],[116.50642666,26.394528],[116.49353726,26.390442],[116.48981238,26.37236255],[116.48489911,26.36267684],[116.47494198,26.35550983],[116.46845721,26.35548581],[116.45446254,26.34835712],[116.44896678,26.33477757],[116.43382455,26.3245251],[116.43220967,26.31138227],[116.42236347,26.30339627],[116.41328141,26.2823783],[116.39682751,26.27795636],[116.38674676,26.25971207],[116.39071434,26.247649],[116.38052856,26.24127852],[116.39187593,26.20901363],[116.38895913,26.20274781],[116.39448078,26.19298963],[116.39274484,26.18098364],[116.38761375,26.17335955],[116.40911113,26.16251984],[116.43107858,26.16311647],[116.44879641,26.16922583],[116.45858483,26.17853428],[116.46669181,26.17833503],[116.47576007,26.16772358],[116.47715334,26.14110782],[116.48474921,26.1319131],[116.48236984,26.11395945],[116.4723871,26.10583648],[116.45358266,26.09497189],[116.4387015,26.08194847],[116.41683932,26.06866119],[116.4133309,26.05753391],[116.39643525,26.04911156],[116.39521921,26.03603676],[116.41461644,26.02425525],[116.43436079,26.01885135],[116.4615437,26.01629319],[116.46960937,26.01270007],[116.47572985,26.00202603],[116.47672769,25.97789436],[116.49078236,25.9693679],[116.51796017,25.98975979],[116.52474743,25.99698124],[116.53397306,26.00002274],[116.54857175,25.99331392],[116.57711603,25.98426999],[116.58906697,25.99483362],[116.60671082,25.98760115],[116.62090968,25.99628116],[116.62496301,26.01710054],[116.64526095,26.00352083],[116.64530149,25.99453677],[116.64019516,25.98327063],[116.64043843,25.97224269],[116.64610586,25.96432271],[116.64515922,25.94596782],[116.66237266,25.94241488],[116.66955088,25.93423359],[116.67878675,25.93301227],[116.68489018,25.92255602],[116.70288585,25.91967366],[116.71510111,25.90955531],[116.73249187,25.90277688],[116.73885557,25.89277582],[116.74331858,25.85708452],[116.75129652,25.85095308],[116.77422655,25.86266328],[116.7834205,25.86408597],[116.78940245,25.85936915],[116.77908884,25.84350121],[116.77345394,25.82156705],[116.77836826,25.81480611],[116.79734675,25.80132549],[116.80426524,25.7933763],[116.81554231,25.78694082],[116.8331556,25.79047801],[116.84730326,25.79707009],[116.86058313,25.80000712],[116.87053818,25.82138352],[116.88059663,25.82736911],[116.88805254,25.84030142],[116.9000725,25.85313633],[116.91163247,25.85793799],[116.92866848,25.85826068],[116.9480909,25.84522931],[116.96649917,25.84965098],[116.9814627,25.85736031],[117.00341448,25.8607822],[117.01904915,25.85607336],[117.03113439,25.81400221],[117.05130214,25.78897957],[117.05426066,25.77833689],[117.05197291,25.76955566],[117.05831781,25.75824337],[117.05319334,25.75008407],[117.06004947,25.73923579],[117.04329522,25.728451],[117.04995483,25.71842208],[117.05589486,25.72379858],[117.06346557,25.71118741],[117.06258748,25.69556522],[117.07664955,25.6762294],[117.06682124,25.6710392],[117.07663613,25.65527499],[117.09963482,25.66003822],[117.12756228,25.65289668],[117.13495083,25.64492019],[117.13691305,25.63338877],[117.15392047,25.61553863],[117.16335675,25.59901399],[117.16074145,25.5734147],[117.17163176,25.57894735],[117.17837772,25.57801153],[117.18653527,25.56483501],[117.21098713,25.59409919],[117.21583521,25.60632977],[117.22946087,25.62116432],[117.23296731,25.63692931],[117.24894512,25.64573776],[117.25884704,25.65468764],[117.27851419,25.66799504],[117.28064867,25.68034768],[117.26951412,25.69026389],[117.24984763,25.68614069],[117.2436162,25.68996714],[117.26093029,25.71826241],[117.26171976,25.72789126],[117.26802878,25.7350906],[117.27959802,25.74032348],[117.30179153,25.7434608],[117.3283269,25.75613959],[117.34086251,25.75928016],[117.34334519,25.78310895],[117.34910944,25.78870955],[117.37060585,25.78519888],[117.37782211,25.75569666],[117.37145033,25.75052145],[117.37757035,25.72979104],[117.38602904,25.72391537],[117.39099207,25.73646459],[117.39511717,25.68766434],[117.38468911,25.67046274],[117.38696412,25.66144917],[117.40118633,25.66155841],[117.43058223,25.66840851],[117.43552289,25.67219024],[117.44169594,25.69133222],[117.45182844,25.71542845],[117.46514082,25.72299651],[117.46766251,25.73016925],[117.45660056,25.73859859],[117.48282496,25.74222613],[117.48812051,25.73516184],[117.49252761,25.71141188],[117.50191958,25.70581693],[117.51369223,25.72046441],[117.53114433,25.72818265],[117.53686372,25.72556492],[117.54415081,25.70773514],[117.55476157,25.70101844],[117.57602363,25.69722239],[117.58953187,25.67704603],[117.58294972,25.66965635],[117.58862495,25.65887781],[117.59636627,25.65253987],[117.60659811,25.65360864],[117.63040942,25.66945036],[117.6412045,25.67376],[117.65724014,25.66728016],[117.67138005,25.64140274],[117.69070433,25.62664466],[117.70114846,25.61235067],[117.70729449,25.5986342],[117.71346707,25.59341346],[117.74325926,25.59915133],[117.74009177,25.5729271],[117.72080591,25.55045729],[117.70017449,25.56270587],[117.69276998,25.5587531],[117.68398038,25.53798786],[117.68347248,25.52162526],[117.68934173,25.51632718],[117.69723291,25.52017142],[117.70533313,25.51445667],[117.71312922,25.51483498]]]},"properties":{"gml_id":"layer_city_boundary_pg.317","Name":"三明市","layer":"市","code":"350400000000","grade":2}},
{"type":"Feature","geometry":{"type":"MultiPolygon","coordinates":[[[[118.87853623,25.24400123],[118.86510977,25.24058467],[118.8649713,25.23058455],[118.85213483,25.22577148],[118.83673592,25.2290861],[118.83092003,25.22265346],[118.79637083,25.21991988],[118.77723609,25.21660649],[118.7721052,25.20651443],[118.77384159,25.19816643],[118.76044461,25.19780386],[118.74019804,25.18863763],[118.73635222,25.18998264],[118.72107942,25.1715512],[118.71285781,25.17224764],[118.70002669,25.16038364],[118.68699641,25.15775629],[118.68743853,25.17216158],[118.67321951,25.1806183],[118.67327141,25.19454154],[118.68302052,25.20949482],[118.67923554,25.21770157],[118.6788442,25.23355006],[118.68348062,25.23740051],[118.68014657,25.24755663],[118.68486943,25.25778212],[118.6911801,25.26132215],[118.67839348,25.27067227],[118.67154447,25.27231326],[118.65506921,25.26065725],[118.64191052,25.27136379],[118.64556445,25.27740079],[118.65802066,25.28294037],[118.66187405,25.29265651],[118.65116282,25.30487821],[118.63753588,25.30256025],[118.6282141,25.30432388],[118.62109771,25.29646405],[118.59962554,25.29862328],[118.59170226,25.30534552],[118.56931218,25.30064446],[118.56734131,25.28963867],[118.55900979,25.29320572],[118.5287905,25.29417809],[118.52556153,25.31163579],[118.53115035,25.32367908],[118.52362535,25.32870402],[118.51587447,25.3152495],[118.50821042,25.32040377],[118.51774906,25.33686568],[118.51792269,25.35013659],[118.5251711,25.3573492],[118.51610865,25.36577243],[118.5133579,25.37490886],[118.50367061,25.37960117],[118.49855827,25.3874571],[118.48966018,25.38846864],[118.49269872,25.40364234],[118.48294153,25.4067058],[118.47964287,25.42550081],[118.46500576,25.42677632],[118.45523913,25.4462861],[118.45613323,25.45258172],[118.46655152,25.4693514],[118.47254974,25.47165542],[118.47459063,25.48364042],[118.46879087,25.49408129],[118.46086488,25.4976825],[118.45994456,25.51896479],[118.49236039,25.55845703],[118.50532806,25.56473911],[118.50687317,25.5814602],[118.52667209,25.60467632],[118.52847808,25.61090267],[118.54061122,25.62084407],[118.54552339,25.63526604],[118.52670729,25.64535576],[118.54028963,25.65958549],[118.5354814,25.66458393],[118.51909522,25.66204532],[118.50410457,25.67943776],[118.48767233,25.69163595],[118.48668347,25.69724996],[118.47357473,25.71059601],[118.46371279,25.71358087],[118.44951804,25.72353916],[118.44362222,25.72091641],[118.42600596,25.73329643],[118.42236753,25.74223814],[118.42338337,25.75176778],[118.4200846,25.7641284],[118.41480556,25.76892549],[118.4096646,25.79250025],[118.40644363,25.79735168],[118.39299469,25.8037812],[118.38696034,25.81273667],[118.37717494,25.81690752],[118.38780204,25.82819205],[118.39219528,25.84865577],[118.40005332,25.84598764],[118.41624665,25.85743488],[118.40743331,25.87842391],[118.40485543,25.89224306],[118.39115419,25.90275264],[118.36469927,25.89924707],[118.36283311,25.91521016],[118.35632964,25.92083204],[118.35513236,25.93242968],[118.34537406,25.93993761],[118.33978118,25.93841945],[118.33161446,25.91966987],[118.31312495,25.91649888],[118.30387304,25.93252861],[118.29108812,25.92559808],[118.28051666,25.93385236],[118.27066578,25.93282845],[118.26150098,25.91956164],[118.2679233,25.90689542],[118.26294985,25.90174874],[118.24333368,25.89917608],[118.24201439,25.89390545],[118.22813737,25.88677858],[118.21067502,25.90090292],[118.20412277,25.90132976],[118.19210122,25.88808166],[118.17528783,25.88710627],[118.1725718,25.90307385],[118.15139895,25.91083668],[118.14302158,25.90311198],[118.12474159,25.90284519],[118.10402198,25.89262267],[118.07298974,25.88703843],[118.0718789,25.87977866],[118.07904237,25.87578936],[118.08019674,25.86799454],[118.06948277,25.86176623],[118.05872481,25.85108921],[118.04446874,25.86120159],[118.03378054,25.85914446],[118.02801632,25.86597143],[118.01043662,25.85995655],[118.01400769,25.8480414],[118.02829077,25.83794757],[118.0214171,25.83428062],[118.00656471,25.81665332],[118.00242373,25.80000841],[118.00614824,25.79857633],[118.00127806,25.77256023],[117.9938307,25.76965302],[117.98280699,25.77403695],[117.978987,25.76988078],[117.97676528,25.75417804],[117.98485513,25.7342227],[117.99704224,25.71892934],[118.00452416,25.72711822],[118.01023748,25.72180627],[118.00110434,25.694757],[117.99518384,25.68871282],[117.97822341,25.68439146],[117.96409354,25.6839808],[117.93894212,25.66906428],[117.93265666,25.66147523],[117.94399342,25.65876246],[117.95128938,25.64554741],[117.96293704,25.6474147],[117.97115685,25.63865725],[117.98585189,25.61751169],[118.01449007,25.62421477],[118.02057542,25.6313938],[118.03305127,25.63099387],[118.03788649,25.62261554],[118.03821693,25.60754814],[118.03447482,25.59491761],[118.02871924,25.59087833],[118.03007273,25.58197024],[118.02512439,25.57138797],[117.99726689,25.55257388],[117.98942933,25.54027322],[117.97539319,25.53395273],[117.97502896,25.52318016],[117.95777461,25.53178954],[117.93723202,25.52712988],[117.92719968,25.51400621],[117.90547742,25.5052572],[117.85939241,25.49872064],[117.84830898,25.49136961],[117.83567056,25.49478256],[117.82429971,25.51217669],[117.81528916,25.51999724],[117.79958532,25.51184262],[117.78421837,25.5129397],[117.78418354,25.49617553],[117.79295208,25.48696149],[117.78152671,25.48478381],[117.76458843,25.50230308],[117.74769314,25.51054574],[117.72901728,25.50998043],[117.72878286,25.51695578],[117.71312922,25.51483498],[117.71018585,25.49434221],[117.71740949,25.4842062],[117.70818014,25.48078688],[117.6990726,25.46043238],[117.69259664,25.45854425],[117.68650189,25.44375018],[117.69361219,25.42896779],[117.67916623,25.39937154],[117.6867192,25.39347184],[117.68461854,25.38412307],[117.68658906,25.37113264],[117.67534691,25.35013557],[117.661849,25.3446347],[117.65677198,25.33926269],[117.65031309,25.32354611],[117.61460595,25.30256108],[117.60067691,25.30116856],[117.595001,25.29672751],[117.59984412,25.28714308],[117.59867209,25.26303959],[117.60614375,25.26020151],[117.61628121,25.25044772],[117.61746958,25.24376754],[117.60908659,25.22522563],[117.59841996,25.22341956],[117.57385997,25.23424795],[117.5659193,25.22320389],[117.55054945,25.21462557],[117.55376018,25.2096614],[117.55167726,25.19343831],[117.56838379,25.19188766],[117.57728816,25.17785636],[117.59193755,25.174359],[117.59923583,25.16728058],[117.61679294,25.16393478],[117.61575981,25.15098365],[117.62181841,25.14131214],[117.64818639,25.13699309],[117.66665756,25.12729545],[117.66651867,25.10170718],[117.67256894,25.09092376],[117.68230843,25.08457726],[117.69410676,25.08155411],[117.70259716,25.07076128],[117.71691347,25.08070836],[117.72175818,25.07400755],[117.72662876,25.05386518],[117.72128951,25.04647331],[117.73347033,25.04011101],[117.73220242,25.02934402],[117.71308462,25.0178584],[117.71140007,25.00822568],[117.69477515,25.00646956],[117.69015637,24.99506977],[117.68020794,24.99142602],[117.66595387,25.00280343],[117.64962665,24.99990738],[117.64995617,24.98430395],[117.63223301,24.9738955],[117.61345085,24.96744217],[117.59959115,24.9509154],[117.60226466,24.93330997],[117.62758075,24.92666759],[117.62667768,24.91586227],[117.61011001,24.90101109],[117.61195819,24.88008551],[117.61996874,24.86971542],[117.63179903,24.86985451],[117.64006195,24.86193285],[117.64753517,24.86285202],[117.65273424,24.85645646],[117.66353195,24.85690914],[117.67855898,24.8518892],[117.70665972,24.86647724],[117.71285004,24.87712015],[117.72505792,24.88361761],[117.74546941,24.8800194],[117.75763378,24.87122142],[117.76530018,24.87137502],[117.76563847,24.85877088],[117.77083023,24.85377187],[117.79506243,24.86522051],[117.79778789,24.85552914],[117.80770226,24.85286856],[117.81727743,24.86091419],[117.82015079,24.8694495],[117.816348,24.87751331],[117.82906539,24.88447931],[117.84499349,24.87685108],[117.8592802,24.88129179],[117.86695252,24.87477748],[117.87785403,24.89868902],[117.88893621,24.89021954],[117.89392654,24.87767244],[117.90834219,24.87331645],[117.91301946,24.88251241],[117.92549965,24.87850556],[117.93173946,24.869431],[117.94269195,24.87408216],[117.95303739,24.87111623],[117.96638596,24.85100505],[117.99324965,24.86154121],[117.98620987,24.87389397],[117.99215645,24.88009013],[118.00682685,24.87796308],[118.00961277,24.8824682],[117.99975996,24.89057769],[117.98547239,24.89570027],[117.99214785,24.9026921],[118.00421294,24.89557355],[118.01421452,24.90555861],[118.03619545,24.89837319],[118.03719426,24.88579954],[118.05414171,24.86909022],[118.06082767,24.87809149],[118.06688794,24.8770447],[118.06738238,24.8656706],[118.07277447,24.85689813],[118.08057117,24.86639416],[118.10470102,24.877841],[118.12057229,24.89113781],[118.13298688,24.8974357],[118.14575824,24.89436139],[118.15667823,24.90031711],[118.17205213,24.89596253],[118.19014999,24.8954322],[118.19928075,24.8849162],[118.18906487,24.87626293],[118.19230275,24.86919927],[118.22107523,24.85366554],[118.21942577,24.84125057],[118.22705459,24.82879913],[118.23850223,24.8277925],[118.24738022,24.83419146],[118.25900946,24.82810758],[118.2662658,24.83316323],[118.27964815,24.8353025],[118.29648645,24.82890096],[118.30079203,24.81637814],[118.30724954,24.80768465],[118.32252559,24.79393234],[118.31780431,24.78656908],[118.32809902,24.77783619],[118.33726613,24.78181368],[118.33993126,24.77442649],[118.33081585,24.77124366],[118.33359357,24.764559],[118.33030388,24.75522793],[118.31210153,24.7516188],[118.31743955,24.73599181],[118.3275782,24.73213266],[118.33174484,24.72111243],[118.31720545,24.70093706],[118.31770002,24.69515333],[118.33401955,24.68476762],[118.33393229,24.67647697],[118.34730932,24.66705918],[118.34597245,24.65180553],[118.33848192,24.64483477],[118.34213579,24.63330706],[118.34012266,24.62470648],[118.33219628,24.62000799],[118.32482684,24.60807855],[118.32671006,24.60101065],[118.33801236,24.60745775],[118.33694502,24.59512315],[118.34827353,24.58779078],[118.3507306,24.57847916],[118.36895785,24.57829988],[118.4050344,24.59777767],[118.41725372,24.60122735],[118.43982834,24.61764506],[118.47394734,24.61779763],[118.51399079,24.60881242],[118.52432839,24.60111875],[118.55285664,24.57586762],[118.55203263,24.56559139],[118.54270248,24.56218873],[118.54522849,24.54944489],[118.5592532,24.54230921],[118.56201318,24.52360614],[118.5536604,24.51555209],[118.57551685,24.51021626],[118.58637411,24.51678912],[118.60985844,24.52474236],[118.61987768,24.53757601],[118.63519295,24.55171358],[118.65295053,24.55741907],[118.65151955,24.56885461],[118.65976552,24.57674084],[118.66874899,24.57801583],[118.67578898,24.58517589],[118.67912311,24.60091948],[118.68452261,24.61187304],[118.68228331,24.63652071],[118.66943358,24.63549686],[118.6644875,24.62553114],[118.65562447,24.62631988],[118.65046891,24.63663452],[118.64797729,24.65668908],[118.65162317,24.67276738],[118.66565013,24.68269486],[118.67295091,24.67012815],[118.68137909,24.66551641],[118.69885139,24.66830658],[118.71217258,24.67943614],[118.71653923,24.67890928],[118.72683629,24.69152392],[118.73330176,24.69526903],[118.73518785,24.70910367],[118.74772042,24.72163508],[118.76136722,24.73154211],[118.76116569,24.73742362],[118.77188777,24.74384344],[118.78005768,24.76290484],[118.77847755,24.77952354],[118.75741458,24.78232613],[118.74017991,24.78230806],[118.73144637,24.78682686],[118.72677544,24.80375305],[118.72759177,24.81844591],[118.71647247,24.81872949],[118.70843036,24.81211366],[118.70597383,24.79961623],[118.6948262,24.79902901],[118.68633674,24.80279109],[118.66914192,24.79738267],[118.64591741,24.81171233],[118.64121849,24.832],[118.64342954,24.84659756],[118.66830979,24.85248301],[118.683148,24.85945724],[118.69009791,24.86922569],[118.69783108,24.8683831],[118.69397575,24.85550193],[118.70059094,24.84718956],[118.72678262,24.84351055],[118.73029412,24.82892004],[118.74261196,24.83124652],[118.74658046,24.84820633],[118.78262731,24.85851688],[118.80117982,24.87271599],[118.81509526,24.87187004],[118.82992173,24.8571828],[118.83822856,24.86128259],[118.8431936,24.87864514],[118.86024974,24.89035639],[118.87170576,24.89121806],[118.8913813,24.88700247],[118.902499,24.87912973],[118.92695516,24.87343347],[118.94437389,24.87919437],[118.95544019,24.87452842],[118.98720689,24.88316312],[118.98356905,24.89969781],[118.96772913,24.90515962],[118.95098723,24.89991238],[118.93763934,24.9111408],[118.92848223,24.9095345],[118.92363168,24.92167102],[118.91379862,24.92688971],[118.91391991,24.9354444],[118.92884664,24.95230993],[118.94110181,24.95697994],[118.97885586,24.94117694],[119.00919473,24.94426016],[119.0279821,24.9603571],[119.02647225,24.96481243],[119.01238855,24.96619662],[119.00619949,24.96219152],[118.99873415,24.97271858],[118.98507943,24.97690435],[118.98173261,24.99255313],[118.98394474,24.99837272],[119.00118266,25.002113],[119.00721925,25.02887022],[119.01929544,25.04622286],[119.01967564,25.05439576],[119.01164215,25.06122797],[118.99428808,25.05839046],[118.98699791,25.04686306],[118.97898689,25.04686395],[118.97170383,25.02963416],[118.95581258,25.02465961],[118.94076331,25.03145725],[118.94175511,25.04604345],[118.92572335,25.05491408],[118.90978801,25.05367282],[118.90060573,25.06348481],[118.8808225,25.06345724],[118.86359971,25.08540953],[118.88762373,25.0956923],[118.90638417,25.0959805],[118.91254847,25.10207452],[118.93325553,25.10096598],[118.95063027,25.11083742],[118.97017139,25.11803314],[118.97024571,25.12416536],[118.95660193,25.13011361],[118.94938109,25.1300534],[118.94695153,25.15229085],[118.96031655,25.15594828],[118.98084695,25.16893636],[118.97977442,25.19829604],[118.9693819,25.20164068],[118.96646626,25.21119335],[118.94588707,25.2090921],[118.93480431,25.21862161],[118.93711613,25.22753552],[118.9152366,25.23605156],[118.90535629,25.24433727],[118.87853623,25.24400123]]],[[[118.40766305,24.51698168],[118.39018011,24.51154176],[118.39503472,24.49336221],[118.38677242,24.48499624],[118.38467913,24.46813949],[118.36974648,24.46143361],[118.34046004,24.47125108],[118.31398397,24.48936588],[118.2909907,24.47814888],[118.28927846,24.46955901],[118.30004258,24.45740265],[118.30496996,24.4439455],[118.30719158,24.42739312],[118.28944224,24.42700158],[118.27952823,24.41035731],[118.28958266,24.40420828],[118.29475753,24.39517514],[118.31403814,24.38633697],[118.32828053,24.38641483],[118.33504956,24.39284971],[118.34586148,24.4149695],[118.36742593,24.42906692],[118.40041082,24.43070107],[118.41127276,24.42433781],[118.4275668,24.42154624],[118.43507499,24.40728829],[118.45296063,24.41497462],[118.45477712,24.42276357],[118.46501195,24.42915654],[118.46088985,24.43690949],[118.47231242,24.44026366],[118.47426911,24.45070719],[118.46791142,24.4522789],[118.46277277,24.46201811],[118.46316619,24.47319507],[118.45818876,24.48127083],[118.44716764,24.50947175],[118.43368889,24.51040781],[118.4257044,24.5239971],[118.41803893,24.52801019],[118.40850923,24.52382492],[118.40766305,24.51698168]]],[[[118.22566482,24.40409654],[118.23349958,24.41102467],[118.24205377,24.41014382],[118.2527632,24.42340882],[118.26246331,24.42052862],[118.26875296,24.4439297],[118.25092877,24.4547436],[118.22912866,24.44860831],[118.22550464,24.43261673],[118.21596363,24.42856644],[118.21700382,24.42032973],[118.21023432,24.41116214],[118.22566482,24.40409654]]]]},"properties":{"gml_id":"layer_city_boundary_pg.318","Name":"泉州市","layer":"市","code":"350500000000","grade":2}},
{"type":"Feature","geometry":{"type":"MultiPolygon","coordinates":[[[[118.04407936,24.42099366],[118.02358981,24.42327588],[118.00068981,24.42142398],[117.9877294,24.42591522],[117.98030845,24.43639161],[117.9702922,24.43777469],[117.95935533,24.44699061],[117.95210908,24.46213893],[117.95763769,24.48331231],[117.95386148,24.50417954],[117.93281584,24.51641194],[117.92657602,24.52965356],[117.91853912,24.53485628],[117.90876674,24.53543155],[117.90846379,24.54967616],[117.90379822,24.55837881],[117.9089402,24.57161877],[117.90612913,24.57569936],[117.8813336,24.5931829],[117.88869325,24.60080306],[117.88768645,24.61461123],[117.91375786,24.61576707],[117.92562956,24.63565157],[117.93876336,24.64642933],[117.95002599,24.65223148],[117.96066614,24.6769867],[117.95317635,24.69764548],[117.95079828,24.71146338],[117.9436645,24.71469545],[117.93633903,24.74548931],[117.94316081,24.76543012],[117.95043399,24.76857944],[117.95657043,24.79106101],[117.95440861,24.82693842],[117.95821897,24.84410813],[117.95163993,24.84804538],[117.9356618,24.84764641],[117.92455365,24.86247282],[117.90834219,24.87331645],[117.89392654,24.87767244],[117.88893621,24.89021954],[117.87785403,24.89868902],[117.86695252,24.87477748],[117.8592802,24.88129179],[117.84499349,24.87685108],[117.82906539,24.88447931],[117.816348,24.87751331],[117.82015079,24.8694495],[117.81727743,24.86091419],[117.80770226,24.85286856],[117.79778789,24.85552914],[117.79506243,24.86522051],[117.77083023,24.85377187],[117.76563847,24.85877088],[117.76530018,24.87137502],[117.75763378,24.87122142],[117.74546941,24.8800194],[117.72505792,24.88361761],[117.71285004,24.87712015],[117.70665972,24.86647724],[117.67855898,24.8518892],[117.66353195,24.85690914],[117.65273424,24.85645646],[117.64753517,24.86285202],[117.64006195,24.86193285],[117.63179903,24.86985451],[117.61996874,24.86971542],[117.61195819,24.88008551],[117.61011001,24.90101109],[117.62667768,24.91586227],[117.62758075,24.92666759],[117.60226466,24.93330997],[117.59959115,24.9509154],[117.61345085,24.96744217],[117.63223301,24.9738955],[117.64995617,24.98430395],[117.64962665,24.99990738],[117.66595387,25.00280343],[117.68020794,24.99142602],[117.69015637,24.99506977],[117.69477515,25.00646956],[117.71140007,25.00822568],[117.71308462,25.0178584],[117.73220242,25.02934402],[117.73347033,25.04011101],[117.72128951,25.04647331],[117.72662876,25.05386518],[117.72175818,25.07400755],[117.71691347,25.08070836],[117.70259716,25.07076128],[117.69410676,25.08155411],[117.68230843,25.08457726],[117.67256894,25.09092376],[117.66651867,25.10170718],[117.66665756,25.12729545],[117.64818639,25.13699309],[117.62181841,25.14131214],[117.61575981,25.15098365],[117.61679294,25.16393478],[117.59923583,25.16728058],[117.59193755,25.174359],[117.57728816,25.17785636],[117.56838379,25.19188766],[117.55167726,25.19343831],[117.55376018,25.2096614],[117.55054945,25.21462557],[117.54079364,25.2139109],[117.54405751,25.19782536],[117.52660693,25.20111811],[117.52450278,25.18837509],[117.51081474,25.17853736],[117.49242155,25.17707979],[117.49043175,25.16795733],[117.479535,25.16763806],[117.47860131,25.13722753],[117.47368573,25.13056702],[117.47691713,25.12313888],[117.4980575,25.11194263],[117.50589221,25.09316593],[117.4989222,25.0442989],[117.487013,25.02645856],[117.4855458,25.0196051],[117.49046793,24.97422702],[117.48814912,24.96487039],[117.47869644,24.96097604],[117.44039161,24.96263334],[117.41998751,24.98082898],[117.38859582,24.98334046],[117.37867976,24.98738551],[117.36512959,24.97616572],[117.35657649,24.97465555],[117.33619398,24.98144999],[117.31302755,24.97108037],[117.30197798,24.97096847],[117.28164919,24.99331255],[117.27474969,24.99049909],[117.26300712,24.97700032],[117.2318929,24.96534601],[117.22964504,24.95735995],[117.242655,24.95360575],[117.23215521,24.93364761],[117.23254379,24.92619983],[117.22213646,24.91199404],[117.21469569,24.91125203],[117.20534915,24.92383292],[117.17944861,24.92863518],[117.1836517,24.9067178],[117.19166564,24.90360204],[117.19305568,24.88795044],[117.16725528,24.86867449],[117.16438147,24.82877791],[117.1494069,24.81603475],[117.13919734,24.79307288],[117.12541968,24.7874198],[117.09732303,24.79219361],[117.07567727,24.78372483],[117.06573582,24.78854239],[117.06707283,24.8103336],[117.06418114,24.8246366],[117.05172253,24.82643982],[117.04787626,24.81481337],[117.04715752,24.79612473],[117.0230806,24.78298245],[117.01861789,24.77642441],[117.01897401,24.74265204],[117.01368243,24.7120309],[117.02173203,24.70274549],[117.0220055,24.69671296],[117.03443113,24.69353383],[117.03490317,24.6860759],[117.02849194,24.67256122],[117.04200489,24.65601902],[117.03854151,24.63633863],[117.03255172,24.62889579],[117.0150152,24.63181118],[117.01013619,24.61860108],[117.0203359,24.60482325],[117.01684006,24.56769784],[117.01231729,24.55861415],[117.00144909,24.54714252],[116.99204758,24.54345066],[116.97606865,24.54747779],[116.94313929,24.5479771],[116.92793566,24.53712158],[116.93104106,24.52486473],[116.92488891,24.51660013],[116.91755229,24.52964259],[116.90694905,24.51868737],[116.91282524,24.49329755],[116.92256214,24.47126809],[116.93130191,24.4598235],[116.93945155,24.43484095],[116.93032949,24.39301963],[116.92385563,24.38558239],[116.91122863,24.38241905],[116.89876537,24.38311549],[116.89939969,24.37286579],[116.89243928,24.36309474],[116.89163209,24.35370497],[116.90374655,24.34475723],[116.9048235,24.33221323],[116.91501175,24.32397601],[116.90848621,24.31447431],[116.90974446,24.29070203],[116.91364109,24.28635708],[116.93214372,24.28711717],[116.93453896,24.27803831],[116.93088487,24.25092363],[116.9346002,24.24251779],[116.92884556,24.22933676],[116.92947076,24.22220023],[116.93868701,24.21919614],[116.94966622,24.22026437],[116.96666897,24.20093693],[116.98644022,24.19264966],[116.99388851,24.1817528],[116.98211822,24.16809296],[116.97416781,24.16488791],[116.9682744,24.15634702],[116.96014201,24.15619147],[116.94777366,24.14634061],[116.9425057,24.13778996],[116.93036407,24.12984258],[116.92206777,24.10148956],[116.92494015,24.09424017],[116.92521836,24.06832897],[116.93244742,24.05743524],[116.94475398,24.05852049],[116.94423258,24.04080611],[116.9358839,24.03797947],[116.95058578,24.02305709],[116.94865903,24.01353237],[116.95548111,24.00492913],[116.96530555,24.01022133],[116.97714498,24.00216788],[116.97075668,23.99336647],[116.96852565,23.97698692],[116.97796966,23.96203602],[116.97552187,23.94375479],[116.96869822,23.92978953],[116.95018463,23.92321346],[116.95469044,23.91725576],[116.95425671,23.9034185],[116.96839346,23.89752898],[116.97462196,23.88714962],[116.97085032,23.87497085],[116.95767105,23.87271688],[116.9611884,23.86120391],[116.97689561,23.85827365],[116.97997088,23.86394665],[116.99038355,23.86466866],[117.00732542,23.85786603],[117.01763862,23.84132425],[117.02192672,23.82245501],[117.01366286,23.81476093],[117.01525982,23.80326871],[117.02691057,23.79385065],[117.03447185,23.78092271],[117.03769294,23.76624993],[117.04292796,23.76112984],[117.04620141,23.73919832],[117.04441317,23.72659396],[117.04909271,23.71096603],[117.0483284,23.70084235],[117.06169101,23.69119793],[117.06914911,23.69335508],[117.08446494,23.67093165],[117.11046072,23.66766973],[117.11992474,23.64845011],[117.12674887,23.6532688],[117.14252376,23.6562286],[117.15444302,23.64256447],[117.16881021,23.6371156],[117.18104954,23.63871959],[117.187724,23.63208255],[117.18808016,23.56413739],[117.26662664,23.56870486],[117.28638861,23.57371499],[117.28979098,23.56152249],[117.29771543,23.55289066],[117.31286159,23.55147861],[117.34421585,23.55764517],[117.35672573,23.558703],[117.37734614,23.55588888],[117.42247608,23.57453773],[117.43654402,23.5731198],[117.44900364,23.57748744],[117.45874457,23.58765687],[117.45838872,23.60100106],[117.45072238,23.60883872],[117.44967244,23.63067983],[117.46155818,23.64235377],[117.48816635,23.64499716],[117.49643922,23.65310012],[117.49371341,23.66987974],[117.48349634,23.67718848],[117.48816705,23.69280033],[117.49776778,23.70720105],[117.51393005,23.70683567],[117.53237386,23.71708333],[117.53995111,23.71853641],[117.56390442,23.71527233],[117.58521066,23.70461066],[117.59683183,23.70469675],[117.60827921,23.71614461],[117.62294604,23.75214397],[117.63474123,23.77050608],[117.6555295,23.79181768],[117.65667484,23.7996559],[117.64690123,23.81806543],[117.65376744,23.85452824],[117.66715259,23.88077534],[117.6861811,23.89169587],[117.69922045,23.89275366],[117.72317342,23.89064331],[117.75771131,23.88959261],[117.76440551,23.89100405],[117.78308121,23.90263233],[117.78801171,23.90897446],[117.79717094,23.93953738],[117.80281447,23.95010906],[117.82131355,23.96913257],[117.84297978,23.98754199],[117.85530518,24.0048021],[117.86023461,24.00762033],[117.88542115,24.00761653],[117.90602471,24.01465873],[117.92293087,24.04275241],[117.92346031,24.05913366],[117.92037839,24.07802599],[117.92698344,24.09731522],[117.94257111,24.11422146],[117.97004877,24.13729469],[117.98607174,24.14548336],[117.99523807,24.15517056],[117.99660048,24.17959111],[118.01456998,24.19993736],[118.0339902,24.20194205],[118.05178846,24.21198585],[118.05865648,24.22185205],[118.06976163,24.22801997],[118.11081245,24.23199171],[118.11891352,24.23851018],[118.12103176,24.25511435],[118.13856073,24.25441175],[118.150628,24.26137056],[118.15256332,24.28057159],[118.14119975,24.29409044],[118.14076573,24.3089755],[118.13468,24.31734365],[118.12217799,24.32108235],[118.12190849,24.33579145],[118.11640374,24.34990585],[118.10715703,24.35954748],[118.09148707,24.3610848],[118.07641189,24.35890342],[118.07121683,24.36628793],[118.07859319,24.37358181],[118.08363608,24.40880074],[118.0813439,24.41293878],[118.04407936,24.42099366]]],[[[118.14626444,24.32103243],[118.15134624,24.32493656],[118.14846137,24.33854147],[118.14005802,24.33910948],[118.14626444,24.32103243]]]]},"properties":{"gml_id":"layer_city_boundary_pg.319","Name":"漳州市","layer":"市","code":"350600000000","grade":2}},
{"type":"Feature","geometry":{"type":"Polygon","coordinates":[[[119.25725664,27.42385386],[119.24326655,27.42437067],[119.2325219,27.42015839],[119.2191135,27.42009099],[119.20456752,27.4253035],[119.18981989,27.42190926],[119.17530782,27.43135419],[119.1635282,27.42797547],[119.13372506,27.43747188],[119.12345432,27.43482061],[119.11634362,27.44137137],[119.12085848,27.45525947],[119.11853995,27.466248],[119.12571202,27.47586326],[119.11588366,27.48509489],[119.1100225,27.48586709],[119.09653021,27.47828389],[119.08305507,27.46714185],[119.06744341,27.47530667],[119.06137398,27.47000392],[119.05072086,27.4754769],[119.05029537,27.48067827],[119.03218508,27.48371876],[119.0158893,27.50108046],[118.99405742,27.49954372],[118.98588049,27.50660313],[118.97796523,27.4993121],[118.98561159,27.49179687],[118.98348484,27.48048409],[118.96125751,27.47667299],[118.95365398,27.45507773],[118.93496079,27.46201193],[118.92868587,27.46695913],[118.90613031,27.46424886],[118.89307782,27.48236776],[118.88317517,27.48695962],[118.88567462,27.49750823],[118.87537277,27.50918746],[118.86893328,27.52112648],[118.8531892,27.5200485],[118.86452419,27.54328253],[118.87807224,27.54587529],[118.88438193,27.55088135],[118.89140316,27.56652192],[118.90447296,27.57143241],[118.89941306,27.5793725],[118.89961304,27.5922216],[118.90408281,27.61484219],[118.90924125,27.62251527],[118.89798966,27.6270717],[118.89906632,27.64226435],[118.89066494,27.65895052],[118.87523424,27.67134228],[118.86999183,27.68618032],[118.87589419,27.69270058],[118.87037486,27.70434835],[118.87382907,27.70869921],[118.89540362,27.7084004],[118.89244475,27.7174679],[118.87598105,27.73456488],[118.86751,27.73782772],[118.84924873,27.77759805],[118.8352832,27.78264444],[118.83465825,27.79191158],[118.84675764,27.79938597],[118.84239235,27.81589293],[118.83405055,27.82400117],[118.83065639,27.84155059],[118.82583072,27.85343446],[118.83101291,27.86986277],[118.82177649,27.87816981],[118.82410332,27.89016017],[118.81563036,27.89869766],[118.81362565,27.92003448],[118.79888523,27.9216117],[118.79972806,27.93039856],[118.77955155,27.93945373],[118.76223907,27.94507175],[118.74931988,27.94600289],[118.74862538,27.95127166],[118.72505268,27.97583925],[118.72763111,27.99414931],[118.72169262,28.00368228],[118.72172749,28.01746033],[118.72862055,28.02972095],[118.72779641,28.03922983],[118.71549396,28.04872285],[118.71392248,28.06692096],[118.73088709,28.07881811],[118.73828444,28.09179258],[118.75865283,28.09800059],[118.76028507,28.10621131],[118.76871598,28.11127276],[118.78048828,28.1100299],[118.79747903,28.12062139],[118.79561247,28.13676777],[118.80105568,28.15640316],[118.79326865,28.17222242],[118.77804891,28.17595092],[118.77028768,28.1712757],[118.75605684,28.17068033],[118.76440021,28.18905074],[118.77724128,28.19649778],[118.78991721,28.20925461],[118.79931915,28.21122343],[118.80756631,28.2289278],[118.79722681,28.24376489],[118.77631319,28.24639891],[118.74961417,28.25674942],[118.73598303,28.27079018],[118.73444695,28.28065522],[118.72243052,28.28441859],[118.72488765,28.30426306],[118.71746447,28.31376474],[118.70863485,28.31620265],[118.69443165,28.31325878],[118.68505628,28.29435856],[118.6700123,28.27482195],[118.66186976,28.27310957],[118.64852868,28.28057793],[118.63550083,28.27692283],[118.62773284,28.26474051],[118.61833401,28.26009371],[118.59103069,28.26045497],[118.59332193,28.27412442],[118.5797661,28.28778569],[118.56413661,28.28868694],[118.55384308,28.28574271],[118.54157218,28.28882166],[118.54147575,28.27841413],[118.52538575,28.27382356],[118.50927525,28.27296363],[118.50073431,28.28321377],[118.49065687,28.27639506],[118.48799116,28.26599161],[118.49783557,28.25038358],[118.48574309,28.24168367],[118.47606356,28.24922026],[118.45883971,28.24623808],[118.44989863,28.24942302],[118.43353095,28.2643912],[118.42531696,28.28388143],[118.42793852,28.29624596],[118.41913459,28.29462074],[118.40990451,28.2875221],[118.39097661,28.27797994],[118.38331864,28.26982566],[118.3683676,28.26898866],[118.35934658,28.25694064],[118.34828626,28.25496076],[118.33974442,28.238625],[118.33408413,28.23908541],[118.30983121,28.22608649],[118.31437101,28.21768798],[118.3290584,28.21004188],[118.33464857,28.19703907],[118.35096006,28.19588544],[118.36747278,28.19189219],[118.36954803,28.17701626],[118.37401988,28.17035839],[118.3542328,28.15371526],[118.36330606,28.13228378],[118.35167263,28.12703521],[118.3544157,28.11503281],[118.34758278,28.09023521],[118.30312114,28.09262467],[118.28700369,28.08583685],[118.26994065,28.08626916],[118.24860498,28.07205703],[118.23756598,28.07878517],[118.22006104,28.06256584],[118.20538407,28.06054106],[118.19438744,28.05319488],[118.17922394,28.05452992],[118.16597748,28.060487],[118.14865108,28.06500074],[118.12990742,28.05678004],[118.11552991,28.04491996],[118.12390788,28.02027924],[118.11816841,28.01562126],[118.09936223,28.01947661],[118.0880487,28.00289981],[118.08676294,27.98461128],[118.09176435,27.97354969],[118.07887047,27.96815822],[118.06695738,27.9722676],[118.06551594,27.98054665],[118.05570461,27.98578359],[118.03753374,27.98330443],[118.02912913,27.99136925],[118.01400608,27.98442365],[118.00147998,27.98365972],[117.99298106,27.99444916],[117.98061271,27.97488635],[117.96019873,27.96599973],[117.95304761,27.97237728],[117.93783375,27.97751871],[117.92755797,27.97020981],[117.91535586,27.96685571],[117.90725921,27.95352977],[117.89468453,27.95045756],[117.88610104,27.95191442],[117.86646997,27.94519203],[117.85099412,27.9492782],[117.84414641,27.93990136],[117.83136028,27.93115496],[117.81006713,27.92396502],[117.79421048,27.90467268],[117.78037152,27.89598375],[117.78327141,27.88618579],[117.77739371,27.86929082],[117.78299308,27.85908999],[117.77266971,27.84168535],[117.75719878,27.83344981],[117.74920207,27.8152926],[117.73682044,27.80440899],[117.72579361,27.80671405],[117.71128547,27.81949094],[117.70051976,27.83628202],[117.69201234,27.83083865],[117.67743668,27.82706608],[117.66815622,27.83182044],[117.66059576,27.84671918],[117.6449286,27.85508822],[117.61848312,27.86414716],[117.60507412,27.86689313],[117.59758497,27.8729949],[117.59858252,27.88936636],[117.5905284,27.90298328],[117.58116494,27.90905344],[117.58372345,27.92176374],[117.57964457,27.9383665],[117.58177943,27.94576387],[117.57418599,27.94917745],[117.56461303,27.93876676],[117.55543174,27.95068947],[117.5586428,27.96008406],[117.5530277,27.96828131],[117.52724309,27.97731842],[117.52561972,27.98504843],[117.51664529,27.98573315],[117.50626448,27.97781294],[117.50352066,27.96257434],[117.49965825,27.95759001],[117.47759206,27.94262606],[117.47255701,27.93442437],[117.44872507,27.94308073],[117.43712502,27.92845743],[117.43029978,27.92587197],[117.4245697,27.91623259],[117.39920363,27.89630228],[117.39062417,27.89628903],[117.37897293,27.88947486],[117.37304278,27.89173932],[117.36123453,27.88545298],[117.34379278,27.859693],[117.3354071,27.85945408],[117.32774201,27.86521541],[117.33085819,27.8814092],[117.32915753,27.890891],[117.32242941,27.89728589],[117.31282092,27.89726519],[117.29814298,27.87537389],[117.27451862,27.87226259],[117.27146292,27.85129333],[117.28841286,27.84640959],[117.29784702,27.83340965],[117.29255299,27.80165646],[117.30087614,27.78502733],[117.30040771,27.77868827],[117.28947111,27.7671554],[117.27431805,27.77101652],[117.27119337,27.76328069],[117.27458607,27.75308492],[117.26297456,27.74366107],[117.25934634,27.73213598],[117.24930524,27.73245372],[117.23885593,27.7213653],[117.22261789,27.72246905],[117.19857668,27.71454986],[117.19750952,27.68676961],[117.18106966,27.68582885],[117.16744969,27.68127717],[117.15012301,27.68894576],[117.1377342,27.69196021],[117.12777596,27.69040974],[117.11624636,27.69726335],[117.10902254,27.69510034],[117.09456579,27.68023663],[117.09109236,27.67015686],[117.09684012,27.6658878],[117.10661679,27.64844231],[117.10075593,27.64543247],[117.10326569,27.63405283],[117.088808,27.63084678],[117.07345771,27.64527265],[117.07347498,27.65398116],[117.0557887,27.67212381],[117.04604659,27.67500393],[117.03562896,27.6733558],[117.02094804,27.66337604],[117.01529648,27.65622952],[117.0165207,27.6462054],[117.01231034,27.63630303],[117.00539994,27.63654553],[116.99839498,27.62920137],[117.01107755,27.61714481],[117.00849005,27.60991522],[117.01940204,27.5955913],[117.011737,27.56667108],[117.01496628,27.56026274],[117.0368349,27.55039115],[117.04571627,27.55261862],[117.04968404,27.54570597],[117.06861213,27.56286433],[117.07965671,27.56714797],[117.08709782,27.54935898],[117.09703092,27.54310071],[117.09677886,27.51983645],[117.10511367,27.49800944],[117.1004083,27.49162488],[117.10489654,27.4618871],[117.11328429,27.45487838],[117.1201953,27.45505795],[117.12093223,27.43752359],[117.1275309,27.42542193],[117.12228649,27.40975853],[117.10212672,27.39662362],[117.10038978,27.38544267],[117.09392092,27.38226],[117.0988093,27.36979472],[117.09504963,27.34221792],[117.10423501,27.32993088],[117.10942772,27.3314596],[117.1243529,27.325512],[117.13528332,27.32588881],[117.1373494,27.31929328],[117.13195801,27.30609396],[117.15195136,27.30491094],[117.15498962,27.29889175],[117.1667172,27.29344281],[117.16099662,27.27024829],[117.14924242,27.26407319],[117.14461513,27.24454583],[117.13536963,27.23465341],[117.11525296,27.21905572],[117.11113782,27.21084743],[117.10147383,27.2067371],[117.0919137,27.20864507],[117.07921955,27.18589928],[117.0641379,27.17833074],[117.04363852,27.15542919],[117.03853369,27.14297689],[117.04805818,27.10462945],[117.05883308,27.11293037],[117.06778421,27.10080892],[117.08147697,27.09726363],[117.09728822,27.11039936],[117.11706664,27.09646395],[117.13442193,27.10207188],[117.14424112,27.1106451],[117.15580449,27.11343884],[117.17504938,27.09643969],[117.18546061,27.07428185],[117.19499926,27.06226523],[117.20595274,27.0591971],[117.23547914,27.0464801],[117.23898562,27.03680679],[117.25017226,27.03821342],[117.25728884,27.05146425],[117.27133059,27.06112728],[117.27687706,27.06116539],[117.28032485,27.07914015],[117.27549972,27.09398863],[117.28450932,27.10426153],[117.28314697,27.11535523],[117.26742955,27.1172659],[117.27116049,27.12959605],[117.28153255,27.13240853],[117.29661629,27.1231508],[117.31983541,27.11688938],[117.32421824,27.11039481],[117.33869825,27.10433533],[117.34250897,27.09952186],[117.36051407,27.10468885],[117.37811276,27.10262129],[117.38162891,27.09383029],[117.37765237,27.08888856],[117.37666867,27.07403758],[117.39017049,27.07061486],[117.40060684,27.05575235],[117.42638983,27.06697823],[117.43309315,27.0615245],[117.43066226,27.0496881],[117.43991762,27.04578173],[117.44545693,27.02220118],[117.44638607,27.00829993],[117.45288044,27.00652174],[117.45994822,27.01335197],[117.47303078,27.01694598],[117.48015841,27.01226271],[117.50054096,27.01277529],[117.52456741,27.00725046],[117.52839516,26.99873267],[117.5412314,26.99634374],[117.52987929,26.98666866],[117.52670201,26.96356756],[117.5066603,26.95754302],[117.49903,26.94815666],[117.50021129,26.9300856],[117.50944699,26.9231046],[117.51954133,26.92897792],[117.53928698,26.92613929],[117.54466837,26.93350807],[117.55209737,26.93423611],[117.55739098,26.92677871],[117.57418338,26.92668191],[117.58445933,26.89651997],[117.5969993,26.88910073],[117.60796039,26.87628987],[117.61486034,26.87564569],[117.62562179,26.86192473],[117.62965775,26.84454963],[117.63725175,26.83972226],[117.64761531,26.82324962],[117.66565231,26.80825932],[117.66119094,26.79468468],[117.66646834,26.7873326],[117.65114784,26.77111331],[117.64823126,26.75714596],[117.64091395,26.74531556],[117.62504784,26.73939919],[117.6176099,26.72940021],[117.60650126,26.73074992],[117.59613977,26.71241267],[117.58864037,26.70651275],[117.60097273,26.70170784],[117.6046788,26.69590041],[117.6004179,26.68823131],[117.63578436,26.67826249],[117.6400539,26.65967851],[117.66388905,26.66057543],[117.65781253,26.64979862],[117.66261322,26.63819904],[117.6737935,26.64020378],[117.67813376,26.64738693],[117.69072165,26.64445427],[117.69780546,26.65749319],[117.70983016,26.66313044],[117.73242161,26.66980076],[117.7411736,26.66192885],[117.7544748,26.66454022],[117.76397371,26.65886508],[117.77378439,26.67013173],[117.7868685,26.66987969],[117.79844088,26.67456648],[117.81362411,26.67525331],[117.821602,26.67098923],[117.83450103,26.67966036],[117.84554279,26.6833299],[117.85195631,26.67878937],[117.84773794,26.66741151],[117.85358837,26.65745862],[117.85019414,26.64384383],[117.85828355,26.63604067],[117.85015101,26.61764115],[117.85166024,26.60485143],[117.86095637,26.60088161],[117.85763201,26.58610536],[117.86763953,26.5847561],[117.87102342,26.57907604],[117.87150932,26.56380737],[117.89089785,26.57207419],[117.90212,26.57098625],[117.90579088,26.56369604],[117.91803621,26.56305576],[117.92659291,26.56746973],[117.9324335,26.57601649],[117.97196656,26.56624229],[117.97724382,26.57123787],[117.97387623,26.58192402],[117.99002965,26.581013],[118.00075847,26.56863678],[117.9898033,26.55493688],[117.98819782,26.54352578],[118.00142629,26.53273066],[117.99843134,26.51466199],[118.01615756,26.5112626],[118.03288649,26.5156978],[118.03075096,26.49514534],[118.02485525,26.48124911],[118.02892718,26.47011936],[118.04043048,26.47650747],[118.0525596,26.47258606],[118.0526641,26.46412047],[118.06039953,26.45675581],[118.05423548,26.4426642],[118.06032995,26.43950553],[118.06193688,26.43046927],[118.07787745,26.42731768],[118.08454638,26.41888323],[118.0821501,26.40955593],[118.08657815,26.39890126],[118.0959987,26.40066718],[118.10820598,26.39738162],[118.10890895,26.38267034],[118.12649047,26.38082874],[118.13098814,26.36889385],[118.14895032,26.38273114],[118.1624319,26.383261],[118.16285744,26.39044563],[118.17644184,26.39209075],[118.18499246,26.38458328],[118.19775129,26.38888408],[118.21162062,26.39826452],[118.21023246,26.40788245],[118.22006592,26.41307875],[118.22463041,26.40853286],[118.23875033,26.40625398],[118.23593076,26.3993296],[118.24929578,26.39753506],[118.25804475,26.4029682],[118.25479025,26.41283222],[118.26511002,26.42589699],[118.27470015,26.4258112],[118.2848889,26.41790598],[118.29507051,26.42311756],[118.29245822,26.4349617],[118.30192696,26.44118508],[118.30593708,26.43459883],[118.32768988,26.42920703],[118.31813225,26.42282414],[118.32295866,26.4106416],[118.34229086,26.41781011],[118.34492936,26.40832209],[118.35746562,26.40365129],[118.36785821,26.41225883],[118.37693936,26.40786218],[118.38843487,26.39729122],[118.40395963,26.39730251],[118.414917,26.40114891],[118.43301166,26.40089428],[118.44465442,26.40683146],[118.45020275,26.39458662],[118.44235333,26.38663122],[118.43193492,26.3958227],[118.42216688,26.38458742],[118.42290491,26.37268045],[118.4318736,26.35893666],[118.44582648,26.35252202],[118.44936849,26.34198388],[118.4623996,26.34814274],[118.49016236,26.3674957],[118.49640422,26.36824265],[118.51361676,26.35525996],[118.52169737,26.33946257],[118.53353608,26.34047055],[118.53770223,26.34580177],[118.55131039,26.34531564],[118.55925146,26.33968228],[118.55724656,26.32895128],[118.58779534,26.32730659],[118.58620723,26.31993269],[118.59479805,26.30801296],[118.6033734,26.30768161],[118.60966547,26.30087172],[118.61116708,26.29145992],[118.62589453,26.29213238],[118.62936592,26.27542824],[118.63729107,26.26738439],[118.65124746,26.26604694],[118.66402379,26.24678559],[118.66842495,26.25513674],[118.66141122,26.27349891],[118.66186289,26.27869377],[118.66138553,26.29718411],[118.64739378,26.32301348],[118.65872145,26.33262919],[118.6576018,26.34558016],[118.63604947,26.35861427],[118.62446324,26.36283506],[118.61934283,26.36964269],[118.60491852,26.36546819],[118.59357562,26.35450647],[118.58281364,26.37206052],[118.56867663,26.37490967],[118.55854894,26.37065263],[118.55750757,26.39049298],[118.54625935,26.39488552],[118.54499274,26.41646292],[118.55277796,26.4211214],[118.56165588,26.43221621],[118.55785529,26.44430254],[118.55749934,26.46183233],[118.57159308,26.47407874],[118.59718633,26.48108068],[118.60406859,26.49309957],[118.60082256,26.50941776],[118.61060429,26.52707937],[118.6105431,26.54387162],[118.61675716,26.55208483],[118.60641267,26.55830372],[118.59999848,26.55433383],[118.58627799,26.55673419],[118.57622812,26.56862068],[118.58416913,26.608808],[118.58017694,26.61688372],[118.5820432,26.63132873],[118.58952391,26.64171973],[118.59105216,26.65686048],[118.59606805,26.66334653],[118.59419337,26.6727018],[118.58476834,26.67829229],[118.57385964,26.67856354],[118.56769845,26.68696533],[118.57718361,26.69644895],[118.57649837,26.70478121],[118.58330197,26.71297192],[118.59801232,26.71146661],[118.60253454,26.73348202],[118.6087479,26.73995026],[118.60899069,26.75424992],[118.61950086,26.77474877],[118.62445746,26.79456571],[118.63287613,26.79825894],[118.63682519,26.81871599],[118.62952548,26.83485402],[118.62115089,26.84336692],[118.62720024,26.85579735],[118.64456749,26.85814544],[118.6462858,26.86426629],[118.65858505,26.86657537],[118.66789085,26.86297237],[118.68569467,26.86803808],[118.69130327,26.87551681],[118.68757864,26.88563613],[118.69356885,26.89154766],[118.69850868,26.90955176],[118.6885942,26.93145196],[118.66967081,26.9463413],[118.66710989,26.95074011],[118.67663263,26.96696583],[118.69179865,26.96379641],[118.69501051,26.95367068],[118.70735557,26.94772793],[118.73009282,26.95978593],[118.7424312,26.95295037],[118.75454225,26.95339763],[118.77788008,26.95043503],[118.78742972,26.95640575],[118.78811583,26.96873256],[118.79913337,26.97972777],[118.81998541,26.98479197],[118.83302314,26.99202949],[118.8412087,27.00950262],[118.83715538,27.01695932],[118.84300573,27.02706791],[118.85563461,27.02561878],[118.8695555,27.03875114],[118.87556211,27.0576497],[118.89369161,27.07605197],[118.89783315,27.09390013],[118.91140629,27.10035678],[118.91825356,27.11341363],[118.92712306,27.11708344],[118.93230364,27.11063677],[118.94560019,27.11054352],[118.95332345,27.12184021],[118.95191756,27.13073296],[118.94169482,27.13057668],[118.94345584,27.14281776],[118.92792983,27.14251516],[118.92725349,27.14831145],[118.93420522,27.1611745],[118.92508303,27.1724156],[118.93273766,27.17891799],[118.93908222,27.17493025],[118.95974645,27.17192553],[118.98311187,27.16204891],[118.986688,27.12999813],[118.99488174,27.12525356],[118.98634864,27.11102355],[118.98766846,27.10578305],[119.00897904,27.09966737],[119.01706157,27.10579209],[119.03793111,27.10563777],[119.05906329,27.1013102],[119.06710345,27.10422357],[119.08833308,27.10035698],[119.0887491,27.08604698],[119.10067087,27.08002449],[119.10262423,27.07168758],[119.11495339,27.06250119],[119.1148578,27.05622289],[119.13141438,27.05946607],[119.12944425,27.07413119],[119.12460813,27.07840378],[119.12265467,27.09054402],[119.13891627,27.09102929],[119.15541057,27.09525157],[119.15637433,27.11072693],[119.18057524,27.11961554],[119.19080902,27.11244947],[119.20017436,27.11845353],[119.20016548,27.12956637],[119.181105,27.13645173],[119.18070572,27.14247632],[119.18683425,27.16506092],[119.18337074,27.17298365],[119.17041091,27.17225897],[119.17315408,27.18008499],[119.17359724,27.20275874],[119.19656378,27.21246625],[119.20216256,27.2352438],[119.23014345,27.2273812],[119.22984822,27.21494623],[119.24240726,27.20874597],[119.25677887,27.20614308],[119.26457227,27.20931863],[119.26576172,27.21797949],[119.24064528,27.24195129],[119.22855544,27.23858746],[119.21299401,27.25531076],[119.20548616,27.25676912],[119.20694462,27.26657372],[119.20355045,27.27819846],[119.2057902,27.30058555],[119.21244764,27.31479281],[119.22392055,27.31575864],[119.23111554,27.32421856],[119.24100102,27.32333801],[119.23789404,27.33633383],[119.2500873,27.35173735],[119.24903812,27.36825165],[119.26307152,27.3726],[119.27044788,27.38243244],[119.26885969,27.39039265],[119.26007725,27.3987778],[119.25509525,27.41388508],[119.25725664,27.42385386]]]},"properties":{"gml_id":"layer_city_boundary_pg.320","Name":"南平市","layer":"市","code":"350700000000","grade":2}},
{"type":"Feature","geometry":{"type":"Polygon","coordinates":[[[116.39521921,26.03603676],[116.37841038,26.03238278],[116.37199416,26.018378],[116.3561676,26.003704],[116.35505698,25.99448052],[116.36313852,25.9778367],[116.36526551,25.96769206],[116.35369337,25.96345839],[116.34349263,25.96465613],[116.33195557,25.95987193],[116.32148691,25.95957465],[116.31548065,25.94385037],[116.29941458,25.93251971],[116.297644,25.925605],[116.27596264,25.91745896],[116.26354313,25.91726402],[116.25356306,25.9060045],[116.22747439,25.90345739],[116.21883868,25.91163197],[116.20243458,25.90441349],[116.18715895,25.90399593],[116.17285402,25.89733651],[116.16494613,25.87998007],[116.14859128,25.87968387],[116.13692358,25.86831408],[116.12578479,25.86156712],[116.12431772,25.84153933],[116.12685216,25.82713423],[116.15443374,25.81244991],[116.15524143,25.80162264],[116.17146547,25.78811568],[116.17677782,25.77932726],[116.17222951,25.77134099],[116.17063201,25.7523418],[116.16110108,25.75132031],[116.16076198,25.76928224],[116.14109099,25.76243129],[116.1246911,25.76196056],[116.11183262,25.74171804],[116.1132999,25.7355787],[116.10309877,25.72453114],[116.10515564,25.71032728],[116.10201336,25.70387241],[116.0856816,25.70253929],[116.07762324,25.69897656],[116.07176287,25.70421823],[116.0621425,25.70324402],[116.05524871,25.6976866],[116.05181086,25.68436361],[116.05988488,25.67918963],[116.0526441,25.66293425],[116.05795724,25.65259831],[116.0547185,25.64190748],[116.04604558,25.63033326],[116.0367383,25.62912313],[116.04202599,25.61971891],[116.03607015,25.60972004],[116.04712173,25.60132726],[116.0494841,25.58092421],[116.0579405,25.56602169],[116.04924076,25.5496357],[116.03540983,25.55074398],[116.03043578,25.54332657],[116.03169466,25.51753163],[116.01095508,25.51097251],[116.00329842,25.48990197],[116.00246478,25.47654974],[116.01085907,25.47249759],[116.00741286,25.45803207],[116.01191005,25.44536273],[116.01726665,25.44072121],[116.01697067,25.42343431],[116.01037335,25.41722318],[116.00059041,25.41704845],[115.99752277,25.4109966],[116.00311349,25.39727916],[115.99123905,25.38240669],[115.98802698,25.37391715],[115.99525792,25.36052144],[115.99537958,25.34607833],[116.00323528,25.32421631],[115.99527481,25.30430994],[115.98166381,25.29366132],[115.96095463,25.28980995],[115.95034964,25.29602282],[115.94203472,25.2876508],[115.94476022,25.26913066],[115.93491783,25.25693066],[115.92631731,25.23898926],[115.91368133,25.23344717],[115.89712269,25.2343382],[115.88621402,25.22081773],[115.87416676,25.21728933],[115.86589604,25.22419838],[115.85095034,25.21238152],[115.85325831,25.19756159],[115.85287662,25.18111571],[115.85580157,25.16890181],[115.84871054,25.16685585],[115.85045511,25.15616236],[115.86279739,25.15202365],[115.8712506,25.15532328],[115.88038096,25.14447099],[115.88377462,25.13201013],[115.86941023,25.11767838],[115.87921814,25.10620152],[115.87549396,25.09521661],[115.87935632,25.09126116],[115.89155922,25.09152619],[115.90373452,25.08752039],[115.91446168,25.0767689],[115.90930403,25.06368281],[115.92370437,25.05348161],[115.91379332,25.04171064],[115.90770942,25.04591978],[115.89327684,25.04003961],[115.88364368,25.02592483],[115.87507794,25.02785327],[115.86902804,25.02292785],[115.87004338,25.01272632],[115.87737811,24.99803318],[115.89466572,24.99477478],[115.91253512,24.97725115],[115.92048497,24.96378816],[115.91268217,24.9611033],[115.89985482,24.96739657],[115.89040393,24.96507503],[115.88767916,24.97308895],[115.87838366,24.97966651],[115.86769106,24.97507382],[115.86562536,24.96249613],[115.87970305,24.95392409],[115.88799967,24.94012869],[115.89273825,24.94016309],[115.90388244,24.92629749],[115.95354372,24.92037508],[115.95811091,24.91614064],[115.97205609,24.91886811],[115.980899,24.90256074],[115.99832011,24.89932863],[116.01047268,24.90849989],[116.01854682,24.90493906],[116.03349582,24.88965453],[116.03831139,24.87387115],[116.04680948,24.86473199],[116.05792641,24.86258136],[116.06642541,24.85625537],[116.07832998,24.85616523],[116.08181296,24.84414863],[116.0899917,24.85190001],[116.11117688,24.85409627],[116.13471441,24.84737686],[116.14843969,24.84936599],[116.15579213,24.85842212],[116.17630479,24.87788905],[116.18703333,24.87991113],[116.19621622,24.8608038],[116.20622347,24.8572808],[116.21585771,24.84545872],[116.21648241,24.83363776],[116.22654107,24.82924592],[116.23430061,24.83324873],[116.24541817,24.83075723],[116.23177403,24.8132228],[116.2284247,24.80350093],[116.23931618,24.79663022],[116.24664979,24.79624286],[116.26027608,24.80271892],[116.28668579,24.80307714],[116.29653709,24.80649771],[116.31345443,24.82096115],[116.33933948,24.83029022],[116.34438274,24.83943119],[116.34497331,24.85942874],[116.35699776,24.87255571],[116.3744389,24.88019447],[116.38638607,24.87559763],[116.38909418,24.85958455],[116.40164107,24.85647782],[116.41298006,24.84372637],[116.37245873,24.82376527],[116.37117428,24.80603949],[116.37962169,24.79359117],[116.39339164,24.79665549],[116.40236957,24.78045319],[116.41431731,24.76997392],[116.41054011,24.75913125],[116.41237139,24.74573938],[116.42137545,24.74420732],[116.43261948,24.7362836],[116.43472094,24.72541358],[116.44133639,24.7171767],[116.45120786,24.71646521],[116.4650203,24.72208078],[116.48231382,24.72141835],[116.49693202,24.70118183],[116.49709659,24.6857368],[116.50040429,24.66991202],[116.51293766,24.65521108],[116.50217403,24.62415699],[116.50593234,24.618438],[116.52558387,24.60790913],[116.54883503,24.61604807],[116.56602745,24.62477146],[116.56771987,24.63200863],[116.58198772,24.63978157],[116.58893114,24.65329611],[116.5966905,24.65727929],[116.61968071,24.6444361],[116.63070278,24.65073461],[116.64649102,24.65439363],[116.66256561,24.66159603],[116.6958659,24.65860627],[116.70269754,24.66800177],[116.71714389,24.66719178],[116.7372604,24.66940807],[116.74915552,24.65736008],[116.77293526,24.68242739],[116.7966018,24.68119282],[116.81072609,24.65750458],[116.80733151,24.64780342],[116.79389306,24.64003771],[116.79424841,24.62689502],[116.78289302,24.61759747],[116.77697248,24.60590991],[116.75653476,24.58582202],[116.76314428,24.56705323],[116.75143189,24.55787831],[116.75369724,24.54948613],[116.77475191,24.53053859],[116.77868468,24.52119183],[116.79220212,24.50494298],[116.80973852,24.49592127],[116.81541586,24.49002284],[116.82774215,24.49908544],[116.84480734,24.48205778],[116.85622116,24.46524122],[116.84886064,24.45612506],[116.83966052,24.45730747],[116.83437423,24.4455116],[116.84369627,24.42984912],[116.85095233,24.42679457],[116.85902477,24.41279662],[116.86492669,24.41023485],[116.86874487,24.39414953],[116.88074872,24.39919967],[116.88238851,24.39308426],[116.8930027,24.38447347],[116.89939969,24.37286579],[116.89876537,24.38311549],[116.91122863,24.38241905],[116.92385563,24.38558239],[116.93032949,24.39301963],[116.93945155,24.43484095],[116.93130191,24.4598235],[116.92256214,24.47126809],[116.91282524,24.49329755],[116.90694905,24.51868737],[116.91755229,24.52964259],[116.92488891,24.51660013],[116.93104106,24.52486473],[116.92793566,24.53712158],[116.94313929,24.5479771],[116.97606865,24.54747779],[116.99204758,24.54345066],[117.00144909,24.54714252],[117.01231729,24.55861415],[117.01684006,24.56769784],[117.0203359,24.60482325],[117.01013619,24.61860108],[117.0150152,24.63181118],[117.03255172,24.62889579],[117.03854151,24.63633863],[117.04200489,24.65601902],[117.02849194,24.67256122],[117.03490317,24.6860759],[117.03443113,24.69353383],[117.0220055,24.69671296],[117.02173203,24.70274549],[117.01368243,24.7120309],[117.01897401,24.74265204],[117.01861789,24.77642441],[117.0230806,24.78298245],[117.04715752,24.79612473],[117.04787626,24.81481337],[117.05172253,24.82643982],[117.06418114,24.8246366],[117.06707283,24.8103336],[117.06573582,24.78854239],[117.07567727,24.78372483],[117.09732303,24.79219361],[117.12541968,24.7874198],[117.13919734,24.79307288],[117.1494069,24.81603475],[117.16438147,24.82877791],[117.16725528,24.86867449],[117.19305568,24.88795044],[117.19166564,24.90360204],[117.1836517,24.9067178],[117.17944861,24.92863518],[117.20534915,24.92383292],[117.21469569,24.91125203],[117.22213646,24.91199404],[117.23254379,24.92619983],[117.23215521,24.93364761],[117.242655,24.95360575],[117.22964504,24.95735995],[117.2318929,24.96534601],[117.26300712,24.97700032],[117.27474969,24.99049909],[117.28164919,24.99331255],[117.30197798,24.97096847],[117.31302755,24.97108037],[117.33619398,24.98144999],[117.35657649,24.97465555],[117.36512959,24.97616572],[117.37867976,24.98738551],[117.38859582,24.98334046],[117.41998751,24.98082898],[117.44039161,24.96263334],[117.47869644,24.96097604],[117.48814912,24.96487039],[117.49046793,24.97422702],[117.4855458,25.0196051],[117.487013,25.02645856],[117.4989222,25.0442989],[117.50589221,25.09316593],[117.4980575,25.11194263],[117.47691713,25.12313888],[117.47368573,25.13056702],[117.47860131,25.13722753],[117.479535,25.16763806],[117.49043175,25.16795733],[117.49242155,25.17707979],[117.51081474,25.17853736],[117.52450278,25.18837509],[117.52660693,25.20111811],[117.54405751,25.19782536],[117.54079364,25.2139109],[117.55054945,25.21462557],[117.5659193,25.22320389],[117.57385997,25.23424795],[117.59841996,25.22341956],[117.60908659,25.22522563],[117.61746958,25.24376754],[117.61628121,25.25044772],[117.60614375,25.26020151],[117.59867209,25.26303959],[117.59984412,25.28714308],[117.595001,25.29672751],[117.60067691,25.30116856],[117.61460595,25.30256108],[117.65031309,25.32354611],[117.65677198,25.33926269],[117.661849,25.3446347],[117.67534691,25.35013557],[117.68658906,25.37113264],[117.68461854,25.38412307],[117.6867192,25.39347184],[117.67916623,25.39937154],[117.69361219,25.42896779],[117.68650189,25.44375018],[117.69259664,25.45854425],[117.6990726,25.46043238],[117.70818014,25.48078688],[117.71740949,25.4842062],[117.71018585,25.49434221],[117.71312922,25.51483498],[117.70533313,25.51445667],[117.69723291,25.52017142],[117.68934173,25.51632718],[117.68347248,25.52162526],[117.68398038,25.53798786],[117.69276998,25.5587531],[117.70017449,25.56270587],[117.72080591,25.55045729],[117.74009177,25.5729271],[117.74325926,25.59915133],[117.71346707,25.59341346],[117.70729449,25.5986342],[117.70114846,25.61235067],[117.69070433,25.62664466],[117.67138005,25.64140274],[117.65724014,25.66728016],[117.6412045,25.67376],[117.63040942,25.66945036],[117.60659811,25.65360864],[117.59636627,25.65253987],[117.58862495,25.65887781],[117.58294972,25.66965635],[117.58953187,25.67704603],[117.57602363,25.69722239],[117.55476157,25.70101844],[117.54415081,25.70773514],[117.53686372,25.72556492],[117.53114433,25.72818265],[117.51369223,25.72046441],[117.50191958,25.70581693],[117.49252761,25.71141188],[117.48812051,25.73516184],[117.48282496,25.74222613],[117.45660056,25.73859859],[117.46766251,25.73016925],[117.46514082,25.72299651],[117.45182844,25.71542845],[117.44169594,25.69133222],[117.43552289,25.67219024],[117.43058223,25.66840851],[117.40118633,25.66155841],[117.38696412,25.66144917],[117.38468911,25.67046274],[117.39511717,25.68766434],[117.39099207,25.73646459],[117.38602904,25.72391537],[117.37757035,25.72979104],[117.37145033,25.75052145],[117.37782211,25.75569666],[117.37060585,25.78519888],[117.34910944,25.78870955],[117.34334519,25.78310895],[117.34086251,25.75928016],[117.3283269,25.75613959],[117.30179153,25.7434608],[117.27959802,25.74032348],[117.26802878,25.7350906],[117.26171976,25.72789126],[117.26093029,25.71826241],[117.2436162,25.68996714],[117.24984763,25.68614069],[117.26951412,25.69026389],[117.28064867,25.68034768],[117.27851419,25.66799504],[117.25884704,25.65468764],[117.24894512,25.64573776],[117.23296731,25.63692931],[117.22946087,25.62116432],[117.21583521,25.60632977],[117.21098713,25.59409919],[117.18653527,25.56483501],[117.17837772,25.57801153],[117.17163176,25.57894735],[117.16074145,25.5734147],[117.16335675,25.59901399],[117.15392047,25.61553863],[117.13691305,25.63338877],[117.13495083,25.64492019],[117.12756228,25.65289668],[117.09963482,25.66003822],[117.07663613,25.65527499],[117.06682124,25.6710392],[117.07664955,25.6762294],[117.06258748,25.69556522],[117.06346557,25.71118741],[117.05589486,25.72379858],[117.04995483,25.71842208],[117.04329522,25.728451],[117.06004947,25.73923579],[117.05319334,25.75008407],[117.05831781,25.75824337],[117.05197291,25.76955566],[117.05426066,25.77833689],[117.05130214,25.78897957],[117.03113439,25.81400221],[117.01904915,25.85607336],[117.00341448,25.8607822],[116.9814627,25.85736031],[116.96649917,25.84965098],[116.9480909,25.84522931],[116.92866848,25.85826068],[116.91163247,25.85793799],[116.9000725,25.85313633],[116.88805254,25.84030142],[116.88059663,25.82736911],[116.87053818,25.82138352],[116.86058313,25.80000712],[116.84730326,25.79707009],[116.8331556,25.79047801],[116.81554231,25.78694082],[116.80426524,25.7933763],[116.79734675,25.80132549],[116.77836826,25.81480611],[116.77345394,25.82156705],[116.77908884,25.84350121],[116.78940245,25.85936915],[116.7834205,25.86408597],[116.77422655,25.86266328],[116.75129652,25.85095308],[116.74331858,25.85708452],[116.73885557,25.89277582],[116.73249187,25.90277688],[116.71510111,25.90955531],[116.70288585,25.91967366],[116.68489018,25.92255602],[116.67878675,25.93301227],[116.66955088,25.93423359],[116.66237266,25.94241488],[116.64515922,25.94596782],[116.64610586,25.96432271],[116.64043843,25.97224269],[116.64019516,25.98327063],[116.64530149,25.99453677],[116.64526095,26.00352083],[116.62496301,26.01710054],[116.62090968,25.99628116],[116.60671082,25.98760115],[116.58906697,25.99483362],[116.57711603,25.98426999],[116.54857175,25.99331392],[116.53397306,26.00002274],[116.52474743,25.99698124],[116.51796017,25.98975979],[116.49078236,25.9693679],[116.47672769,25.97789436],[116.47572985,26.00202603],[116.46960937,26.01270007],[116.4615437,26.01629319],[116.43436079,26.01885135],[116.41461644,26.02425525],[116.39521921,26.03603676]]]},"properties":{"gml_id":"layer_city_boundary_pg.321","Name":"龙岩市","layer":"市","code":"350800000000","grade":2}},
{"type":"Feature","geometry":{"type":"MultiPolygon","coordinates":[[[[119.79672036,26.57089698],[119.80109522,26.56577147],[119.81193911,26.56631873],[119.81068692,26.57512369],[119.79672036,26.57089698]]],[[[119.75632007,26.61662396],[119.7624138,26.60771933],[119.7719237,26.6031684],[119.78759306,26.60886152],[119.7932844,26.61482142],[119.80701191,26.61221113],[119.81430959,26.62446434],[119.79435662,26.63463943],[119.77707966,26.62887975],[119.75571779,26.62425629],[119.75632007,26.61662396]]],[[[119.77347689,26.6794204],[119.7841486,26.68379278],[119.78620663,26.69240542],[119.77519229,26.69120404],[119.77347689,26.6794204]]],[[[119.80308537,26.67691194],[119.81178013,26.6686444],[119.82157081,26.67506169],[119.80500595,26.68574323],[119.80308537,26.67691194]]],[[[119.90249776,26.69329807],[119.90453267,26.68247768],[119.92129543,26.67856415],[119.92434699,26.66768965],[119.93489785,26.67416965],[119.93730681,26.68198954],[119.94758972,26.69211142],[119.93537967,26.69779057],[119.92820286,26.69452455],[119.91224412,26.69592073],[119.90249776,26.69329807]]],[[[120.12821328,26.53361854],[120.14258589,26.53117937],[120.14713845,26.54025676],[120.13904759,26.54601542],[120.12821328,26.53361854]]],[[[120.14562799,26.55883533],[120.15113451,26.55341605],[120.16037139,26.55804571],[120.15539065,26.56486953],[120.14562799,26.55883533]]],[[[120.34433888,26.70468602],[120.35331512,26.69820727],[120.36666499,26.70037448],[120.35494126,26.71207323],[120.34433888,26.70468602]]],[[[120.13294899,26.68743038],[120.13557885,26.69504608],[120.12056664,26.69969963],[120.12021049,26.69205744],[120.13294899,26.68743038]]],[[[120.21535148,26.87554086],[120.22630615,26.88238624],[120.22445763,26.89084406],[120.21227056,26.88567529],[120.21535148,26.87554086]]],[[[120.24527083,26.93745152],[120.24342185,26.91737426],[120.26364676,26.92884842],[120.24527083,26.93745152]]],[[[120.29265416,26.9389468],[120.27970969,26.93338408],[120.28942326,26.92726252],[120.30876632,26.92520671],[120.31587037,26.93663371],[120.31347358,26.94022834],[120.29781118,26.94211275],[120.29265416,26.9389468]]],[[[120.69044028,27.00621366],[120.70235354,27.00136583],[120.70411521,27.01033086],[120.69222068,27.01195304],[120.69044028,27.00621366]]],[[[118.66186289,26.27869377],[118.67668127,26.28814745],[118.68679393,26.30092138],[118.68715822,26.3143623],[118.70676094,26.32998792],[118.71581671,26.34370424],[118.74233226,26.34285774],[118.74868743,26.33757535],[118.76874294,26.33195563],[118.78944082,26.34379922],[118.79422407,26.36390419],[118.78318137,26.37378543],[118.7751681,26.37660713],[118.76150268,26.39597838],[118.74853162,26.40184896],[118.75750041,26.42427154],[118.7264087,26.44178451],[118.73033331,26.44862716],[118.73092404,26.47390326],[118.75015433,26.48849053],[118.74173211,26.50668582],[118.74342228,26.51414732],[118.75750962,26.51492812],[118.77810366,26.50900051],[118.77800735,26.49827088],[118.79842691,26.49028985],[118.80000712,26.47170252],[118.79278425,26.46372862],[118.80421713,26.45451072],[118.80361806,26.44040526],[118.8113095,26.43089988],[118.82174348,26.42942185],[118.85019701,26.44299545],[118.85560684,26.45687813],[118.86401274,26.45982059],[118.86752739,26.46998977],[118.90197673,26.48151442],[118.92170345,26.48113441],[118.93368804,26.46915985],[118.94562203,26.47296784],[118.94957919,26.48635493],[118.94636857,26.49513609],[118.93814031,26.49424092],[118.93452207,26.50134687],[118.94369455,26.51399099],[118.94918003,26.5290356],[118.96349145,26.53589318],[118.97919291,26.53702041],[118.99032111,26.53216011],[118.99686625,26.54872132],[118.98907954,26.5570463],[119.00392333,26.56811099],[119.0091229,26.57681565],[119.01090265,26.59308738],[119.02139753,26.59101715],[119.02357788,26.60173032],[119.03996028,26.59930122],[119.05282687,26.60690102],[119.06908071,26.59591765],[119.07195477,26.58949201],[119.06043254,26.5826011],[119.05821906,26.57406331],[119.06712726,26.57040868],[119.09106597,26.57140871],[119.10736818,26.55454832],[119.11204654,26.54180833],[119.14343177,26.54693621],[119.15447744,26.54452319],[119.16232796,26.55264913],[119.17741418,26.55761023],[119.19125052,26.57220583],[119.19966098,26.56674033],[119.21028476,26.54924394],[119.21064896,26.54007275],[119.21967495,26.52860012],[119.23653851,26.53161322],[119.24185885,26.53623326],[119.24888012,26.55191094],[119.26333022,26.54596884],[119.27438726,26.53839879],[119.28031569,26.57369366],[119.28405608,26.58294403],[119.29420189,26.59477943],[119.31118956,26.59460378],[119.31730609,26.5774602],[119.32737509,26.58215753],[119.33057648,26.58851726],[119.33994482,26.59061612],[119.33899295,26.59831868],[119.34653211,26.60620317],[119.35566908,26.6021811],[119.36652201,26.60474164],[119.37457069,26.61468896],[119.37545524,26.6246799],[119.38303576,26.62614033],[119.4014338,26.62062097],[119.40959503,26.62670538],[119.44414465,26.63389177],[119.46174416,26.63055496],[119.46907017,26.63466756],[119.48427102,26.62722253],[119.49580825,26.62460375],[119.50192731,26.610604],[119.5262139,26.58345608],[119.51977314,26.57704193],[119.53015441,26.56454262],[119.5516615,26.55826557],[119.55311081,26.54845552],[119.56095655,26.54999125],[119.56866284,26.54380491],[119.58086477,26.54073343],[119.59114082,26.54427537],[119.60054826,26.53964646],[119.60589443,26.53090252],[119.61807955,26.52462885],[119.63342406,26.53171819],[119.64728592,26.52836803],[119.65617408,26.53558729],[119.67054069,26.54108704],[119.67734626,26.56253472],[119.694795,26.57264133],[119.7292793,26.56416292],[119.74506421,26.57784578],[119.75906822,26.58043948],[119.77809909,26.57010392],[119.78975078,26.56022268],[119.79546266,26.55024476],[119.79484741,26.55956831],[119.78523548,26.57029584],[119.7887391,26.57734367],[119.78383011,26.5866131],[119.76496056,26.59511679],[119.74802389,26.5995634],[119.73546963,26.6140706],[119.72330577,26.61752126],[119.69467408,26.61359704],[119.68505083,26.61439161],[119.67447201,26.6210997],[119.66560996,26.62146665],[119.65646089,26.61348734],[119.62238834,26.60116688],[119.61621321,26.59570573],[119.60347344,26.59761072],[119.59286733,26.60610482],[119.5733915,26.62579462],[119.57961516,26.63736195],[119.58737422,26.63618825],[119.61499352,26.65265674],[119.62373958,26.67987201],[119.6300574,26.6795469],[119.63645524,26.68869946],[119.62867995,26.70230836],[119.63321634,26.70651986],[119.64585087,26.70263069],[119.65621809,26.7094347],[119.66015787,26.72959022],[119.69050648,26.70011721],[119.70647191,26.69001684],[119.71642977,26.68782289],[119.73692859,26.68775352],[119.76967697,26.69347967],[119.78300427,26.69436112],[119.8059484,26.68760986],[119.82601932,26.69438789],[119.84811919,26.68560375],[119.85807516,26.67740421],[119.85397803,26.66342503],[119.85705073,26.64893024],[119.86964435,26.64643929],[119.90395263,26.66495679],[119.89686188,26.67509178],[119.90043435,26.68013659],[119.89489149,26.69672139],[119.90074106,26.70103919],[119.90886392,26.71659294],[119.92547598,26.72897963],[119.93397255,26.74557525],[119.93404196,26.75280451],[119.92038981,26.77372244],[119.92801451,26.78361517],[119.93879343,26.7882495],[119.95463926,26.78630649],[119.97524203,26.77834296],[119.9912046,26.78474772],[120.02450427,26.78533275],[120.04778864,26.78994803],[120.05371857,26.78760726],[120.05854557,26.7775795],[120.05495962,26.76938027],[120.03665789,26.75192049],[120.02795062,26.75096729],[120.01612621,26.74238552],[120.01511636,26.73171221],[119.98959213,26.72393222],[119.98481577,26.71369516],[119.96624123,26.69500804],[119.96551225,26.68845612],[119.97272499,26.68071434],[119.96690056,26.67121846],[119.96584489,26.65636907],[119.95369869,26.65213952],[119.95684188,26.64095359],[119.95261003,26.63202116],[119.93605115,26.62657412],[119.91421039,26.62485586],[119.89766897,26.62808227],[119.88807829,26.62028582],[119.84760714,26.59888102],[119.83897134,26.58643767],[119.84007345,26.57242083],[119.83055993,26.56462631],[119.8321654,26.55298746],[119.82580267,26.54453314],[119.82410899,26.52764975],[119.83472631,26.51768748],[119.86268396,26.51237956],[119.88039876,26.51358391],[119.8894334,26.51755356],[119.89787993,26.53401832],[119.90754599,26.54353487],[119.92935561,26.54863736],[119.93477028,26.55937584],[119.94334604,26.56414402],[119.93371178,26.5800735],[119.94264287,26.59321218],[119.95193757,26.59884606],[119.96342895,26.60111505],[119.9795292,26.59690263],[119.99321842,26.59617144],[120.00331382,26.59895317],[120.02630142,26.61121331],[120.05543762,26.62911527],[120.06356477,26.63065306],[120.0746955,26.61945709],[120.08939465,26.61685826],[120.09929278,26.62367003],[120.13363005,26.64120565],[120.14014191,26.64786884],[120.1329013,26.65460209],[120.12337697,26.6517817],[120.11093553,26.66700536],[120.11283723,26.67340983],[120.10485851,26.69298962],[120.11078779,26.70060393],[120.12347196,26.70855154],[120.14589739,26.71274003],[120.1575644,26.72099545],[120.16137534,26.73475669],[120.15588029,26.7386342],[120.15127119,26.75345862],[120.14402235,26.7532021],[120.1219882,26.74441468],[120.10976373,26.74660858],[120.10229645,26.75601286],[120.10998062,26.76604288],[120.11961946,26.78418804],[120.13257738,26.79136507],[120.11729971,26.80132548],[120.09782512,26.79886961],[120.08969882,26.81782677],[120.09885227,26.82482989],[120.09791789,26.82996884],[120.07806403,26.82547462],[120.04240559,26.82828452],[120.03845581,26.83150484],[120.03237852,26.84896235],[120.03340249,26.86345505],[120.04394232,26.86718908],[120.06605662,26.86686471],[120.07894041,26.87469991],[120.09914474,26.87612944],[120.11364474,26.88601508],[120.11716117,26.89871541],[120.11262058,26.9180031],[120.12228244,26.92356597],[120.13396027,26.91846225],[120.14094845,26.92527038],[120.15174812,26.92104383],[120.17623631,26.92364376],[120.18571535,26.91791429],[120.20408114,26.91924925],[120.21875787,26.91758307],[120.228965,26.91121264],[120.23328708,26.92118563],[120.24341492,26.93015122],[120.23939736,26.94283149],[120.24671302,26.97646554],[120.25710201,26.9859435],[120.27064126,26.98674605],[120.27584025,26.99794581],[120.27518048,27.0131344],[120.27020715,27.03121426],[120.25966463,27.03853179],[120.29142911,27.03896797],[120.29554642,27.04279144],[120.282605,27.06573779],[120.28657589,27.07765003],[120.27966349,27.0872103],[120.28330416,27.09716387],[120.30233871,27.09119622],[120.31558397,27.09756423],[120.32253716,27.09053699],[120.3545959,27.08885492],[120.37626493,27.0843174],[120.38773485,27.08436676],[120.39749908,27.09236422],[120.39894903,27.10371798],[120.4217081,27.11490936],[120.45742609,27.14571835],[120.44100966,27.16398392],[120.43331623,27.16415371],[120.42971288,27.17242208],[120.42183876,27.1765392],[120.42136122,27.18640901],[120.41440649,27.1897909],[120.40004602,27.20705535],[120.40079236,27.22243543],[120.40958732,27.23400232],[120.39417622,27.24552274],[120.39741501,27.25392638],[120.41104608,27.25944986],[120.41805293,27.25387341],[120.42572838,27.26191769],[120.40444788,27.27969524],[120.39921246,27.28808444],[120.39703225,27.30159946],[120.37906066,27.315737],[120.37043054,27.33231076],[120.35400482,27.34063113],[120.34711255,27.34984266],[120.35089727,27.35695907],[120.33891727,27.36933671],[120.34724263,27.38665119],[120.34553334,27.39372204],[120.33641736,27.40274209],[120.32742391,27.39914153],[120.31554042,27.40280871],[120.31097948,27.39642818],[120.29844107,27.39536452],[120.2897792,27.39961657],[120.27816593,27.39306895],[120.26910493,27.39261423],[120.25396055,27.41588],[120.25954052,27.42120293],[120.25818721,27.43610078],[120.24596628,27.44288507],[120.24265207,27.43777251],[120.22528442,27.42966702],[120.21732603,27.4234768],[120.20890687,27.42347122],[120.19804881,27.43152397],[120.18877975,27.43049801],[120.17249542,27.42307247],[120.16116717,27.42790362],[120.13732852,27.4252255],[120.12689392,27.41974356],[120.13267548,27.40537726],[120.12434923,27.39467095],[120.11706505,27.40044436],[120.10260023,27.39860596],[120.09166954,27.39338009],[120.09227682,27.3826537],[120.07244589,27.37223538],[120.06307772,27.36263686],[120.05659195,27.35050274],[120.04772793,27.34175342],[120.02305419,27.34539567],[120.02209065,27.35393475],[120.00074391,27.37988271],[119.98977156,27.38241258],[119.98391279,27.3746205],[119.95592086,27.36942531],[119.9520852,27.36164266],[119.9558251,27.35520102],[119.94697321,27.35011299],[119.93440598,27.33324478],[119.94159598,27.31917583],[119.89897539,27.3210246],[119.8947341,27.31490474],[119.88133301,27.31121116],[119.86691928,27.31879817],[119.85234763,27.31818515],[119.84178249,27.32740667],[119.83060742,27.31628159],[119.84039591,27.30999678],[119.8387788,27.30400116],[119.82323797,27.30307056],[119.8158307,27.29938744],[119.80443179,27.30828789],[119.79117072,27.31369916],[119.78588071,27.30586125],[119.77541224,27.30699527],[119.76632736,27.31486632],[119.76516052,27.32762288],[119.77478576,27.32345222],[119.77686608,27.33373442],[119.76375649,27.3389577],[119.7645069,27.3486554],[119.7460151,27.35363784],[119.74232783,27.36346531],[119.74580218,27.37643492],[119.72787034,27.39302126],[119.72024573,27.40446066],[119.70472863,27.40929212],[119.70003554,27.42793052],[119.6848699,27.43409704],[119.68873528,27.4420213],[119.69875809,27.4505389],[119.69936261,27.46176985],[119.70525783,27.46570291],[119.70194592,27.48970867],[119.70439289,27.50029545],[119.69822156,27.50351238],[119.70389699,27.5175082],[119.69551654,27.52853243],[119.67942712,27.54102116],[119.66592993,27.53987081],[119.65472812,27.54302088],[119.66251862,27.55785094],[119.66739722,27.55968858],[119.67043532,27.57768367],[119.64085373,27.5815439],[119.62631533,27.58605127],[119.62189871,27.62385347],[119.63654013,27.62874291],[119.64292837,27.6438813],[119.63504767,27.65601261],[119.63945685,27.66684744],[119.63056897,27.67205121],[119.60169397,27.67814408],[119.59043178,27.67027393],[119.57937926,27.66854076],[119.57434506,27.67323344],[119.56190739,27.66710514],[119.54550445,27.66716502],[119.53238329,27.66221517],[119.52118526,27.66356818],[119.51569239,27.65335125],[119.50670491,27.65668945],[119.49651005,27.64800255],[119.49314187,27.62908059],[119.49611542,27.61142778],[119.48385003,27.60197398],[119.4769688,27.58880972],[119.47995689,27.57355826],[119.47257863,27.55697132],[119.46973986,27.54242476],[119.46158754,27.52955456],[119.44672322,27.5166034],[119.43346552,27.5118311],[119.42783,27.51605058],[119.42186541,27.53407651],[119.41162852,27.54268732],[119.38989544,27.5422879],[119.37176689,27.53801134],[119.35501091,27.52745322],[119.33983531,27.51358928],[119.33890657,27.49413011],[119.33539068,27.48695607],[119.31716988,27.47739643],[119.28014304,27.4608329],[119.27156839,27.43871471],[119.26297549,27.42468348],[119.25725664,27.42385386],[119.25509525,27.41388508],[119.26007725,27.3987778],[119.26885969,27.39039265],[119.27044788,27.38243244],[119.26307152,27.3726],[119.24903812,27.36825165],[119.2500873,27.35173735],[119.23789404,27.33633383],[119.24100102,27.32333801],[119.23111554,27.32421856],[119.22392055,27.31575864],[119.21244764,27.31479281],[119.2057902,27.30058555],[119.20355045,27.27819846],[119.20694462,27.26657372],[119.20548616,27.25676912],[119.21299401,27.25531076],[119.22855544,27.23858746],[119.24064528,27.24195129],[119.26576172,27.21797949],[119.26457227,27.20931863],[119.25677887,27.20614308],[119.24240726,27.20874597],[119.22984822,27.21494623],[119.23014345,27.2273812],[119.20216256,27.2352438],[119.19656378,27.21246625],[119.17359724,27.20275874],[119.17315408,27.18008499],[119.17041091,27.17225897],[119.18337074,27.17298365],[119.18683425,27.16506092],[119.18070572,27.14247632],[119.181105,27.13645173],[119.20016548,27.12956637],[119.20017436,27.11845353],[119.19080902,27.11244947],[119.18057524,27.11961554],[119.15637433,27.11072693],[119.15541057,27.09525157],[119.13891627,27.09102929],[119.12265467,27.09054402],[119.12460813,27.07840378],[119.12944425,27.07413119],[119.13141438,27.05946607],[119.1148578,27.05622289],[119.11495339,27.06250119],[119.10262423,27.07168758],[119.10067087,27.08002449],[119.0887491,27.08604698],[119.08833308,27.10035698],[119.06710345,27.10422357],[119.05906329,27.1013102],[119.03793111,27.10563777],[119.01706157,27.10579209],[119.00897904,27.09966737],[118.98766846,27.10578305],[118.98634864,27.11102355],[118.99488174,27.12525356],[118.986688,27.12999813],[118.98311187,27.16204891],[118.95974645,27.17192553],[118.93908222,27.17493025],[118.93273766,27.17891799],[118.92508303,27.1724156],[118.93420522,27.1611745],[118.92725349,27.14831145],[118.92792983,27.14251516],[118.94345584,27.14281776],[118.94169482,27.13057668],[118.95191756,27.13073296],[118.95332345,27.12184021],[118.94560019,27.11054352],[118.93230364,27.11063677],[118.92712306,27.11708344],[118.91825356,27.11341363],[118.91140629,27.10035678],[118.89783315,27.09390013],[118.89369161,27.07605197],[118.87556211,27.0576497],[118.8695555,27.03875114],[118.85563461,27.02561878],[118.84300573,27.02706791],[118.83715538,27.01695932],[118.8412087,27.00950262],[118.83302314,26.99202949],[118.81998541,26.98479197],[118.79913337,26.97972777],[118.78811583,26.96873256],[118.78742972,26.95640575],[118.77788008,26.95043503],[118.75454225,26.95339763],[118.7424312,26.95295037],[118.73009282,26.95978593],[118.70735557,26.94772793],[118.69501051,26.95367068],[118.69179865,26.96379641],[118.67663263,26.96696583],[118.66710989,26.95074011],[118.66967081,26.9463413],[118.6885942,26.93145196],[118.69850868,26.90955176],[118.69356885,26.89154766],[118.68757864,26.88563613],[118.69130327,26.87551681],[118.68569467,26.86803808],[118.66789085,26.86297237],[118.65858505,26.86657537],[118.6462858,26.86426629],[118.64456749,26.85814544],[118.62720024,26.85579735],[118.62115089,26.84336692],[118.62952548,26.83485402],[118.63682519,26.81871599],[118.63287613,26.79825894],[118.62445746,26.79456571],[118.61950086,26.77474877],[118.60899069,26.75424992],[118.6087479,26.73995026],[118.60253454,26.73348202],[118.59801232,26.71146661],[118.58330197,26.71297192],[118.57649837,26.70478121],[118.57718361,26.69644895],[118.56769845,26.68696533],[118.57385964,26.67856354],[118.58476834,26.67829229],[118.59419337,26.6727018],[118.59606805,26.66334653],[118.59105216,26.65686048],[118.58952391,26.64171973],[118.5820432,26.63132873],[118.58017694,26.61688372],[118.58416913,26.608808],[118.57622812,26.56862068],[118.58627799,26.55673419],[118.59999848,26.55433383],[118.60641267,26.55830372],[118.61675716,26.55208483],[118.6105431,26.54387162],[118.61060429,26.52707937],[118.60082256,26.50941776],[118.60406859,26.49309957],[118.59718633,26.48108068],[118.57159308,26.47407874],[118.55749934,26.46183233],[118.55785529,26.44430254],[118.56165588,26.43221621],[118.55277796,26.4211214],[118.54499274,26.41646292],[118.54625935,26.39488552],[118.55750757,26.39049298],[118.55854894,26.37065263],[118.56867663,26.37490967],[118.58281364,26.37206052],[118.59357562,26.35450647],[118.60491852,26.36546819],[118.61934283,26.36964269],[118.62446324,26.36283506],[118.63604947,26.35861427],[118.6576018,26.34558016],[118.65872145,26.33262919],[118.64739378,26.32301348],[118.66138553,26.29718411],[118.66186289,26.27869377]]],[[[120.02993185,26.49202593],[120.04364234,26.49780204],[120.06156382,26.50066563],[120.06674481,26.51205443],[120.06706873,26.52446769],[120.04472083,26.52343851],[120.02906777,26.51652786],[120.03209014,26.51231825],[120.02269867,26.49564102],[120.02993185,26.49202593]]],[[[120.13148734,26.55416859],[120.14599263,26.56344666],[120.14633093,26.57196347],[120.16344982,26.57710818],[120.1667385,26.60215324],[120.15855847,26.60881558],[120.14641467,26.60577952],[120.13233061,26.59127288],[120.13013793,26.58461107],[120.11343776,26.57229624],[120.12195697,26.55787827],[120.13148734,26.55416859]]],[[[119.66366405,26.63189604],[119.68989822,26.63347741],[119.71607756,26.63944446],[119.75419717,26.6628804],[119.75953007,26.67095174],[119.75822281,26.67832711],[119.74439776,26.68447714],[119.70827489,26.67187056],[119.68723949,26.67446922],[119.66938671,26.68429634],[119.66163317,26.68301512],[119.65231132,26.67339059],[119.64710335,26.66073077],[119.64742354,26.65241999],[119.65405851,26.63782242],[119.66366405,26.63189604]]],[[[120.35628751,26.92004687],[120.37583151,26.9305235],[120.38841942,26.92888359],[120.39006103,26.93701399],[120.37618341,26.94338202],[120.3661759,26.96503314],[120.34991592,26.97409938],[120.33471168,26.97359047],[120.31665455,26.95936352],[120.31810059,26.94345679],[120.33881532,26.92540002],[120.35628751,26.92004687]]]]},"properties":{"gml_id":"layer_city_boundary_pg.322","Name":"宁德市","layer":"市","code":"350900000000","grade":2}}
]}