{"type":"FeatureCollection", "features": [
{"type":"Feature","geometry":{"type":"Polygon","coordinates":[[[121.57087312,25.19670695],[121.57094689,25.19728785],[121.56993187,25.19829081],[121.56888493,25.19843494],[121.56733326,25.19929285],[121.5668066,25.19944415],[121.56598074,25.19977178],[121.5648923,25.20094377],[121.56509646,25.20222849],[121.56505235,25.2024079],[121.56474542,25.20339833],[121.56463243,25.2038204],[121.56411319,25.20512558],[121.56395272,25.20528042],[121.56347958,25.20583556],[121.56298935,25.20747351],[121.56274294,25.20929029],[121.56224378,25.20957803],[121.56190559,25.20960992],[121.56141353,25.20966913],[121.56109711,25.20974108],[121.55974158,25.2101752],[121.55834052,25.20976106],[121.55681841,25.208682],[121.55500147,25.20843273],[121.55430713,25.20617952],[121.55371499,25.20544524],[121.55357398,25.20530849],[121.55327877,25.20497635],[121.55324087,25.20487157],[121.55310737,25.20420024],[121.55296589,25.20410364],[121.55179304,25.20360238],[121.55149751,25.20211027],[121.55173618,25.2016651],[121.55198051,25.20149193],[121.55259189,25.20090236],[121.55263991,25.19906132],[121.55222681,25.19834253],[121.55205976,25.19811245],[121.55185381,25.19774901],[121.55167751,25.19762682],[121.55069607,25.19711327],[121.54986004,25.19742701],[121.54957556,25.19765599],[121.54934658,25.19789085],[121.54905201,25.19812211],[121.54779056,25.19758257],[121.54765247,25.19732497],[121.54631106,25.1969724],[121.5459871,25.1964019],[121.54454653,25.19539444],[121.54428431,25.19485855],[121.54412958,25.19469391],[121.54336555,25.19403501],[121.54315038,25.19289743],[121.54311721,25.19256771],[121.5427385,25.19125628],[121.54275821,25.19096691],[121.54281296,25.19078099],[121.54276019,25.18884101],[121.54262156,25.18878897],[121.54252315,25.18879217],[121.54230634,25.18872384],[121.54069081,25.18715308],[121.53887593,25.18695888],[121.53849888,25.18689818],[121.53719405,25.18702803],[121.53580351,25.1866741],[121.53459358,25.18444967],[121.53375869,25.18390537],[121.53361645,25.1837936],[121.53347682,25.18365081],[121.53328763,25.18358786],[121.53119685,25.18364308],[121.5292648,25.18301837],[121.5282708,25.1831577],[121.52800099,25.18318737],[121.52625889,25.18306939],[121.5259979,25.18297873],[121.52508827,25.18219477],[121.52486849,25.18199724],[121.52450373,25.18163173],[121.52414075,25.18129036],[121.52316486,25.18036913],[121.52299935,25.18021323],[121.52278377,25.18000317],[121.52257988,25.17982329],[121.52177468,25.17917864],[121.52172654,25.17912108],[121.52231247,25.17760698],[121.52201286,25.17657714],[121.52237938,25.17571636],[121.52236818,25.1755507],[121.52255445,25.17468291],[121.52165587,25.1732745],[121.5215622,25.17310238],[121.52121273,25.1722699],[121.52119391,25.17200616],[121.52120959,25.17154959],[121.52017278,25.1696772],[121.52005421,25.16940239],[121.51949323,25.16927155],[121.51785657,25.16994558],[121.51640101,25.17017728],[121.5135293,25.17099605],[121.51324527,25.17098455],[121.51235108,25.17054989],[121.51130245,25.16941386],[121.51041528,25.16943796],[121.50810586,25.17042264],[121.50705301,25.17116042],[121.50567218,25.17116261],[121.5053441,25.17199866],[121.50541301,25.1721366],[121.505282,25.17286411],[121.50452875,25.17331678],[121.50404769,25.17331941],[121.50272614,25.1727932],[121.50215696,25.17178719],[121.50187029,25.17153044],[121.50190816,25.16999331],[121.50193259,25.16985102],[121.50174529,25.16929372],[121.50039582,25.16860136],[121.49967678,25.1675513],[121.49913466,25.16562917],[121.49850979,25.16470449],[121.49701066,25.16353181],[121.49677768,25.16344279],[121.49642392,25.16327539],[121.49616208,25.16314611],[121.49582214,25.16299366],[121.49571386,25.16294516],[121.49404779,25.16155616],[121.49378351,25.16140506],[121.49257705,25.16059246],[121.49239137,25.16041428],[121.49177654,25.15942272],[121.49163897,25.1590894],[121.49134863,25.1584434],[121.49106141,25.15799488],[121.48979774,25.1562154],[121.48863054,25.15425246],[121.48843827,25.1540648],[121.48829617,25.15395534],[121.4881859,25.15375413],[121.48761981,25.15300404],[121.48726015,25.15124651],[121.48644728,25.15077129],[121.48472725,25.15084694],[121.48400231,25.15084036],[121.48308696,25.15039349],[121.48297184,25.15031359],[121.48240703,25.14956069],[121.48231665,25.14938778],[121.48167737,25.14801102],[121.4810342,25.14732998],[121.48088571,25.14716002],[121.4798596,25.14627428],[121.47964679,25.14611112],[121.47847708,25.14514488],[121.47824919,25.14495645],[121.47727078,25.14421182],[121.47709059,25.14414734],[121.47654919,25.14297673],[121.47485402,25.14114961],[121.47301696,25.1397398],[121.47239936,25.13892234],[121.47195641,25.13773127],[121.47059551,25.13660653],[121.47034489,25.13645134],[121.46907784,25.13573386],[121.46885633,25.13551679],[121.46792859,25.13401536],[121.46781038,25.13385232],[121.46659317,25.13278168],[121.46560194,25.13155194],[121.46550165,25.13124328],[121.46542524,25.13096793],[121.4647339,25.12845646],[121.46429049,25.12757618],[121.46472794,25.12550793],[121.46457952,25.12462809],[121.46465536,25.1245181],[121.46384588,25.12390679],[121.4627016,25.12369981],[121.46223911,25.12361197],[121.46155106,25.12314359],[121.46141332,25.12303134],[121.46087464,25.12296327],[121.46068924,25.1229578],[121.45878547,25.12294261],[121.45935753,25.12192467],[121.46049108,25.11757628],[121.46056495,25.11734666],[121.46092729,25.11619879],[121.45919283,25.11306042],[121.45905099,25.11280703],[121.45831445,25.11170762],[121.4571867,25.10865082],[121.45732345,25.10710146],[121.4582155,25.10619566],[121.46084286,25.10425902],[121.46111101,25.1040716],[121.46357039,25.10267616],[121.46637617,25.10165776],[121.46852737,25.1016363],[121.46896617,25.10162877],[121.47108833,25.10159011],[121.47144269,25.10159992],[121.47644098,25.10147321],[121.47679655,25.10146006],[121.47707142,25.10144818],[121.47730218,25.10144554],[121.47789982,25.10141366],[121.47810029,25.10140304],[121.47953093,25.10116451],[121.47982334,25.1011067],[121.48008678,25.1010627],[121.48040818,25.1010037],[121.48106864,25.10087877],[121.48358636,25.09970713],[121.4838095,25.09961207],[121.4853121,25.09902689],[121.48545579,25.09898684],[121.4858226,25.09885976],[121.48594109,25.09881395],[121.48651097,25.0985],[121.4867329,25.0983487],[121.48873997,25.09714226],[121.49008708,25.09580967],[121.49026833,25.09562204],[121.49054461,25.09534407],[121.49069541,25.09519423],[121.49330612,25.092865],[121.49356444,25.09265697],[121.49491675,25.09157228],[121.49511059,25.09138928],[121.49921784,25.08781392],[121.49996334,25.08695671],[121.50018546,25.08663723],[121.50195126,25.08403193],[121.50213907,25.08376971],[121.50294622,25.08230441],[121.5030658,25.08206262],[121.50344492,25.081288],[121.50361664,25.08094424],[121.50441203,25.07892565],[121.5045552,25.07845669],[121.50464458,25.0781907],[121.50469942,25.07804284],[121.50479054,25.07784464],[121.50485091,25.07770818],[121.50588756,25.07529555],[121.5060357,25.07484381],[121.50630706,25.07322109],[121.50633035,25.07302847],[121.50695528,25.07108763],[121.50694999,25.06785904],[121.50693562,25.06767565],[121.50692768,25.06732203],[121.50689006,25.06642933],[121.50686089,25.06573558],[121.50672238,25.06437175],[121.50660365,25.06403413],[121.50574047,25.06103633],[121.50559316,25.06056555],[121.50551997,25.06017872],[121.50547907,25.0599503],[121.5054185,25.05956006],[121.50540378,25.05942923],[121.50552893,25.05807798],[121.5062008,25.05642979],[121.50629855,25.05620515],[121.50634428,25.05526446],[121.50631792,25.05481693],[121.50606719,25.05312858],[121.50595978,25.05280247],[121.50578613,25.05229607],[121.50572734,25.05214447],[121.50466439,25.04979554],[121.50240937,25.04728553],[121.5022308,25.04708182],[121.50209554,25.04690701],[121.50199763,25.04678188],[121.50115793,25.04581135],[121.50084314,25.04558287],[121.50038547,25.04524239],[121.50023822,25.04513442],[121.49564922,25.04296144],[121.49226215,25.04288088],[121.49194456,25.04288936],[121.4917529,25.04288528],[121.48881201,25.04257089],[121.48601824,25.04001817],[121.48589297,25.03986657],[121.48509145,25.03911478],[121.48397467,25.0373591],[121.48371837,25.03655096],[121.48365753,25.03630126],[121.48363262,25.03566561],[121.48363299,25.03532551],[121.4839066,25.03415855],[121.48493104,25.03147776],[121.48551946,25.03035363],[121.48572832,25.02998915],[121.48629375,25.02894196],[121.4864786,25.0285395],[121.48706679,25.02754896],[121.4871907,25.02747215],[121.48757999,25.02606242],[121.48879477,25.02334919],[121.48839114,25.02102427],[121.48839453,25.02087288],[121.48853293,25.01760733],[121.48852744,25.01745144],[121.48865311,25.01636566],[121.48865571,25.01625786],[121.48868693,25.0157657],[121.48869286,25.0156166],[121.48949272,25.01364885],[121.48954757,25.01347294],[121.49026476,25.012832],[121.49167026,25.01106602],[121.4918222,25.01081074],[121.49265123,25.00952839],[121.49423106,25.00918938],[121.49451117,25.00920365],[121.49632019,25.00960131],[121.49910517,25.01112318],[121.50026574,25.01195527],[121.50152852,25.0132189],[121.50406641,25.01649021],[121.50613223,25.01879229],[121.50753527,25.02008309],[121.50785276,25.02035335],[121.50971221,25.02155376],[121.50998412,25.02164394],[121.51144519,25.02183698],[121.5116809,25.02180912],[121.51179317,25.02180843],[121.5119585,25.02181659],[121.51237935,25.0217474],[121.5125508,25.02173142],[121.51269818,25.02170066],[121.5129263,25.02167054],[121.51407258,25.02143612],[121.51432578,25.02138518],[121.51554781,25.02099069],[121.51580454,25.02090643],[121.51761301,25.02031999],[121.51794642,25.02019852],[121.52028033,25.01885904],[121.52149644,25.01768037],[121.52161654,25.01754644],[121.52193107,25.01709786],[121.52206213,25.01691104],[121.52372514,25.01443795],[121.52398392,25.01412633],[121.52443776,25.01358503],[121.52462407,25.01336572],[121.5255209,25.01218442],[121.52574564,25.01187646],[121.52624571,25.01144621],[121.52652554,25.01125158],[121.52839026,25.01029263],[121.52861907,25.01019131],[121.52899405,25.01006839],[121.52919049,25.01002352],[121.52931271,25.01000553],[121.5296114,25.00997035],[121.53086037,25.00965935],[121.53214295,25.00812768],[121.532624,25.00578139],[121.53385921,25.00360403],[121.53337541,25.00253338],[121.53162147,25.00119704],[121.53121387,25.00036725],[121.53050603,24.99801168],[121.53163651,24.99473011],[121.53174779,24.99320425],[121.53136974,24.99256411],[121.53169806,24.99184369],[121.53169047,24.99050822],[121.53316517,24.99186648],[121.53434579,24.99331978],[121.53501267,24.99507132],[121.53625279,24.99408504],[121.53688962,24.99279971],[121.5370992,24.99153108],[121.53658108,24.98972468],[121.53684577,24.9887292],[121.53818629,24.98799543],[121.54001385,24.9877498],[121.54385924,24.98827856],[121.54480341,24.98702917],[121.54415563,24.98505405],[121.54485282,24.98378143],[121.54710406,24.98327809],[121.54902644,24.98376327],[121.55078002,24.98526581],[121.55102754,24.98587757],[121.55084067,24.9872288],[121.55149956,24.9873844],[121.55261814,24.98670305],[121.55376164,24.98521639],[121.55390504,24.98436529],[121.55344558,24.98286764],[121.55304609,24.980754],[121.55317162,24.97903446],[121.55367128,24.97742435],[121.55410161,24.97689254],[121.5551958,24.97653699],[121.55602024,24.9740909],[121.55608911,24.97338315],[121.5574683,24.97226157],[121.55847023,24.96853705],[121.55954205,24.96675437],[121.5612106,24.96471218],[121.56306518,24.96479211],[121.5643591,24.96464406],[121.56507048,24.96407973],[121.56633781,24.96396483],[121.56841391,24.96406843],[121.57038308,24.96444586],[121.57206477,24.96401567],[121.57297352,24.96411862],[121.57433741,24.96528791],[121.57454872,24.96684563],[121.57551823,24.96687649],[121.57735841,24.96648237],[121.57862857,24.96658997],[121.58050853,24.9654054],[121.58219227,24.96476744],[121.58439936,24.96459245],[121.58572377,24.96320512],[121.58806643,24.96368573],[121.58860633,24.96335276],[121.59000898,24.96386948],[121.59116048,24.96460837],[121.59196435,24.9639419],[121.59338763,24.96421303],[121.59482258,24.96158635],[121.59597865,24.96121659],[121.59706856,24.96050584],[121.59849471,24.96126121],[121.59995121,24.96126724],[121.60107075,24.9608813],[121.60215247,24.96120223],[121.60339037,24.96226938],[121.60524627,24.96300249],[121.60846632,24.96319323],[121.60941288,24.96423343],[121.61119968,24.96532078],[121.61205491,24.96537955],[121.61365825,24.96643919],[121.61493896,24.96617471],[121.61706632,24.96748372],[121.6178413,24.96689185],[121.61963487,24.96716031],[121.61956008,24.96862065],[121.61998937,24.96952974],[121.61918532,24.97060148],[121.61774721,24.97087409],[121.616189,24.97167532],[121.61413669,24.97359695],[121.61341779,24.97337715],[121.61239505,24.97375647],[121.61124409,24.97460986],[121.61007495,24.97424277],[121.60868598,24.97478484],[121.60825237,24.97450552],[121.60510744,24.97443335],[121.60447454,24.97508953],[121.60283306,24.97590946],[121.60210292,24.97594533],[121.60017929,24.97694126],[121.59932419,24.97868513],[121.60028818,24.9794723],[121.60065575,24.98031685],[121.60029707,24.98242105],[121.60039694,24.98310902],[121.59992446,24.98508155],[121.59987325,24.98647863],[121.60051567,24.98726071],[121.60185544,24.98797373],[121.60186588,24.99044652],[121.59975727,24.99117445],[121.59905344,24.99175162],[121.59926704,24.99312181],[121.59844199,24.9936476],[121.598131,24.99449697],[121.59874952,24.99588126],[121.5995983,24.99640604],[121.5996993,24.99761014],[121.60052737,24.99851224],[121.60054859,25.0007113],[121.59970787,25.00248836],[121.59788026,25.00414502],[121.59707786,25.00455474],[121.59622861,25.00430136],[121.59585481,25.00486299],[121.59597874,25.00602945],[121.59563212,25.00716022],[121.59601037,25.00971833],[121.59649938,25.01193016],[121.59747529,25.0130481],[121.59724477,25.01435251],[121.597518,25.01478216],[121.60075243,25.01481653],[121.60188388,25.01502999],[121.60229455,25.01498229],[121.6027006,25.01514698],[121.60305173,25.0168111],[121.60351487,25.01781099],[121.60353397,25.01799335],[121.60411767,25.01908992],[121.60432329,25.01910108],[121.60820209,25.01944057],[121.6087289,25.02050431],[121.61349421,25.01915415],[121.61606948,25.01970299],[121.61738953,25.0184518],[121.61791152,25.01832],[121.61824413,25.01833245],[121.61850638,25.0182677],[121.61899557,25.01815305],[121.62061541,25.01835425],[121.62270724,25.01730866],[121.62300597,25.0172647],[121.62387671,25.01771655],[121.62423531,25.01790721],[121.62453487,25.01803333],[121.62493516,25.01818388],[121.6261663,25.01862413],[121.62702442,25.01958045],[121.62787512,25.01950816],[121.6282052,25.01955428],[121.62898519,25.0199986],[121.62942361,25.0210089],[121.6295518,25.02113912],[121.63031159,25.02261809],[121.63030363,25.02277551],[121.63026189,25.02310941],[121.63026448,25.02322725],[121.63093021,25.02472914],[121.63220078,25.02560307],[121.63244035,25.02562973],[121.63284892,25.02541978],[121.63305807,25.02529641],[121.63563162,25.02364793],[121.63560378,25.02345982],[121.63705382,25.02378458],[121.63726919,25.02389701],[121.6401055,25.02356078],[121.640248,25.0235416],[121.6410223,25.02362219],[121.64119482,25.02374405],[121.6425463,25.02440796],[121.64277796,25.02450308],[121.64499848,25.02347685],[121.64513592,25.02327977],[121.64529769,25.02313936],[121.64541915,25.02298021],[121.64568159,25.02253418],[121.64577378,25.02232109],[121.6459859,25.02189483],[121.64611128,25.02176324],[121.6473989,25.02212934],[121.64769248,25.02235119],[121.64826554,25.0227478],[121.64857232,25.02283853],[121.64869236,25.02289552],[121.64888472,25.02304305],[121.6494081,25.02357574],[121.64951226,25.0236693],[121.65017615,25.02401563],[121.65210203,25.02397937],[121.6522956,25.02404255],[121.65252833,25.02410894],[121.65273936,25.02414102],[121.65380924,25.02442302],[121.65549544,25.02370274],[121.65609848,25.02383472],[121.65773012,25.02325248],[121.65822741,25.02357583],[121.65838201,25.02347612],[121.65848912,25.02346484],[121.66079965,25.02337322],[121.66134411,25.02306412],[121.66177539,25.02294841],[121.66228409,25.02283548],[121.66283189,25.02275234],[121.66404648,25.02317699],[121.66434714,25.02418408],[121.66451655,25.02440971],[121.66488001,25.02461736],[121.66530135,25.02615262],[121.66514551,25.02646033],[121.66490126,25.02815053],[121.66553392,25.02892997],[121.66562545,25.02908074],[121.66549594,25.02986548],[121.66538406,25.02978135],[121.66481154,25.02954798],[121.66397133,25.02996],[121.66145406,25.03047306],[121.66079276,25.03044868],[121.65813419,25.02910675],[121.65794741,25.02903705],[121.65697839,25.02804618],[121.65681357,25.02794496],[121.65560251,25.02769593],[121.6553698,25.02763299],[121.6544295,25.02782207],[121.65431258,25.02788702],[121.65323671,25.02747878],[121.65183539,25.02815264],[121.65169352,25.02808458],[121.65152738,25.02779852],[121.65132126,25.0277469],[121.65116755,25.02778681],[121.65095177,25.02779608],[121.65067877,25.02774712],[121.65034996,25.02765946],[121.64959296,25.02806098],[121.64939909,25.02813441],[121.64884844,25.02791484],[121.64797131,25.02863962],[121.6469189,25.02797864],[121.64584132,25.02944728],[121.64404082,25.02990865],[121.64376569,25.03044747],[121.64363468,25.03048494],[121.64322352,25.03053318],[121.64309207,25.03068661],[121.63968846,25.03221427],[121.63956531,25.03229304],[121.63807114,25.03359406],[121.63473854,25.03500641],[121.63426216,25.03475767],[121.63406427,25.03479896],[121.63347006,25.03574247],[121.63289646,25.03584407],[121.63013362,25.0351548],[121.62995922,25.03626],[121.62947254,25.03673106],[121.62821644,25.03709727],[121.62788197,25.03715858],[121.62612579,25.03791562],[121.62544124,25.03772974],[121.62529328,25.03767017],[121.62289403,25.03979444],[121.62185284,25.04011521],[121.62170305,25.04025643],[121.62103137,25.04101125],[121.62089584,25.04119595],[121.62053319,25.04173248],[121.6204515,25.04188232],[121.6199338,25.04266912],[121.61971448,25.04291648],[121.61925813,25.04327481],[121.61915983,25.04340069],[121.61754506,25.04629741],[121.61737782,25.04659023],[121.61715865,25.0469856],[121.61705985,25.04719064],[121.61645365,25.04815104],[121.61627104,25.04911874],[121.61622441,25.04937698],[121.61629794,25.05055571],[121.61816528,25.05229919],[121.61898332,25.05265155],[121.61940497,25.0528352],[121.62058021,25.05311067],[121.62093783,25.05446502],[121.62029439,25.05552325],[121.62051689,25.05665149],[121.62164154,25.05651491],[121.6225817,25.05572525],[121.62283536,25.05556341],[121.62405838,25.05523858],[121.62409527,25.05610054],[121.62400191,25.05625779],[121.62249924,25.05844198],[121.6216465,25.06033808],[121.62076697,25.06135958],[121.61913769,25.0627254],[121.61882594,25.06290674],[121.61732895,25.0634955],[121.61717118,25.06356207],[121.61701718,25.06360453],[121.61612305,25.06392234],[121.61703421,25.06589202],[121.61714275,25.06580709],[121.61755538,25.06518731],[121.61771568,25.06510812],[121.61792298,25.06609289],[121.617947,25.06619849],[121.61778937,25.06680566],[121.61762406,25.06704324],[121.62146249,25.0695523],[121.62152058,25.06961657],[121.62125869,25.07185011],[121.62064538,25.07263402],[121.62060377,25.07281078],[121.62069058,25.07339255],[121.62174597,25.07485702],[121.62276451,25.07466201],[121.62319069,25.07582354],[121.62340382,25.07727212],[121.62421686,25.07745936],[121.62447493,25.0775288],[121.62501897,25.07883136],[121.6248891,25.07873293],[121.62408821,25.07812772],[121.62394808,25.07820848],[121.62387916,25.07833666],[121.62386246,25.07860087],[121.62394205,25.07871018],[121.62447702,25.07903253],[121.62452006,25.07923866],[121.62413906,25.07998561],[121.62514999,25.08103272],[121.62530055,25.08116993],[121.62592857,25.08195383],[121.62722558,25.08222405],[121.62741466,25.08231837],[121.62778319,25.08282852],[121.62787949,25.08304767],[121.62800928,25.08353196],[121.6275676,25.0848409],[121.62779423,25.08510583],[121.62860649,25.08647424],[121.62843891,25.08676882],[121.62832671,25.08696063],[121.62798075,25.08845445],[121.62779879,25.08861489],[121.62597682,25.09051889],[121.62631081,25.09146906],[121.62505499,25.09366978],[121.62535885,25.09510929],[121.62624651,25.09587997],[121.62598072,25.09647409],[121.62574784,25.09679005],[121.62457554,25.09709926],[121.62437859,25.09707965],[121.62327719,25.0969312],[121.62215006,25.09732025],[121.62177195,25.09790757],[121.62168111,25.09809569],[121.6184328,25.10054988],[121.61735715,25.10117817],[121.61721591,25.10144108],[121.61645487,25.10255161],[121.61634828,25.10274534],[121.6163088,25.10283751],[121.61616753,25.10309698],[121.61586614,25.1033542],[121.61565926,25.10360727],[121.61384352,25.10449493],[121.61133727,25.10487675],[121.61092511,25.10501765],[121.60886493,25.10619534],[121.60860928,25.10635805],[121.60798754,25.10676033],[121.60609385,25.1073071],[121.60569845,25.10732358],[121.6047489,25.10735533],[121.60202552,25.10840246],[121.6001753,25.10858726],[121.59959075,25.10843398],[121.59748229,25.10951129],[121.5968556,25.11077825],[121.59656661,25.11116477],[121.59640095,25.11213129],[121.59578792,25.11308018],[121.59559306,25.11327667],[121.59553983,25.11398298],[121.59562566,25.11415114],[121.59598038,25.11423597],[121.59749253,25.11621508],[121.59741611,25.11671149],[121.59813135,25.11800952],[121.59821227,25.11819149],[121.59831059,25.11849502],[121.59916659,25.12034308],[121.59935246,25.12042217],[121.59946713,25.12042484],[121.59970949,25.12033136],[121.59980275,25.12033532],[121.59996581,25.12054656],[121.600758,25.12184979],[121.60116689,25.12321436],[121.60115976,25.12432769],[121.60171048,25.12602818],[121.60272512,25.12620003],[121.60321506,25.12569381],[121.60345396,25.12550314],[121.60409544,25.12574913],[121.60425306,25.12582014],[121.60460022,25.12610459],[121.60467968,25.12640963],[121.60753614,25.12920647],[121.60777988,25.13002758],[121.60782362,25.13020482],[121.60779296,25.13022965],[121.60458269,25.13085566],[121.60455652,25.13106752],[121.60486217,25.13272458],[121.6045869,25.1341307],[121.60459301,25.13429597],[121.60533677,25.13607012],[121.60534842,25.13620563],[121.60510376,25.13697552],[121.60406654,25.13617824],[121.60339637,25.13706059],[121.6016563,25.13790459],[121.60146899,25.13825309],[121.60120492,25.13859256],[121.6006288,25.13927427],[121.59838242,25.14030876],[121.59817377,25.14103324],[121.59674315,25.14275771],[121.59575983,25.14358423],[121.59600393,25.14476099],[121.59539702,25.14631065],[121.59390793,25.14805611],[121.59380217,25.14976077],[121.59372271,25.15005041],[121.59249052,25.15088428],[121.59214277,25.15089544],[121.59008839,25.15189663],[121.58970061,25.15211508],[121.58965456,25.15279455],[121.58985945,25.15289169],[121.59037778,25.15330761],[121.59081859,25.15466649],[121.59158495,25.15511899],[121.59165354,25.15526713],[121.59183259,25.15603579],[121.5915396,25.15698587],[121.59178247,25.15757944],[121.59053886,25.16027805],[121.59045833,25.16132301],[121.58965337,25.16368991],[121.5893632,25.16350761],[121.58844463,25.16299832],[121.58767243,25.16323692],[121.58748415,25.1633519],[121.58638475,25.1635112],[121.58448473,25.1648431],[121.58358914,25.16505939],[121.58289399,25.16573116],[121.58260383,25.16551557],[121.58201648,25.16544428],[121.58124169,25.16551894],[121.579928,25.16542733],[121.57848951,25.16578454],[121.57779418,25.16631686],[121.57701323,25.16714059],[121.57701827,25.16728099],[121.57737417,25.16861793],[121.57728863,25.16995528],[121.57839489,25.17085183],[121.57928198,25.17192627],[121.58013822,25.17242053],[121.58171112,25.17379333],[121.58299334,25.17557983],[121.58350051,25.17688934],[121.58345445,25.1770867],[121.58220559,25.17897178],[121.58216187,25.17980075],[121.58126587,25.18045037],[121.58092326,25.18207459],[121.58180056,25.18348373],[121.5824966,25.18366721],[121.58274563,25.18451341],[121.58268396,25.18469887],[121.58184346,25.18579764],[121.58204894,25.18668451],[121.58209221,25.18680219],[121.58269995,25.18733667],[121.58286542,25.18744719],[121.58291963,25.18842419],[121.58398894,25.1887933],[121.58353546,25.19233918],[121.58269603,25.19309686],[121.58360662,25.19468421],[121.58344049,25.19477521],[121.58305227,25.19500777],[121.58053913,25.19535273],[121.57886219,25.19429029],[121.57852752,25.19452025],[121.57801871,25.19465125],[121.57774636,25.1947405],[121.5772369,25.19527083],[121.57587159,25.19555641],[121.5731802,25.19497962],[121.57240422,25.19521125],[121.57215609,25.1953197],[121.5717422,25.19538763],[121.57081057,25.19656309],[121.57087312,25.19670695]]]},"properties":{"gml_id":"layer_city_boundary_pg.29","Name":"台北市","layer":"市","code":"710100000000","grade":2}},
{"type":"Feature","geometry":{"type":"Polygon","coordinates":[[[121.70964946,25.1765653],[121.70825966,25.17604223],[121.70717929,25.17604229],[121.7065716,25.17696358],[121.70522107,25.17665661],[121.70461341,25.17684091],[121.70353303,25.17874486],[121.70346558,25.17997314],[121.70272288,25.18058737],[121.70089973,25.18095598],[121.69887417,25.18097333],[121.6961278,25.18176438],[121.69370269,25.18072985],[121.69266057,25.18013456],[121.6901366,25.18228434],[121.68867807,25.18464908],[121.68769319,25.18562717],[121.68583946,25.18953066],[121.68570284,25.19027453],[121.68642489,25.19056754],[121.68647722,25.19127756],[121.68585932,25.19197918],[121.68759788,25.1934849],[121.68753041,25.1939762],[121.68867188,25.19525701],[121.68940906,25.19529373],[121.68979104,25.19658435],[121.69232473,25.19784422],[121.69333766,25.19987048],[121.69448555,25.19999315],[121.69468816,25.20042294],[121.69401296,25.20177391],[121.69482326,25.20214222],[121.69599872,25.20370524],[121.69421903,25.20339598],[121.69354745,25.20389861],[121.6927183,25.20330901],[121.69190294,25.20435267],[121.69252758,25.20515108],[121.69276463,25.20668191],[121.69359506,25.20720308],[121.6935924,25.20774877],[121.69603899,25.20969437],[121.69617406,25.21000133],[121.69916776,25.21262889],[121.69915053,25.21309566],[121.70048354,25.21376742],[121.70134968,25.2147389],[121.70093758,25.21534651],[121.70180020981988,25.215791576602108],[121.70186093103798,25.217189513691448],[121.70130612,25.21749119],[121.69874023,25.21589519],[121.69705205,25.21509717],[121.69617424,25.21429916],[121.69610661,25.21300975],[121.69536386,25.21215035],[121.694351,25.211782],[121.69455357,25.2112294],[121.69401326,25.20987877],[121.69293293,25.20938767],[121.69266274,25.20852809],[121.69036695,25.20822131],[121.68871265,25.20659088],[121.68913119,25.20537205],[121.68725675,25.20522946],[121.68713196,25.20795917],[121.6841547,25.20717816],[121.68246656,25.20558194],[121.68138619,25.20564341],[121.68145367,25.20429262],[121.6792928,25.20281919],[121.6784825,25.20263507],[121.67807748,25.20595074],[121.67571409,25.20472297],[121.67488678,25.20400722],[121.67529806,25.20323302],[121.67443472,25.2023617],[121.67379964,25.2030413],[121.67244905,25.20214909],[121.67058953,25.20271971],[121.66722203,25.20506388],[121.66622467,25.20601911],[121.66427231,25.2070389],[121.66432052,25.20785549],[121.66369456,25.2083743],[121.66268907,25.20740993],[121.66095285,25.20874035],[121.65888978,25.21066714],[121.65813094,25.21118689],[121.65584772,25.21330313],[121.65345729,25.2162826],[121.65311138,25.21712928],[121.65117053,25.22046081],[121.65016858,25.22274056],[121.65079883,25.22338998],[121.65113656,25.2248019],[121.65209686,25.22512264],[121.65166468,25.22594743],[121.65241964,25.22695047],[121.65342708,25.22895247],[121.65302755,25.23001981],[121.65133952,25.2305111],[121.65154212,25.2314933],[121.65235242,25.23192297],[121.65262257,25.23278236],[121.65127211,25.23333499],[121.64850358,25.23272135],[121.64772889,25.23196567],[121.64776072,25.23094125],[121.64847688,25.23009343],[121.64593859,25.2301223],[121.6427196,25.23093273],[121.64076728,25.23229082],[121.6388371,25.23396253],[121.63764639,25.23536654],[121.63814752,25.23596575],[121.63639198,25.23639876],[121.63509921,25.23803811],[121.63414544,25.23955608],[121.63387923,25.24063435],[121.63472954,25.24407903],[121.63513475,25.24518379],[121.63587789,25.25009407],[121.63506811,25.25666143],[121.63412307,25.26003717],[121.62973452,25.2667885],[121.6231178,25.27390785],[121.6178514,25.27814262],[121.61569069,25.27924738],[121.60792572,25.28145728],[121.60630535,25.28385052],[121.60394232,25.28648925],[121.60238939,25.28771659],[121.5995535,25.28894405],[121.597933,25.28980317],[121.59703873,25.29157786],[121.59536722,25.29139871],[121.59374666,25.29207378],[121.59259876,25.29219663],[121.59064059,25.2920741],[121.58868241,25.29262652],[121.58665677,25.29342431],[121.58260552,25.29630844],[121.57957981,25.29774436],[121.57772386,25.29889644],[121.5760293,25.29911197],[121.57445888,25.29907755],[121.57222978,25.29841459],[121.56930335,25.29845712],[121.56808741,25.29776848],[121.56715987,25.2967925],[121.56684465,25.29504961],[121.56555582,25.29408794],[121.56587991,25.29348584],[121.56482779,25.29313258],[121.56391274,25.29351035],[121.56213946,25.29302541],[121.56030283,25.29198112],[121.5569526,25.29229579],[121.55554228,25.29279177],[121.55379344,25.29302324],[121.55273669,25.29274456],[121.55181375,25.29195534],[121.55038569,25.29163309],[121.54772861,25.29198291],[121.54659434,25.29241882],[121.54576588,25.29235745],[121.54120888,25.29458943],[121.54102375,25.29691866],[121.54071319,25.29784937],[121.53935433,25.29921281],[121.53815466,25.29994338],[121.53662124,25.2999871],[121.53559828,25.29874437],[121.53375682,25.2970662],[121.53341796,25.29604567],[121.53359107,25.29499034],[121.53483561,25.29249258],[121.53449614,25.29110903],[121.53333282,25.28987418],[121.53168157,25.28965851],[121.53045298,25.28834073],[121.52943319,25.28759992],[121.5276336,25.28666099],[121.52593426,25.28601702],[121.52425911,25.28679576],[121.52168782,25.28686773],[121.5208209,25.28652283],[121.52081837,25.28551514],[121.51858989,25.28477896],[121.51690173,25.28490172],[121.51476713,25.28593756],[121.51401037,25.2866708],[121.51356344,25.28822592],[121.5136124,25.28936128],[121.5127709,25.29094097],[121.51184781,25.29180488],[121.51070753,25.29200242],[121.50929565,25.29131139],[121.5083452,25.28874459],[121.5084416,25.28692913],[121.50935886,25.28547803],[121.50936709,25.28344212],[121.50898767,25.28292773],[121.50789076,25.28286369],[121.50599107,25.28222622],[121.50641984,25.28145884],[121.50575808,25.28107677],[121.50503061,25.28152906],[121.50292333,25.28075557],[121.50270134,25.27976317],[121.50193966,25.27965065],[121.50091826,25.2800532],[121.49898001,25.27918218],[121.49856135,25.27865433],[121.49734066,25.27885376],[121.49546933,25.27793451],[121.49376824,25.27637843],[121.49220333,25.27593187],[121.49097171,25.27470535],[121.48890288,25.27393397],[121.48664072,25.27273467],[121.48554214,25.27274047],[121.48259978,25.27139482],[121.48093814,25.27087865],[121.47898919,25.26861867],[121.47795608,25.26767136],[121.47702578,25.26626804],[121.47592556,25.26334587],[121.47532667,25.26282249],[121.47487947,25.26061582],[121.47440865,25.25964726],[121.47287101,25.25732316],[121.47156716,25.2559943],[121.46968256,25.25499349],[121.46734571,25.25330779],[121.46591055,25.25285574],[121.46250457,25.25205169],[121.46090477,25.25209084],[121.45749829,25.25302457],[121.4561757,25.25316112],[121.45337866,25.25276671],[121.45267937,25.25281292],[121.45074803,25.25079085],[121.44992092,25.24953311],[121.44847476,25.24797959],[121.44762145,25.24666548],[121.4472284,25.24524127],[121.44580833,25.24256272],[121.44611162,25.24036524],[121.44536037,25.23797032],[121.44428269,25.23610351],[121.44439584,25.235545],[121.44340497,25.2342332],[121.44321304,25.23344139],[121.44351869,25.23252738],[121.44228324,25.22970903],[121.44088045,25.22842708],[121.43966817,25.22550778],[121.43938097,25.22427782],[121.43730536,25.21967398],[121.43763277,25.21802107],[121.43709643,25.21749647],[121.43591276,25.21710806],[121.43515246,25.21722353],[121.43404182,25.21674298],[121.43086004,25.21588951],[121.43004129,25.21501766],[121.42866988,25.21226955],[121.42774432,25.21108137],[121.4263546,25.20982177],[121.4246636,25.20791983],[121.42360157,25.2061887],[121.41892824,25.19927151],[121.41826376,25.19741976],[121.41816421,25.1962625],[121.41868211,25.19506372],[121.41774317,25.19443516],[121.41797539,25.19373432],[121.41939422,25.19255433],[121.41874366,25.19154763],[121.41672635,25.19154957],[121.41592081,25.19071142],[121.4142077,25.1901164],[121.41222848,25.18994638],[121.41183116,25.19066916],[121.40998048,25.19066731],[121.40694167,25.19006135],[121.40484878,25.18983647],[121.40390046,25.18697831],[121.40444707,25.18680965],[121.404448,25.18508252],[121.40396081,25.18392067],[121.40429344,25.1830967],[121.40758172,25.18249388],[121.40945736,25.18190442],[121.41228677,25.18148003],[121.41526034,25.18078043],[121.41635811,25.18065899],[121.41773236,25.1794191],[121.41884021,25.1774112],[121.41410748,25.17120961],[121.41335437,25.1704841],[121.4125244,25.16848707],[121.41125359,25.1675206],[121.40779875,25.16379654],[121.40676999,25.16245073],[121.40552366,25.16042768],[121.40401872,25.15949724],[121.40229712,25.15878914],[121.40028085,25.16039816],[121.39170066,25.16799212],[121.39159788,25.16773277],[121.38799248,25.15203997],[121.38781806,25.15192414],[121.38976095,25.14774083],[121.38637652,25.14591789],[121.38270877,25.14454967],[121.37946599,25.14300384],[121.37742132,25.14286869],[121.37535137,25.14196128],[121.37394866,25.14186066],[121.37296687,25.14215051],[121.37198798,25.14198568],[121.37165456,25.14100251],[121.36911114,25.13959175],[121.36732546,25.13912266],[121.36626581,25.13927741],[121.36525935,25.14017021],[121.36447291,25.13787632],[121.36398287,25.13717996],[121.36295999,25.13670898],[121.35992957,25.13474944],[121.35840994,25.13444608],[121.35805253,25.13409092],[121.35641269,25.13360273],[121.35542362,25.13307471],[121.35344347,25.13160236],[121.35258792,25.13118188],[121.35137238,25.13106658],[121.34863712,25.13005664],[121.34688262,25.12988232],[121.34502577,25.12842517],[121.34170527,25.12870999],[121.34106429,25.12856189],[121.33861673,25.12696718],[121.33552163,25.1260884],[121.33170354,25.12532452],[121.33066885,25.1254789],[121.32685293,25.12422606],[121.32468463,25.12400204],[121.32353955,25.12426064],[121.32013266,25.1234214],[121.31890517,25.12392021],[121.31647064,25.1241102],[121.31345532,25.12345747],[121.31022174,25.12374735],[121.30997379,25.12553759],[121.3095116,25.12589718],[121.30493686,25.12611085],[121.30428688,25.12544704],[121.30414393,25.12416154],[121.30062434,25.1252147],[121.29876419,25.12419796],[121.29817245,25.12528121],[121.29670515,25.12617096],[121.29642971,25.1246001],[121.29683903,25.12264578],[121.29617172,25.12283606],[121.29503255,25.12160513],[121.29490329,25.1208228],[121.29259067,25.11910061],[121.29134146,25.11857643],[121.28766292,25.11790123],[121.28337959,25.11781148],[121.28382703,25.11441764],[121.28355744,25.11380081],[121.28379275,25.1121252],[121.2826804,25.11006549],[121.28294001,25.10936506],[121.28481547,25.10877457],[121.28554453,25.10832343],[121.28672338,25.1070399],[121.28772751,25.10675626],[121.28866318,25.10696219],[121.29032039,25.10675718],[121.29071151,25.10486191],[121.29161251,25.10264094],[121.29295983,25.10257295],[121.2938922,25.10305119],[121.2954942,25.10301969],[121.29762441,25.10435513],[121.29829778,25.10449466],[121.29983626,25.10350486],[121.30005577,25.10226818],[121.30121555,25.10167637],[121.3013847,25.09848052],[121.30284213,25.09676552],[121.30435456,25.09638374],[121.30524464,25.09673355],[121.30842513,25.09659515],[121.30907839,25.0962877],[121.31037648,25.09655347],[121.31128567,25.09597183],[121.31344418,25.09535045],[121.31572853,25.09421404],[121.31704889,25.09399026],[121.31823148,25.09301067],[121.31946234,25.09318633],[121.32134204,25.09258193],[121.32471155,25.09262094],[121.32584838,25.09194021],[121.32682565,25.09174322],[121.32804507,25.09098633],[121.32919804,25.08978848],[121.33011847,25.0882572],[121.33098515,25.08802256],[121.33263425,25.08672221],[121.33345091,25.08661279],[121.33637056,25.08520357],[121.33753277,25.08421914],[121.33866311,25.08363372],[121.34150343,25.08406257],[121.34499291,25.08351079],[121.34608882,25.0836592],[121.34814443,25.08236241],[121.34925716,25.08239501],[121.350089,25.08173616],[121.3501958,25.0811688],[121.34935812,25.08074378],[121.3489328,25.0812171],[121.34692484,25.08065834],[121.34255633,25.08012552],[121.34360807,25.07964183],[121.34649325,25.07953625],[121.34791255,25.07915933],[121.3465975,25.07835527],[121.34582482,25.07870694],[121.34514828,25.07833523],[121.34591312,25.07678841],[121.34395856,25.07740082],[121.34446674,25.07606186],[121.34609887,25.07571439],[121.34370826,25.07507394],[121.34231175,25.07575025],[121.34151803,25.07663514],[121.34037687,25.07616999],[121.34068085,25.07547834],[121.34052139,25.07408196],[121.34111869,25.0734659],[121.34253605,25.07355697],[121.342684,25.07281433],[121.34442601,25.07332398],[121.34802697,25.07382185],[121.34903442,25.07464199],[121.34999489,25.07650917],[121.35039951,25.07520994],[121.35001555,25.07478766],[121.34988941,25.07354048],[121.35112175,25.07389806],[121.35016271,25.07147087],[121.34923061,25.07140252],[121.34740401,25.07054254],[121.34795779,25.06979366],[121.34896429,25.06989394],[121.35031702,25.06930561],[121.35132046,25.06825691],[121.35229628,25.06790615],[121.35227568,25.0687866],[121.35376584,25.06858579],[121.35384974,25.06779697],[121.35496704,25.06723113],[121.35487981,25.06515036],[121.35819933,25.0649266],[121.36415525,25.06496212],[121.36731907,25.06514358],[121.37443271,25.0659827],[121.37667434,25.06609401],[121.3787215,25.0656729],[121.38006688,25.06520387],[121.38019149,25.06483635],[121.38211699,25.06431463],[121.3828997,25.06293576],[121.38389601,25.06273388],[121.3861488,25.06325072],[121.38707293,25.06258577],[121.38761894,25.06264363],[121.38829541,25.06151064],[121.3898414,25.06167779],[121.3903183,25.06084657],[121.38894385,25.06070257],[121.38802239,25.05935911],[121.38967007,25.05910912],[121.3895231,25.0586233],[121.38845261,25.05814943],[121.38864248,25.05698695],[121.38704823,25.05749143],[121.38576247,25.05815145],[121.38567715,25.05691128],[121.38727908,25.05550012],[121.38727844,25.05466921],[121.3860054,25.05367882],[121.38618952,25.05259101],[121.38782432,25.05323742],[121.38825175,25.05291146],[121.38930762,25.0534669],[121.38986151,25.05284071],[121.39137738,25.05396285],[121.39293736,25.05397956],[121.39435491,25.05307319],[121.39644451,25.05242593],[121.39742734,25.05152194],[121.39831778,25.05128981],[121.39928637,25.05161041],[121.40017653,25.05097431],[121.40028418,25.04959771],[121.39974711,25.04936543],[121.39896458,25.05007781],[121.39853255,25.05100862],[121.39748638,25.05039924],[121.39852567,25.04928263],[121.39852135,25.04847472],[121.39680894,25.04954454],[121.39579369,25.04939749],[121.39472514,25.05029505],[121.39396789,25.05029116],[121.39448406,25.04876427],[121.39440545,25.04750353],[121.3960251,25.0485633],[121.39711075,25.04815496],[121.39845011,25.04814652],[121.3994211,25.04781694],[121.39802665,25.04675342],[121.40006535,25.04489592],[121.39849942,25.04380689],[121.39980295,25.04346189],[121.3996324,25.04292118],[121.3977528,25.04368442],[121.39697413,25.04346342],[121.39444397,25.04346915],[121.39386352,25.04378184],[121.39264418,25.04339207],[121.39068486,25.0420089],[121.3913159,25.04149748],[121.39261541,25.04203717],[121.39354512,25.04199928],[121.3943486,25.04122424],[121.39437016,25.04009053],[121.39717893,25.03920111],[121.39767019,25.03848386],[121.39877878,25.03867565],[121.39925628,25.0377485],[121.39982685,25.0374806],[121.40074165,25.03794759],[121.40078533,25.03695376],[121.40119539,25.03636884],[121.39983958,25.03612551],[121.40007178,25.03481409],[121.39875898,25.03482755],[121.39823218,25.03249766],[121.39876369,25.03154387],[121.39825475,25.0301742],[121.39919717,25.02948568],[121.40067966,25.02917997],[121.40150431,25.02815702],[121.4010482,25.02700509],[121.40132573,25.02638185],[121.40220325,25.02581528],[121.40390675,25.02516195],[121.40461835,25.02375523],[121.40574587,25.02317353],[121.4071357,25.021945],[121.40867485,25.0208639],[121.41071181,25.02095803],[121.41067167,25.0199044],[121.41211831,25.01884702],[121.41121452,25.01797885],[121.4094545,25.01841969],[121.40754144,25.01750882],[121.40564409,25.0170986],[121.40431002,25.01723236],[121.40315141,25.01678654],[121.40162248,25.01577465],[121.40022218,25.01579452],[121.3975444,25.01623053],[121.39701173,25.01613973],[121.3960483,25.01521987],[121.3944252,25.01466625],[121.39295494,25.01558276],[121.39234835,25.01489053],[121.39261104,25.01375386],[121.39209522,25.01254588],[121.39128377,25.01225186],[121.39220809,25.01086596],[121.39361587,25.00982989],[121.39541668,25.00907897],[121.39773564,25.00775584],[121.39894572,25.00744033],[121.39951004,25.00697269],[121.3996788,25.00595034],[121.40037673,25.00547299],[121.40013339,25.00445215],[121.40091261,25.00331679],[121.40203542,25.00253402],[121.40201357,25.00104853],[121.40300893,25.00055765],[121.40322903,24.99933024],[121.40158153,24.99916773],[121.39997522,24.99829427],[121.39869335,24.99835709],[121.39785395,24.99756753],[121.39683459,24.99730383],[121.39646641,24.99555177],[121.39557497,24.99495187],[121.39426777,24.99351063],[121.392419,24.99357828],[121.39083534,24.99325564],[121.39031176,24.99347075],[121.3899685,24.99459058],[121.38842751,24.9957302],[121.38802808,24.9963982],[121.386841,24.99599475],[121.38405315,24.99561383],[121.38364475,24.99462109],[121.38364201,24.99290411],[121.38431402,24.99177243],[121.3836623,24.98984637],[121.38367209,24.98811682],[121.38557878,24.98653526],[121.38211758,24.98390642],[121.38094632,24.98429117],[121.37872585,24.98319099],[121.37680388,24.98130103],[121.37544748,24.98113541],[121.37467671,24.98061351],[121.37239597,24.9799419],[121.37122228,24.97829292],[121.36966955,24.97704268],[121.36903233,24.97680162],[121.36890388,24.97680503],[121.36756642,24.97746356],[121.36589643,24.97859196],[121.36509548,24.97855145],[121.36371134,24.97959055],[121.36136276,24.97878689],[121.36121555,24.97781009],[121.35921819,24.97819768],[121.35774355,24.97782474],[121.35396492,24.97784446],[121.35333954,24.97852281],[121.3531016,24.98009796],[121.35234142,24.98085115],[121.35006775,24.97994749],[121.3485746,24.9797643],[121.34733861,24.97883688],[121.34638737,24.97922426],[121.3447766,24.98027969],[121.34345779,24.9817627],[121.3427085,24.98230465],[121.34206316,24.98095143],[121.3411252,24.98027019],[121.34024611,24.98009499],[121.33909721,24.98068125],[121.33807555,24.98045007],[121.33658928,24.98061109],[121.33591233,24.97990867],[121.33472946,24.97977988],[121.33458329,24.97905129],[121.33157338,24.97863651],[121.33099255,24.97929844],[121.32986195,24.97909321],[121.32847923,24.97841599],[121.32724382,24.97833444],[121.32718249,24.97759556],[121.32860981,24.97632157],[121.32742032,24.97543135],[121.32743065,24.97474882],[121.32527348,24.97349531],[121.32367092,24.97282164],[121.3240035,24.97134485],[121.32402301,24.97130085],[121.32513422,24.97115754],[121.32785411,24.97281445],[121.3285718,24.97150354],[121.32832154,24.97099463],[121.3288936,24.96960318],[121.32858609,24.96847176],[121.32979771,24.96689515],[121.32809157,24.96555276],[121.32870515,24.96410417],[121.32909195,24.96207378],[121.32914581,24.96057844],[121.32886055,24.95957452],[121.3286852,24.95744576],[121.32811844,24.95545858],[121.32819271,24.95460776],[121.32804458,24.95039406],[121.32810858,24.94887116],[121.32924278,24.94737692],[121.33019294,24.94654963],[121.3315804,24.94583451],[121.33150913,24.94540548],[121.33041496,24.94453564],[121.32785102,24.94426984],[121.32499957,24.94362272],[121.32309747,24.94277042],[121.31852036,24.94022002],[121.31577351,24.9384751],[121.31677021,24.9368293],[121.31831721,24.93470653],[121.31950246,24.93436176],[121.32080622,24.93352533],[121.32121848,24.93206625],[121.32191824,24.93233139],[121.32321215,24.93128148],[121.32205039,24.92804267],[121.32470261,24.9286802],[121.32590875,24.92877952],[121.33097701,24.92960062],[121.33324168,24.92983053],[121.33429597,24.92972148],[121.33583912,24.92899721],[121.33781091,24.92855526],[121.33979546,24.92850248],[121.33849603,24.9271802],[121.33551148,24.92507423],[121.33423899,24.92472663],[121.32987144,24.92498661],[121.32735898,24.9246196],[121.32459934,24.92334429],[121.3213746,24.92033957],[121.320309,24.91882805],[121.31757753,24.91636157],[121.31957502,24.91494478],[121.32028585,24.91354676],[121.32151339,24.91323028],[121.32310907,24.91169101],[121.32350516,24.91000368],[121.32442596,24.90992811],[121.32619845,24.90918313],[121.32624939,24.90737266],[121.32551055,24.90620795],[121.32366319,24.90441851],[121.3217983,24.90349188],[121.32189157,24.90231979],[121.3211567,24.90099444],[121.32035482,24.90028368],[121.32125393,24.89994517],[121.32243904,24.89855881],[121.32555595,24.89725577],[121.32666609,24.89595658],[121.32782608,24.8959212],[121.32909086,24.89731069],[121.33062933,24.89786513],[121.33193912,24.89990174],[121.33357116,24.8991722],[121.33322915,24.89823542],[121.33343373,24.89656947],[121.33270488,24.89551834],[121.33224259,24.89336202],[121.33318046,24.89320764],[121.33391079,24.89154856],[121.33505878,24.89169728],[121.33754366,24.89268201],[121.33836719,24.893333],[121.34059879,24.8923156],[121.34211799,24.89259299],[121.3417863,24.89147653],[121.34204543,24.89088815],[121.34157064,24.89024198],[121.34152725,24.88913373],[121.34115023,24.88873656],[121.3413665,24.88746211],[121.34259068,24.88722421],[121.34380659,24.88666964],[121.34472471,24.88576616],[121.34493014,24.88418424],[121.34531392,24.88357526],[121.34562716,24.88005685],[121.34622655,24.87924722],[121.34723593,24.87868564],[121.34967562,24.87878447],[121.35057611,24.87858762],[121.35207354,24.87676085],[121.35351803,24.8764656],[121.35339587,24.87498215],[121.3542322,24.87397299],[121.35439379,24.87323654],[121.35310994,24.87110435],[121.35215472,24.87052173],[121.35056814,24.87009166],[121.34936955,24.86876032],[121.34795132,24.86834346],[121.34591148,24.86815944],[121.34504045,24.86694166],[121.34604666,24.86603464],[121.34651148,24.86508894],[121.34684958,24.86344659],[121.3473565,24.86297932],[121.34733363,24.8620743],[121.34808459,24.86152876],[121.34834651,24.86073258],[121.34930879,24.85980014],[121.35067906,24.85927862],[121.35142881,24.85936503],[121.35312207,24.85881942],[121.35365007,24.858413],[121.3542752,24.85660075],[121.35556726,24.85549626],[121.35618364,24.85465085],[121.35783028,24.85445598],[121.35787297,24.85314974],[121.35673549,24.85359302],[121.35478647,24.8533544],[121.35374564,24.85186539],[121.35333721,24.85059194],[121.35272535,24.85026975],[121.35246112,24.84907253],[121.35022075,24.84947623],[121.3503304,24.84873799],[121.34905412,24.84837325],[121.34851314,24.84856627],[121.34810517,24.8497737],[121.34673279,24.8502103],[121.34463956,24.84960514],[121.34294175,24.84877314],[121.34196636,24.84857918],[121.3405528,24.84894791],[121.34017802,24.84872976],[121.33696258,24.84821403],[121.33615582,24.84687761],[121.33576065,24.84456502],[121.33598845,24.84392941],[121.33774326,24.84362355],[121.33814125,24.84379024],[121.34015718,24.84342483],[121.34139432,24.84383384],[121.34248216,24.84466887],[121.34472981,24.84521428],[121.34505368,24.84551818],[121.34673719,24.84588905],[121.34769843,24.84549656],[121.34882869,24.84552634],[121.3516845,24.84445699],[121.35268887,24.84448203],[121.35337066,24.84408032],[121.35481539,24.84397429],[121.35530278,24.84249837],[121.35583193,24.8423126],[121.35778343,24.83952147],[121.35924529,24.83885452],[121.36005124,24.83817858],[121.36254629,24.83795841],[121.36415252,24.83813599],[121.36521527,24.83757054],[121.36644056,24.83731779],[121.36729959,24.83676572],[121.3702459,24.83612327],[121.37065255,24.83548766],[121.37281392,24.83498157],[121.37292859,24.83356436],[121.3736108,24.83328303],[121.37440653,24.83375767],[121.37579175,24.83384742],[121.37788701,24.83448514],[121.37906204,24.83510976],[121.38090884,24.83649127],[121.38333899,24.83698708],[121.38454058,24.83802058],[121.38442305,24.83869577],[121.38503327,24.84081028],[121.38807153,24.84241198],[121.38912071,24.84219778],[121.39040491,24.84247557],[121.39148447,24.84310681],[121.39243464,24.84323932],[121.39365726,24.84397874],[121.39527434,24.84391704],[121.39621556,24.84363831],[121.3970349,24.84379813],[121.39704515,24.84278737],[121.39798077,24.84178038],[121.39989495,24.84156289],[121.40114622,24.84194163],[121.40269591,24.8435751],[121.40464256,24.84249385],[121.40551537,24.84239872],[121.40724243,24.84161342],[121.40874532,24.84068598],[121.41031651,24.8386893],[121.41146255,24.83829303],[121.41246162,24.83713488],[121.41563747,24.83549876],[121.41489275,24.83354867],[121.41410448,24.83271877],[121.41384185,24.83196164],[121.414363,24.8307421],[121.41607477,24.82874519],[121.4161977,24.82692022],[121.41665129,24.82594181],[121.41758303,24.82525197],[121.41861383,24.82521389],[121.4193687,24.82559391],[121.42219192,24.82539503],[121.42352461,24.82547586],[121.4240695,24.82503441],[121.42503141,24.8228043],[121.42500328,24.82093133],[121.42533372,24.82003798],[121.42661485,24.81937286],[121.42719963,24.81874771],[121.42771028,24.81737439],[121.42855406,24.8167925],[121.42997897,24.81491979],[121.43226937,24.81348427],[121.43642781,24.81219752],[121.43649772,24.81042771],[121.43728769,24.80783741],[121.43700205,24.80543919],[121.43792499,24.80419835],[121.43804537,24.80109945],[121.43749514,24.79979877],[121.43708763,24.79818128],[121.43752832,24.7965921],[121.43825878,24.79533989],[121.44169409,24.79331803],[121.44267358,24.79204697],[121.44457802,24.79108326],[121.44599262,24.79006546],[121.44728749,24.79006111],[121.44947096,24.79106147],[121.45037737,24.79091887],[121.45045835,24.79001528],[121.4488349,24.78824563],[121.44950452,24.78674503],[121.44951677,24.78593734],[121.4475285,24.78420632],[121.44691307,24.7827446],[121.44610144,24.78185517],[121.44405585,24.78063776],[121.44248308,24.78052302],[121.44056723,24.77914125],[121.43967802,24.77738146],[121.43809152,24.77489136],[121.43691298,24.7737215],[121.43574834,24.77296253],[121.4314236,24.77193929],[121.42939098,24.77015263],[121.42672587,24.76826258],[121.42542043,24.76696549],[121.42341704,24.76309527],[121.42354309,24.761678],[121.42510835,24.7612123],[121.42590847,24.76030031],[121.42551507,24.75905818],[121.42569646,24.7581852],[121.4265495,24.75614912],[121.42716683,24.75515544],[121.42788451,24.75473392],[121.42847926,24.75345551],[121.42847168,24.75152092],[121.42920983,24.74994755],[121.42864457,24.74880972],[121.42874036,24.74789664],[121.43014895,24.74555021],[121.430359,24.74345908],[121.43198091,24.7422418],[121.43274051,24.74075337],[121.4330787,24.73919248],[121.43277214,24.73755611],[121.43296862,24.73682738],[121.43504363,24.73413669],[121.43535274,24.73290141],[121.4343695,24.73103812],[121.43426853,24.73002401],[121.43633485,24.72871406],[121.43778645,24.72735165],[121.43831179,24.72659182],[121.44095428,24.72608411],[121.44152669,24.72314087],[121.44422059,24.71707803],[121.44514142,24.71478496],[121.4464463,24.71421333],[121.44725805,24.71335114],[121.44837527,24.71264586],[121.44884528,24.71188583],[121.44884426,24.71036055],[121.44911045,24.70854938],[121.44978716,24.70638625],[121.45034767,24.70557831],[121.45227426,24.70511863],[121.45650273,24.70325075],[121.45927282,24.7028983],[121.46043,24.70259114],[121.46363776,24.70103208],[121.46467303,24.69981415],[121.46582487,24.6989621],[121.46697076,24.69773315],[121.46981455,24.69619651],[121.47059093,24.69675195],[121.4722832,24.696603],[121.47422759,24.69610355],[121.4748024,24.69368808],[121.47462738,24.69266381],[121.47303278,24.68967972],[121.47344555,24.68851482],[121.47419003,24.68480517],[121.47528732,24.6838442],[121.47548483,24.68328468],[121.47545967,24.68088125],[121.475896,24.67938814],[121.47705882,24.67831945],[121.47920089,24.67546305],[121.47998818,24.67385063],[121.48180687,24.674341],[121.48299795,24.67385311],[121.48500314,24.67388169],[121.48685143,24.67516772],[121.48847534,24.67513551],[121.48928117,24.67422873],[121.49271756,24.67319376],[121.49389861,24.67354823],[121.49510554,24.67448809],[121.49683676,24.67552119],[121.49712299,24.67633687],[121.49916858,24.67802502],[121.50050954,24.67864383],[121.50294943,24.67940562],[121.50438771,24.67936588],[121.50552566,24.67990377],[121.50745856,24.68244313],[121.50918514,24.68317778],[121.51013982,24.68322729],[121.51220289,24.68447773],[121.51367973,24.68430541],[121.51480464,24.68323991],[121.51977544,24.68333234],[121.52378718,24.68329707],[121.52493594,24.68449357],[121.52618269,24.68478819],[121.52698199,24.68539239],[121.52712693,24.6885255],[121.52821237,24.68887883],[121.52912261,24.68762363],[121.53187428,24.68769994],[121.53330611,24.68841815],[121.53409686,24.68823692],[121.53621561,24.68825885],[121.53686466,24.68849696],[121.53759288,24.69011336],[121.53776372,24.69226607],[121.53749966,24.69380994],[121.53882801,24.69458948],[121.53847622,24.69641067],[121.53858318,24.69818116],[121.53784362,24.69972233],[121.53847748,24.70058448],[121.54082668,24.70230812],[121.54173034,24.70363382],[121.54292407,24.70467042],[121.54339536,24.70573879],[121.54527259,24.70581315],[121.54644158,24.70621106],[121.5475395,24.70626805],[121.55030301,24.7056727],[121.55122518,24.70596325],[121.55442597,24.70837326],[121.55541234,24.71009509],[121.55636794,24.71122415],[121.55823266,24.71093036],[121.56032606,24.71171526],[121.5618226,24.71260984],[121.56325271,24.71279369],[121.5654799,24.71171189],[121.56747751,24.7115164],[121.56834857,24.71182485],[121.56947909,24.71266175],[121.57045277,24.71396627],[121.57238523,24.71041062],[121.57480542,24.71011301],[121.5756216,24.71104942],[121.57608166,24.71236693],[121.57727399,24.71487636],[121.57752922,24.71656185],[121.57724911,24.71746101],[121.57767667,24.7188789],[121.57751605,24.720375],[121.57781056,24.72177885],[121.57854498,24.72244734],[121.57964505,24.72232621],[121.58151618,24.72129701],[121.58346104,24.72055847],[121.58575016,24.7200584],[121.58767906,24.72033196],[121.58912122,24.72173719],[121.59042532,24.72345427],[121.59264322,24.72461721],[121.593921,24.72584244],[121.59754032,24.72767729],[121.59783038,24.72928303],[121.5940708,24.7292661],[121.59371826,24.73047154],[121.595003,24.73248665],[121.59494687,24.73339013],[121.59421254,24.73467091],[121.59437714,24.73582428],[121.594888,24.7366973],[121.59535539,24.73912375],[121.5948072,24.74095221],[121.59427774,24.74110047],[121.5933854,24.74235526],[121.59191568,24.74332576],[121.59165982,24.74491874],[121.59278595,24.74596199],[121.59436733,24.74625862],[121.59613248,24.74823618],[121.59517435,24.74880961],[121.59458277,24.75019472],[121.59224809,24.75030854],[121.59081056,24.75089826],[121.58995311,24.75189183],[121.58971995,24.75359912],[121.58896571,24.75515486],[121.5893878,24.75721057],[121.59080813,24.75878419],[121.59048567,24.76074217],[121.591031,24.76175016],[121.59205699,24.76286163],[121.59342648,24.76482353],[121.59455489,24.76579213],[121.59581021,24.7664846],[121.59624663,24.76731624],[121.59556078,24.76897734],[121.59608913,24.7701002],[121.59732842,24.77162633],[121.59756169,24.77255303],[121.59570276,24.77599458],[121.5950582,24.77788975],[121.59445672,24.77881332],[121.59432419,24.78105295],[121.59351,24.78166746],[121.59319261,24.78259205],[121.59343382,24.78465086],[121.59293607,24.78624224],[121.59194642,24.78750512],[121.59469143,24.78735041],[121.59898291,24.78773751],[121.60239671,24.78912052],[121.60292379,24.78944191],[121.60563535,24.78912868],[121.60715026,24.79039854],[121.60962844,24.79376825],[121.61057889,24.79371987],[121.61332689,24.7932007],[121.61582927,24.79391599],[121.61716691,24.79382847],[121.62042982,24.79255645],[121.62169222,24.79275113],[121.62295539,24.79401273],[121.62384087,24.79453332],[121.62528954,24.79496654],[121.62581293,24.79546886],[121.62601236,24.7965059],[121.62514617,24.79945708],[121.62480695,24.80161269],[121.62611116,24.8033543],[121.62642032,24.8057736],[121.62568169,24.80858179],[121.62598787,24.80881593],[121.62804542,24.80799944],[121.62893103,24.80806624],[121.63005216,24.80894155],[121.63221188,24.80922601],[121.63436599,24.80913865],[121.63721732,24.80944079],[121.63879458,24.81072805],[121.6402947,24.81031041],[121.64202321,24.81044192],[121.64435614,24.80919386],[121.64572823,24.80969989],[121.6464086,24.81076894],[121.64721338,24.81346907],[121.64747333,24.81388026],[121.64866491,24.81265692],[121.64938796,24.81252515],[121.65041248,24.81295574],[121.65181239,24.81169403],[121.65310623,24.81126867],[121.65432976,24.8111514],[121.66020384,24.81110876],[121.66119909,24.81202335],[121.66300819,24.8126306],[121.66410868,24.81343915],[121.66478978,24.81441805],[121.66576129,24.81478167],[121.66728349,24.81621422],[121.66876861,24.81693516],[121.66899096,24.81799961],[121.67099621,24.81686111],[121.67264913,24.8151442],[121.67392069,24.81423809],[121.67530655,24.8147022],[121.67674686,24.81412027],[121.67889214,24.81532984],[121.68075505,24.81751627],[121.68164227,24.81758394],[121.68305827,24.81691365],[121.68446569,24.8173664],[121.68625743,24.81749752],[121.68765297,24.81607111],[121.6884375,24.81619685],[121.68932065,24.81733096],[121.68894197,24.81933114],[121.6901011,24.82140938],[121.6896701,24.82271591],[121.68767122,24.82434736],[121.68767283,24.82498826],[121.68889717,24.82620466],[121.69104229,24.8272094],[121.69183961,24.82715734],[121.69316145,24.82791662],[121.69451406,24.82917786],[121.69594567,24.82969259],[121.69638855,24.83045335],[121.69609226,24.8319761],[121.69670233,24.83373168],[121.69636045,24.83454455],[121.69815165,24.83420507],[121.69908552,24.83553709],[121.6998736,24.83488885],[121.70172165,24.83435064],[121.70325476,24.83520652],[121.70384859,24.83598347],[121.70456377,24.83627927],[121.70588912,24.83737728],[121.70675254,24.83779609],[121.70735743,24.83881079],[121.70839647,24.83913018],[121.70896921,24.84057997],[121.71068519,24.84096577],[121.71130344,24.8414487],[121.71425893,24.84178616],[121.71521555,24.84291723],[121.71558233,24.84435341],[121.71715823,24.84485564],[121.71864329,24.84565719],[121.71981157,24.84577048],[121.71953208,24.84655823],[121.72053031,24.84791459],[121.72059672,24.84875275],[121.72127847,24.84900819],[121.72191297,24.84985273],[121.72352112,24.85048656],[121.7248237,24.85064525],[121.72625549,24.85170109],[121.72715604,24.85314601],[121.72939506,24.8543844],[121.73050543,24.85529577],[121.73262125,24.8558194],[121.73618969,24.8557307],[121.73824555,24.85530705],[121.74040131,24.85346582],[121.7419816,24.85246223],[121.74348563,24.85282791],[121.74577494,24.85285644],[121.74739334,24.85372077],[121.74783419,24.85491005],[121.74878791,24.85507596],[121.75062158,24.85447746],[121.75118931,24.85488363],[121.75290389,24.85485932],[121.75366589,24.85514647],[121.75348698,24.85581965],[121.7541165,24.85626111],[121.75739243,24.85673056],[121.75996385,24.85684266],[121.76097691,24.85670402],[121.76100698,24.85769783],[121.76196339,24.85827669],[121.76201156,24.85946916],[121.76152557,24.85987503],[121.76265323,24.86118231],[121.76353809,24.85990695],[121.76429906,24.85986327],[121.76539014,24.86101452],[121.76608922,24.86252266],[121.76786119,24.86381695],[121.76739859,24.86487884],[121.7677174,24.86535446],[121.76915959,24.86592152],[121.77015606,24.86517734],[121.7711438,24.86487219],[121.77430784,24.86517786],[121.77547528,24.86512757],[121.77568098,24.86604416],[121.77518392,24.86661793],[121.7764594,24.86881454],[121.77729176,24.86971827],[121.77737702,24.87081619],[121.77914053,24.87141286],[121.78199861,24.87312747],[121.78212971,24.87362883],[121.78320909,24.87421938],[121.78453148,24.8736492],[121.78516451,24.87413887],[121.78461683,24.87490928],[121.78492228,24.87562142],[121.78420703,24.87766527],[121.78223256,24.87918748],[121.78239852,24.8804332],[121.78189248,24.88241825],[121.78193183,24.88458772],[121.78227641,24.8862764],[121.78221746,24.88736058],[121.78166394,24.88939769],[121.78286439,24.89034388],[121.78418893,24.89024943],[121.78540139,24.89050672],[121.7856392,24.89231645],[121.78685092,24.89294042],[121.78817878,24.89278062],[121.79000196,24.89345736],[121.79057344,24.8945906],[121.79300874,24.89624778],[121.79306134,24.89699045],[121.79208497,24.89755088],[121.79201459,24.89903489],[121.79250274,24.90000411],[121.79358594,24.89967604],[121.79532829,24.89984844],[121.79627361,24.90103035],[121.79705872,24.90159028],[121.79752659,24.90114854],[121.79901751,24.90090232],[121.80004341,24.90121725],[121.80219719,24.90099852],[121.80312747,24.90173384],[121.80428317,24.9016949],[121.80452565,24.90116977],[121.80583431,24.90183891],[121.80620115,24.9025684],[121.80732218,24.9027155],[121.80772357,24.90321186],[121.80854374,24.90293001],[121.80919877,24.90338861],[121.81049413,24.90366794],[121.81044919,24.90519719],[121.81106868,24.90621333],[121.81167728,24.90652624],[121.81273915,24.90608409],[121.81341622,24.90544821],[121.81537004,24.90469471],[121.81638691,24.90367893],[121.81826783,24.90272238],[121.81983744,24.90292579],[121.82067849,24.90373757],[121.82237862,24.90455237],[121.82595425,24.90523534],[121.82700234,24.90454759],[121.82793024,24.90532833],[121.82928367,24.90528396],[121.8299731,24.9049704],[121.83181206,24.9049108],[121.83269727,24.90561122],[121.83341653,24.90673525],[121.83439668,24.90682685],[121.83657486,24.90854396],[121.83728086,24.90955701],[121.83802114,24.91005886],[121.83889206,24.91183679],[121.83954653,24.91266184],[121.84174643,24.91439938],[121.84226966,24.91515172],[121.84331764,24.91540358],[121.84484253,24.91716938],[121.84538053,24.91823739],[121.84558952,24.91937177],[121.85021872,24.92248924],[121.85100144,24.9234824],[121.85211557,24.92373913],[121.85356404,24.92506706],[121.85397585,24.92591885],[121.85382795,24.92791171],[121.85215989,24.92863304],[121.85173453,24.92919644],[121.85045828,24.92952086],[121.84913681,24.93033082],[121.84937333,24.93111419],[121.84859737,24.93285599],[121.84779961,24.93402741],[121.8478889,24.93530809],[121.84661884,24.93784185],[121.84580528,24.9383453],[121.84243483,24.93936311],[121.84148705,24.9409813],[121.84065135,24.94123915],[121.83983903,24.94220626],[121.83969554,24.94315004],[121.83903959,24.94463901],[121.83941254,24.94557703],[121.83923074,24.9463407],[121.83972552,24.94714645],[121.84067483,24.94786851],[121.8417585,24.95135039],[121.84125642,24.95257894],[121.84137904,24.95416721],[121.84264875,24.95490721],[121.84347074,24.95690193],[121.84441629,24.95759519],[121.84508226,24.95767595],[121.84552984,24.95921574],[121.84717004,24.96036129],[121.84889767,24.96007017],[121.85035494,24.96118096],[121.85171779,24.95994273],[121.8525578,24.95960853],[121.85402019,24.96008371],[121.85414946,24.96127389],[121.85577227,24.96223013],[121.85635255,24.96230893],[121.85879788,24.96339851],[121.86122441,24.9636667],[121.86278604,24.96282903],[121.86362052,24.96213728],[121.86514904,24.96223075],[121.86914974,24.96146817],[121.86994637,24.96097059],[121.87154322,24.96072268],[121.87231911,24.96129966],[121.87465461,24.96171155],[121.87621929,24.9615533],[121.87674488,24.96218318],[121.87796786,24.96274411],[121.87917708,24.96273915],[121.8823051,24.96413531],[121.8847206,24.96439142],[121.88757841,24.96373866],[121.8884965,24.96317897],[121.88943909,24.96469653],[121.89180747,24.9651325],[121.89608771,24.9670623],[121.89719521,24.96707117],[121.8994192,24.96934853],[121.89944,24.9703011],[121.90032742,24.97180467],[121.90204053,24.973287],[121.90281951,24.97438299],[121.90402986,24.97467952],[121.90541579,24.9734212],[121.90632768,24.97443305],[121.90683031,24.97558814],[121.90825604,24.975867],[121.91005264,24.97476216],[121.91064589,24.97531956],[121.91083995,24.97677384],[121.91247239,24.97829548],[121.91403908,24.9786476],[121.91480875,24.9793349],[121.91624202,24.97947681],[121.91731545,24.9788],[121.91817882,24.9790295],[121.919049,24.97865998],[121.92088365,24.97970667],[121.92152978,24.97893288],[121.92229402,24.97860796],[121.92325704,24.97876297],[121.92429155,24.97937596],[121.92644829,24.97972986],[121.92676562,24.98017438],[121.9285524,24.979682],[121.92903214,24.98041247],[121.93061003,24.98103758],[121.93218202,24.98115426],[121.93349147,24.98090031],[121.93402507,24.98149648],[121.93444626,24.98314743],[121.93575859,24.98340646],[121.93754386,24.98306021],[121.93813175,24.98443852],[121.93865348,24.98486241],[121.93941817,24.9844782],[121.94055598,24.98453195],[121.94100804,24.98559122],[121.94300633,24.98638741],[121.94392246,24.98794302],[121.9448316,24.98816958],[121.94580294,24.98779174],[121.94632677,24.98697268],[121.94788921,24.98666587],[121.94873705,24.98702118],[121.95037684,24.988327],[121.95317644,24.98800581],[121.95363488,24.9883241],[121.95549815,24.98830024],[121.95683759,24.98799157],[121.95814546,24.98730484],[121.95976719,24.98836964],[121.96106692,24.9882961],[121.96281176,24.98776383],[121.96405275,24.98555465],[121.96467305,24.98508298],[121.96602789,24.9830844],[121.96729662,24.98270022],[121.96771343,24.9848202],[121.97040501,24.98507852],[121.97093293,24.98461553],[121.97195662,24.98459643],[121.97220819,24.98536469],[121.97473886,24.98529514],[121.976067,24.98881171],[121.97753526,24.99007087],[121.98091538,24.99108312],[121.98387615,24.99055834],[121.98598338,24.99212264],[121.98929109,24.99375057],[121.99065002,24.9957282],[121.99272016,24.99739522],[121.9944534,24.99920032],[121.99667307,25.00076416],[122.00170327,25.00173539],[122.0035798,25.00200135],[122.00515317,25.00155062],[122.00598605,25.00332507],[122.00530668,25.00449428],[122.00529044,25.00579366],[122.00607188,25.00954686],[122.00691854,25.01084891],[122.00605823,25.01146822],[122.00521989,25.01301526],[122.00563828,25.0145322],[122.0051014,25.01558606],[122.00412873,25.01549742],[122.00357019,25.01463467],[122.00280772,25.01443464],[122.00181094,25.01480881],[122.0007169,25.01643998],[121.99990037,25.01842595],[121.99919052,25.01895663],[121.99910708,25.0196163],[121.99817065,25.01966752],[121.99625764,25.01838273],[121.99392629,25.0160228],[121.9931716,25.01425082],[121.99182454,25.01362664],[121.9914463,25.01497302],[121.99227791,25.01647391],[121.99015992,25.02106319],[121.98798995,25.02233673],[121.98301262,25.02492047],[121.97788136,25.02661598],[121.97566909,25.02676163],[121.97364286,25.02656464],[121.96992491,25.02548579],[121.96889436,25.02445883],[121.96691763,25.02392536],[121.96485794,25.02468571],[121.96087492,25.0229925],[121.95869939,25.02296708],[121.95599628,25.02236266],[121.95213607,25.0222384],[121.94966203,25.02161542],[121.94995727,25.02046252],[121.94710156,25.02106527],[121.94474525,25.02261305],[121.94224104,25.02463992],[121.93932858,25.02769397],[121.93454766,25.03236198],[121.9320496,25.03585856],[121.93074847,25.0385982],[121.92952788,25.03981599],[121.92895464,25.04099861],[121.92967817,25.04157633],[121.92898635,25.04217774],[121.92907387,25.04324534],[121.9301196,25.04379495],[121.93022219,25.0456259],[121.92894529,25.04623863],[121.92906143,25.04762823],[121.9297524,25.05135075],[121.9303962,25.05281777],[121.93156447,25.05411165],[121.93078687,25.05538051],[121.93124322,25.05610639],[121.93065101,25.05991076],[121.93164891,25.06215027],[121.93170893,25.06312439],[121.93067308,25.06498243],[121.93015347,25.06628305],[121.92813897,25.06881982],[121.92844777,25.07086881],[121.92672647,25.07179828],[121.92548973,25.07204242],[121.92373173,25.07317705],[121.92249912,25.07437792],[121.92077781,25.07530742],[121.91984438,25.076302],[121.91665496,25.07597318],[121.91553514,25.07664367],[121.9153526,25.07808245],[121.91686574,25.08140484],[121.91645758,25.08243148],[121.91485298,25.08435114],[121.91440777,25.08548038],[121.91456783,25.08783714],[121.91442599,25.08975081],[121.91602849,25.09197565],[121.91599807,25.09254354],[121.91694506,25.0933717],[121.91736275,25.09425799],[121.91958616,25.09485448],[121.91977735,25.09570776],[121.91971084,25.09768938],[121.91934102,25.09892062],[121.91871274,25.09922576],[121.91855588,25.10022491],[121.91934877,25.10121633],[121.91941975,25.10212534],[121.92049815,25.10333717],[121.92192418,25.10406229],[121.92361509,25.10343645],[121.92408988,25.10391555],[121.92320517,25.10466],[121.92349465,25.10546255],[121.92544777,25.10610366],[121.9258524045246,25.106858421968692],[121.92567192146117,25.109387263685544],[121.92490375,25.11047804],[121.92445911,25.11174359],[121.92319043,25.11328572],[121.92125938,25.11368625],[121.92025606,25.1130665],[121.91859773,25.11251569],[121.91692577,25.11307172],[121.916029,25.11386097],[121.91607104,25.11491957],[121.91693903,25.11617981],[121.91945501,25.11688698],[121.92080769,25.11746224],[121.92085423,25.11957963],[121.92119925,25.12132004],[121.92292993,25.12257675],[121.92413639,25.12404053],[121.92575515824599,25.127067916948896],[121.92621347,25.12891336],[121.92600980798922,25.12967366734933],[121.92401219,25.13012],[121.92224694,25.12954644],[121.92119226,25.12849204],[121.9189044,25.12760701],[121.91839929,25.12771801],[121.91646908,25.12726608],[121.91553262,25.12641647],[121.91503998,25.12438901],[121.91377163,25.12415864],[121.91315469,25.12449087],[121.91176514,25.12417036],[121.91134775,25.1235245],[121.91029922,25.12336116],[121.90812038,25.12393388],[121.90661983,25.12387158],[121.90452131,25.12432396],[121.90442386,25.1232927],[121.90310699,25.12275914],[121.90254827,25.12192758],[121.90075557,25.1207871],[121.89808985,25.12014884],[121.89706507,25.11969762],[121.89502515,25.12037585],[121.89339115,25.12010483],[121.89234269,25.12034402],[121.89213366,25.11974119],[121.89123206,25.11961882],[121.88931825,25.12012701],[121.88898398,25.12103833],[121.88946074,25.12173555],[121.88836114,25.12254975],[121.88628877,25.12248502],[121.88591205,25.12288188],[121.88435689,25.12332723],[121.88301372,25.12404687],[121.88257617,25.12359361],[121.88116726,25.12373932],[121.87931615,25.12308219],[121.87788332,25.12357116],[121.87740684,25.1250471],[121.87598384,25.12556498],[121.87474585,25.12485763],[121.87372164,25.12539221],[121.87204375,25.12455406],[121.87150265,25.12380336],[121.87057684,25.12433825],[121.87027411,25.12531217],[121.86951851,25.12522716],[121.86850339,25.12314526],[121.86503423,25.12314754],[121.86405086,25.12421241],[121.86262363,25.12430478],[121.86284062,25.1253657],[121.86240866,25.12578176],[121.8611276,25.1254735],[121.86063116,25.12458481],[121.85910283,25.12488103],[121.85607565,25.12481438],[121.85265706,25.12617039],[121.85000707,25.12674626],[121.84893975,25.12725444],[121.84708786,25.12735041],[121.84534742,25.12715213],[121.84471168,25.12760225],[121.84286145,25.127824],[121.84277589,25.12853915],[121.84185213,25.12885925],[121.83944607,25.12806715],[121.8390148,25.12858715],[121.83782977,25.12822732],[121.83651389,25.12844538],[121.83576274,25.12818198],[121.83494871,25.128521],[121.83409395,25.12827532],[121.8342789,25.12754039],[121.83374316,25.1270116],[121.8325748,25.12748982],[121.83151793,25.12728235],[121.83027218,25.12779645],[121.82849092,25.12728592],[121.82914024,25.12601875],[121.82909873,25.12527388],[121.82956318,25.12437706],[121.82839602,25.12297141],[121.8274057,25.12261322],[121.82564015,25.12254811],[121.82539234,25.12173385],[121.82252933,25.12144317],[121.82105993,25.12240309],[121.81987009,25.12422535],[121.81909093,25.12681654],[121.8194135,25.12863694],[121.81975645,25.12936337],[121.82170587,25.13054325],[121.82193061,25.13259223],[121.8230612,25.13251434],[121.82581773,25.13469844],[121.82624854,25.13610941],[121.82414327,25.13595027],[121.8218644,25.136036],[121.81983299,25.13482372],[121.81806913,25.13425519],[121.81541443,25.1347613],[121.81386124,25.13408549],[121.81176782,25.13371686],[121.81041725,25.13310254],[121.80899916,25.13371679],[121.8073786,25.13469971],[121.80683847,25.13562121],[121.80350023,25.13620576],[121.80251829,25.13433245],[121.80391052,25.13354896],[121.80413768,25.13284908],[121.8053449,25.1311227],[121.80531765,25.12934784],[121.80423372,25.12848012],[121.8038474,25.12723149],[121.80498407,25.12579418],[121.80485847,25.12506618],[121.80360651,25.12384172],[121.80316546,25.12222335],[121.80236084,25.12176937],[121.80070077,25.12305635],[121.79979961,25.12312578],[121.79890459,25.12437644],[121.7980888,25.12429312],[121.79761217,25.12502074],[121.79626308,25.12539503],[121.79464677,25.12641926],[121.79424377,25.12529025],[121.79452969,25.12420967],[121.79419731,25.12335271],[121.79625857,25.12170846],[121.79706861,25.12128547],[121.79760831,25.11982115],[121.79883341,25.11933699],[121.79872263,25.1184294],[121.79757502,25.1177218],[121.79793494,25.11611807],[121.79759767,25.11506665],[121.79775892,25.1143165],[121.79568032,25.11374647],[121.79467238,25.11257459],[121.79291782,25.11290334],[121.79159317,25.11276337],[121.79014729,25.1122657],[121.78937023,25.11306279],[121.78724386,25.11588722],[121.78601658,25.11812067],[121.78498278,25.11778911],[121.78352666,25.11659697],[121.78055741,25.11765777],[121.77938792,25.11757375],[121.77716045,25.11861844],[121.77610154,25.11860224],[121.77489659,25.11989542],[121.77369097,25.12027909],[121.77296592,25.12011035],[121.77155781,25.11852191],[121.7714069,25.11749673],[121.77048008,25.11680516],[121.76971898,25.11496817],[121.7686969,25.11411093],[121.76798329,25.11394783],[121.7668991,25.11252615],[121.76545391,25.11324976],[121.76327696,25.11344518],[121.7614438,25.11239239],[121.75938173,25.11259012],[121.75756853,25.11099411],[121.75700832,25.11013124],[121.75582542,25.11057867],[121.75488478,25.11041966],[121.75394198,25.11071866],[121.75177446,25.11100053],[121.75002448,25.1097261],[121.75007044,25.1091644],[121.75088198,25.10774612],[121.75288951,25.10716069],[121.75388828,25.10867656],[121.75483878,25.10878639],[121.75604915,25.10840947],[121.75680651,25.10710727],[121.75739752,25.10663557],[121.7572509,25.1053506],[121.75745438,25.10413727],[121.75801891,25.10337004],[121.75749101,25.10270974],[121.75669101,25.10275527],[121.75676868,25.10188757],[121.75960141,25.10078634],[121.75929119,25.09756576],[121.75943751,25.09628687],[121.75835633,25.09477785],[121.75849636,25.09341361],[121.75897881,25.09188562],[121.75981232,25.09024273],[121.75917793,25.08866827],[121.75913457,25.08780972],[121.75957301,25.08677915],[121.7591209,25.08447893],[121.76002335,25.08102486],[121.76167779,25.07839354],[121.76387854,25.07864509],[121.76708246,25.07877387],[121.76844752,25.07847528],[121.76941307,25.07790612],[121.77130634,25.07614111],[121.77215815,25.07412484],[121.77363619,25.07306845],[121.77456403,25.07137668],[121.77569486,25.07000011],[121.77454992,25.06841337],[121.77304572,25.06683907],[121.77214698,25.0638163],[121.77171945,25.06320878],[121.76999913,25.06348833],[121.7673408,25.06182716],[121.76590581,25.05999022],[121.76480463,25.05954549],[121.76467873,25.05851097],[121.76402485,25.05744466],[121.76232884,25.0569828],[121.76182672,25.05776941],[121.76055171,25.05796327],[121.75928559,25.05945176],[121.75794138,25.0590227],[121.75670077,25.05925428],[121.75558397,25.05828892],[121.75214643,25.05761926],[121.75082082,25.05704058],[121.74914114,25.05540288],[121.74817416,25.0550502],[121.74761913,25.05371957],[121.74668694,25.05357951],[121.74590453,25.05299745],[121.74371025,25.05312902],[121.74292295,25.05249064],[121.74235603,25.05293625],[121.73978749,25.05306114],[121.73939157,25.05366226],[121.73783024,25.05465929],[121.73722011,25.05473826],[121.73599392,25.05424701],[121.73479444,25.05415909],[121.73280453,25.05332552],[121.73229247,25.05276996],[121.73005332,25.05335329],[121.7296638,25.05400591],[121.72838911,25.05475656],[121.72693308,25.056721],[121.72619942,25.05811983],[121.72555532,25.05841833],[121.72269334,25.05846898],[121.72213294,25.05889392],[121.72198319,25.06011426],[121.72079817,25.06042092],[121.71899638,25.06164314],[121.71781546,25.06381793],[121.71673482,25.06456638],[121.71497401,25.06639283],[121.71236064,25.06803685],[121.71066926,25.06802531],[121.7092863,25.0676937],[121.70686838,25.06659006],[121.70524755,25.06692742],[121.70425857,25.06793208],[121.70238575,25.06778371],[121.70038389,25.06733912],[121.69935046,25.06744997],[121.69737487,25.06945229],[121.69648047,25.07009913],[121.69495847,25.07000167],[121.6916401,25.07045869],[121.69006297,25.07175279],[121.68841204,25.07174127],[121.68775702,25.07238719],[121.68577803,25.07351434],[121.68479516,25.07454106],[121.68385099,25.0748726],[121.68149536,25.07704287],[121.68040399,25.07706263],[121.68019877,25.07809208],[121.67921626,25.07854134],[121.67896112,25.07946503],[121.67969952,25.08000834],[121.6804859,25.08188606],[121.67986223,25.08374441],[121.68020524,25.08450066],[121.68153262,25.08441989],[121.68172797,25.0871144],[121.68120199,25.08802323],[121.68056184,25.08827995],[121.67860952,25.08724884],[121.67678036,25.08522583],[121.67496399,25.08344262],[121.6740213,25.08292258],[121.67249598,25.08382276],[121.66950972,25.08506118],[121.6690333,25.08560189],[121.66790465,25.08576021],[121.66681582,25.08681355],[121.66636023,25.08799794],[121.66491251,25.08872283],[121.66427645,25.0894338],[121.663067,25.08961356],[121.66193404,25.08935194],[121.66123045,25.08995134],[121.66090203,25.09088843],[121.66011217,25.09082207],[121.65837561,25.09158241],[121.65765575,25.09274888],[121.65568545,25.09361575],[121.65617558,25.09456057],[121.65536688,25.09562132],[121.6534632,25.09631832],[121.65292682,25.09733753],[121.65208489,25.09792452],[121.65106447,25.09818138],[121.65057192,25.09872448],[121.6507254,25.099805],[121.65037344,25.10054305],[121.64892977,25.10190954],[121.65022701,25.10336238],[121.65167394,25.10342807],[121.65222584,25.10468189],[121.65163533,25.10614822],[121.65047154,25.10807625],[121.65015029,25.10964203],[121.64935747,25.11009001],[121.64881985,25.11117419],[121.6476593,25.11189474],[121.64622925,25.11362808],[121.64574159,25.11540687],[121.64602242,25.11591335],[121.6459575,25.11829877],[121.64567733,25.11903527],[121.64625031,25.12004244],[121.64623558,25.12105618],[121.64510092,25.12151284],[121.64467915,25.12220079],[121.64489208,25.12337226],[121.6443698,25.12501731],[121.64302464,25.12782956],[121.641811,25.12808461],[121.64076754,25.12959486],[121.63793915,25.13082225],[121.63464784,25.13046803],[121.633056,25.13109408],[121.63264903,25.13222292],[121.62866098,25.13468024],[121.62784868,25.13609773],[121.62775922,25.13716985],[121.62678621,25.13964283],[121.62679079,25.13973876],[121.62930091,25.14176213],[121.63100122,25.14256885],[121.63205162,25.14261668],[121.63452294,25.14389614],[121.6355029,25.14354116],[121.63675974,25.14361803],[121.63885533,25.14439487],[121.63956502,25.14568631],[121.64238889,25.14496718],[121.6440052,25.14575514],[121.64627021,25.14576968],[121.64910486,25.14494722],[121.64986302,25.14510162],[121.65114339,25.147041],[121.65144843,25.14796529],[121.65201105,25.14841526],[121.65298668,25.14825159],[121.65577896,25.14921667],[121.6566613,25.15008303],[121.65722003,25.15143026],[121.65811953,25.15215537],[121.66106393,25.15214482],[121.66231513,25.15260194],[121.66381718,25.15219372],[121.66595546,25.15291739],[121.6675923,25.15292651],[121.66918879,25.15339986],[121.66962219,25.15462441],[121.67045133,25.15478659],[121.67146189,25.15556673],[121.67411442,25.15543315],[121.67576641,25.15575398],[121.67635992,25.15546547],[121.67765027,25.1558113],[121.67839503,25.15743607],[121.68133875,25.15928565],[121.68250438,25.15925993],[121.68331145,25.16064481],[121.68482184,25.16010559],[121.68532793,25.16060916],[121.68759036,25.16188977],[121.68785175,25.16279544],[121.68882372,25.1640927],[121.68955931,25.16400649],[121.69106737,25.16481796],[121.69128603,25.16632694],[121.69271118,25.16635642],[121.69496747,25.16667446],[121.69565226,25.16645107],[121.69653026,25.16717107],[121.69754119,25.16677747],[121.69894002,25.16721979],[121.69911104,25.16893739],[121.70046567,25.16890699],[121.70094929,25.16934851],[121.70104299,25.17070574],[121.70219335,25.17254584],[121.70223954,25.17352037],[121.70347318,25.17367059],[121.7039841,25.17406404],[121.70597365,25.17382858],[121.7070219,25.17419422],[121.7090207,25.17564312],[121.70931083,25.17598065],[121.70964946,25.1765653]],[[121.55205976,25.19811245],[121.55222681,25.19834253],[121.55263991,25.19906132],[121.55259189,25.20090236],[121.55198051,25.20149193],[121.55173618,25.2016651],[121.55149751,25.20211027],[121.55179304,25.20360238],[121.55296589,25.20410364],[121.55310737,25.20420024],[121.55324087,25.20487157],[121.55327877,25.20497635],[121.55357398,25.20530849],[121.55371499,25.20544524],[121.55430713,25.20617952],[121.55500147,25.20843273],[121.55681841,25.208682],[121.55834052,25.20976106],[121.55974158,25.2101752],[121.56109711,25.20974108],[121.56141353,25.20966913],[121.56190559,25.20960992],[121.56224378,25.20957803],[121.56274294,25.20929029],[121.56298935,25.20747351],[121.56347958,25.20583556],[121.56395272,25.20528042],[121.56411319,25.20512558],[121.56463243,25.2038204],[121.56474542,25.20339833],[121.56505235,25.2024079],[121.56509646,25.20222849],[121.5648923,25.20094377],[121.56598074,25.19977178],[121.5668066,25.19944415],[121.56733326,25.19929285],[121.56888493,25.19843494],[121.56993187,25.19829081],[121.57094689,25.19728785],[121.57087312,25.19670695],[121.57081057,25.19656309],[121.5717422,25.19538763],[121.57215609,25.1953197],[121.57240422,25.19521125],[121.5731802,25.19497962],[121.57587159,25.19555641],[121.5772369,25.19527083],[121.57774636,25.1947405],[121.57801871,25.19465125],[121.57852752,25.19452025],[121.57886219,25.19429029],[121.58053913,25.19535273],[121.58305227,25.19500777],[121.58344049,25.19477521],[121.58360662,25.19468421],[121.58269603,25.19309686],[121.58353546,25.19233918],[121.58398894,25.1887933],[121.58291963,25.18842419],[121.58286542,25.18744719],[121.58269995,25.18733667],[121.58209221,25.18680219],[121.58204894,25.18668451],[121.58184346,25.18579764],[121.58268396,25.18469887],[121.58274563,25.18451341],[121.5824966,25.18366721],[121.58180056,25.18348373],[121.58092326,25.18207459],[121.58126587,25.18045037],[121.58216187,25.17980075],[121.58220559,25.17897178],[121.58345445,25.1770867],[121.58350051,25.17688934],[121.58299334,25.17557983],[121.58171112,25.17379333],[121.58013822,25.17242053],[121.57928198,25.17192627],[121.57839489,25.17085183],[121.57728863,25.16995528],[121.57737417,25.16861793],[121.57701827,25.16728099],[121.57701323,25.16714059],[121.57779418,25.16631686],[121.57848951,25.16578454],[121.579928,25.16542733],[121.58124169,25.16551894],[121.58201648,25.16544428],[121.58260383,25.16551557],[121.58289399,25.16573116],[121.58358914,25.16505939],[121.58448473,25.1648431],[121.58638475,25.1635112],[121.58748415,25.1633519],[121.58767243,25.16323692],[121.58844463,25.16299832],[121.5893632,25.16350761],[121.58965337,25.16368991],[121.59045833,25.16132301],[121.59053886,25.16027805],[121.59178247,25.15757944],[121.5915396,25.15698587],[121.59183259,25.15603579],[121.59165354,25.15526713],[121.59158495,25.15511899],[121.59081859,25.15466649],[121.59037778,25.15330761],[121.58985945,25.15289169],[121.58965456,25.15279455],[121.58970061,25.15211508],[121.59008839,25.15189663],[121.59214277,25.15089544],[121.59249052,25.15088428],[121.59372271,25.15005041],[121.59380217,25.14976077],[121.59390793,25.14805611],[121.59539702,25.14631065],[121.59600393,25.14476099],[121.59575983,25.14358423],[121.59674315,25.14275771],[121.59817377,25.14103324],[121.59838242,25.14030876],[121.6006288,25.13927427],[121.60120492,25.13859256],[121.60146899,25.13825309],[121.6016563,25.13790459],[121.60339637,25.13706059],[121.60406654,25.13617824],[121.60510376,25.13697552],[121.60534842,25.13620563],[121.60533677,25.13607012],[121.60459301,25.13429597],[121.6045869,25.1341307],[121.60486217,25.13272458],[121.60455652,25.13106752],[121.60458269,25.13085566],[121.60779296,25.13022965],[121.60782362,25.13020482],[121.60777988,25.13002758],[121.60753614,25.12920647],[121.60467968,25.12640963],[121.60460022,25.12610459],[121.60425306,25.12582014],[121.60409544,25.12574913],[121.60345396,25.12550314],[121.60321506,25.12569381],[121.60272512,25.12620003],[121.60171048,25.12602818],[121.60115976,25.12432769],[121.60116689,25.12321436],[121.600758,25.12184979],[121.59996581,25.12054656],[121.59980275,25.12033532],[121.59970949,25.12033136],[121.59946713,25.12042484],[121.59935246,25.12042217],[121.59916659,25.12034308],[121.59831059,25.11849502],[121.59821227,25.11819149],[121.59813135,25.11800952],[121.59741611,25.11671149],[121.59749253,25.11621508],[121.59598038,25.11423597],[121.59562566,25.11415114],[121.59553983,25.11398298],[121.59559306,25.11327667],[121.59578792,25.11308018],[121.59640095,25.11213129],[121.59656661,25.11116477],[121.5968556,25.11077825],[121.59748229,25.10951129],[121.59959075,25.10843398],[121.6001753,25.10858726],[121.60202552,25.10840246],[121.6047489,25.10735533],[121.60569845,25.10732358],[121.60609385,25.1073071],[121.60798754,25.10676033],[121.60860928,25.10635805],[121.60886493,25.10619534],[121.61092511,25.10501765],[121.61133727,25.10487675],[121.61384352,25.10449493],[121.61565926,25.10360727],[121.61586614,25.1033542],[121.61616753,25.10309698],[121.6163088,25.10283751],[121.61634828,25.10274534],[121.61645487,25.10255161],[121.61721591,25.10144108],[121.61735715,25.10117817],[121.6184328,25.10054988],[121.62168111,25.09809569],[121.62177195,25.09790757],[121.62215006,25.09732025],[121.62327719,25.0969312],[121.62437859,25.09707965],[121.62457554,25.09709926],[121.62574784,25.09679005],[121.62598072,25.09647409],[121.62624651,25.09587997],[121.62535885,25.09510929],[121.62505499,25.09366978],[121.62631081,25.09146906],[121.62597682,25.09051889],[121.62779879,25.08861489],[121.62798075,25.08845445],[121.62832671,25.08696063],[121.62843891,25.08676882],[121.62860649,25.08647424],[121.62779423,25.08510583],[121.6275676,25.0848409],[121.62800928,25.08353196],[121.62787949,25.08304767],[121.62778319,25.08282852],[121.62741466,25.08231837],[121.62722558,25.08222405],[121.62592857,25.08195383],[121.62530055,25.08116993],[121.62514999,25.08103272],[121.62413906,25.07998561],[121.62452006,25.07923866],[121.62447702,25.07903253],[121.62394205,25.07871018],[121.62386246,25.07860087],[121.62387916,25.07833666],[121.62394808,25.07820848],[121.62408821,25.07812772],[121.6248891,25.07873293],[121.62501897,25.07883136],[121.62447493,25.0775288],[121.62421686,25.07745936],[121.62340382,25.07727212],[121.62319069,25.07582354],[121.62276451,25.07466201],[121.62174597,25.07485702],[121.62069058,25.07339255],[121.62060377,25.07281078],[121.62064538,25.07263402],[121.62125869,25.07185011],[121.62152058,25.06961657],[121.62146249,25.0695523],[121.61762406,25.06704324],[121.61778937,25.06680566],[121.617947,25.06619849],[121.61792298,25.06609289],[121.61771568,25.06510812],[121.61755538,25.06518731],[121.61714275,25.06580709],[121.61703421,25.06589202],[121.61612305,25.06392234],[121.61701718,25.06360453],[121.61717118,25.06356207],[121.61732895,25.0634955],[121.61882594,25.06290674],[121.61913769,25.0627254],[121.62076697,25.06135958],[121.6216465,25.06033808],[121.62249924,25.05844198],[121.62400191,25.05625779],[121.62409527,25.05610054],[121.62405838,25.05523858],[121.62283536,25.05556341],[121.6225817,25.05572525],[121.62164154,25.05651491],[121.62051689,25.05665149],[121.62029439,25.05552325],[121.62093783,25.05446502],[121.62058021,25.05311067],[121.61940497,25.0528352],[121.61898332,25.05265155],[121.61816528,25.05229919],[121.61629794,25.05055571],[121.61622441,25.04937698],[121.61627104,25.04911874],[121.61645365,25.04815104],[121.61705985,25.04719064],[121.61715865,25.0469856],[121.61737782,25.04659023],[121.61754506,25.04629741],[121.61915983,25.04340069],[121.61925813,25.04327481],[121.61971448,25.04291648],[121.6199338,25.04266912],[121.6204515,25.04188232],[121.62053319,25.04173248],[121.62089584,25.04119595],[121.62103137,25.04101125],[121.62170305,25.04025643],[121.62185284,25.04011521],[121.62289403,25.03979444],[121.62529328,25.03767017],[121.62544124,25.03772974],[121.62612579,25.03791562],[121.62788197,25.03715858],[121.62821644,25.03709727],[121.62947254,25.03673106],[121.62995922,25.03626],[121.63013362,25.0351548],[121.63289646,25.03584407],[121.63347006,25.03574247],[121.63406427,25.03479896],[121.63426216,25.03475767],[121.63473854,25.03500641],[121.63807114,25.03359406],[121.63956531,25.03229304],[121.63968846,25.03221427],[121.64309207,25.03068661],[121.64322352,25.03053318],[121.64363468,25.03048494],[121.64376569,25.03044747],[121.64404082,25.02990865],[121.64584132,25.02944728],[121.6469189,25.02797864],[121.64797131,25.02863962],[121.64884844,25.02791484],[121.64939909,25.02813441],[121.64959296,25.02806098],[121.65034996,25.02765946],[121.65067877,25.02774712],[121.65095177,25.02779608],[121.65116755,25.02778681],[121.65132126,25.0277469],[121.65152738,25.02779852],[121.65169352,25.02808458],[121.65183539,25.02815264],[121.65323671,25.02747878],[121.65431258,25.02788702],[121.6544295,25.02782207],[121.6553698,25.02763299],[121.65560251,25.02769593],[121.65681357,25.02794496],[121.65697839,25.02804618],[121.65794741,25.02903705],[121.65813419,25.02910675],[121.66079276,25.03044868],[121.66145406,25.03047306],[121.66397133,25.02996],[121.66481154,25.02954798],[121.66538406,25.02978135],[121.66549594,25.02986548],[121.66562545,25.02908074],[121.66553392,25.02892997],[121.66490126,25.02815053],[121.66514551,25.02646033],[121.66530135,25.02615262],[121.66488001,25.02461736],[121.66451655,25.02440971],[121.66434714,25.02418408],[121.66404648,25.02317699],[121.66283189,25.02275234],[121.66228409,25.02283548],[121.66177539,25.02294841],[121.66134411,25.02306412],[121.66079965,25.02337322],[121.65848912,25.02346484],[121.65838201,25.02347612],[121.65822741,25.02357583],[121.65773012,25.02325248],[121.65609848,25.02383472],[121.65549544,25.02370274],[121.65380924,25.02442302],[121.65273936,25.02414102],[121.65252833,25.02410894],[121.6522956,25.02404255],[121.65210203,25.02397937],[121.65017615,25.02401563],[121.64951226,25.0236693],[121.6494081,25.02357574],[121.64888472,25.02304305],[121.64869236,25.02289552],[121.64857232,25.02283853],[121.64826554,25.0227478],[121.64769248,25.02235119],[121.6473989,25.02212934],[121.64611128,25.02176324],[121.6459859,25.02189483],[121.64577378,25.02232109],[121.64568159,25.02253418],[121.64541915,25.02298021],[121.64529769,25.02313936],[121.64513592,25.02327977],[121.64499848,25.02347685],[121.64277796,25.02450308],[121.6425463,25.02440796],[121.64119482,25.02374405],[121.6410223,25.02362219],[121.640248,25.0235416],[121.6401055,25.02356078],[121.63726919,25.02389701],[121.63705382,25.02378458],[121.63560378,25.02345982],[121.63563162,25.02364793],[121.63305807,25.02529641],[121.63284892,25.02541978],[121.63244035,25.02562973],[121.63220078,25.02560307],[121.63093021,25.02472914],[121.63026448,25.02322725],[121.63026189,25.02310941],[121.63030363,25.02277551],[121.63031159,25.02261809],[121.6295518,25.02113912],[121.62942361,25.0210089],[121.62898519,25.0199986],[121.6282052,25.01955428],[121.62787512,25.01950816],[121.62702442,25.01958045],[121.6261663,25.01862413],[121.62493516,25.01818388],[121.62453487,25.01803333],[121.62423531,25.01790721],[121.62387671,25.01771655],[121.62300597,25.0172647],[121.62270724,25.01730866],[121.62061541,25.01835425],[121.61899557,25.01815305],[121.61850638,25.0182677],[121.61824413,25.01833245],[121.61791152,25.01832],[121.61738953,25.0184518],[121.61606948,25.01970299],[121.61349421,25.01915415],[121.6087289,25.02050431],[121.60820209,25.01944057],[121.60432329,25.01910108],[121.60411767,25.01908992],[121.60353397,25.01799335],[121.60351487,25.01781099],[121.60305173,25.0168111],[121.6027006,25.01514698],[121.60229455,25.01498229],[121.60188388,25.01502999],[121.60075243,25.01481653],[121.597518,25.01478216],[121.59724477,25.01435251],[121.59747529,25.0130481],[121.59649938,25.01193016],[121.59601037,25.00971833],[121.59563212,25.00716022],[121.59597874,25.00602945],[121.59585481,25.00486299],[121.59622861,25.00430136],[121.59707786,25.00455474],[121.59788026,25.00414502],[121.59970787,25.00248836],[121.60054859,25.0007113],[121.60052737,24.99851224],[121.5996993,24.99761014],[121.5995983,24.99640604],[121.59874952,24.99588126],[121.598131,24.99449697],[121.59844199,24.9936476],[121.59926704,24.99312181],[121.59905344,24.99175162],[121.59975727,24.99117445],[121.60186588,24.99044652],[121.60185544,24.98797373],[121.60051567,24.98726071],[121.59987325,24.98647863],[121.59992446,24.98508155],[121.60039694,24.98310902],[121.60029707,24.98242105],[121.60065575,24.98031685],[121.60028818,24.9794723],[121.59932419,24.97868513],[121.60017929,24.97694126],[121.60210292,24.97594533],[121.60283306,24.97590946],[121.60447454,24.97508953],[121.60510744,24.97443335],[121.60825237,24.97450552],[121.60868598,24.97478484],[121.61007495,24.97424277],[121.61124409,24.97460986],[121.61239505,24.97375647],[121.61341779,24.97337715],[121.61413669,24.97359695],[121.616189,24.97167532],[121.61774721,24.97087409],[121.61918532,24.97060148],[121.61998937,24.96952974],[121.61956008,24.96862065],[121.61963487,24.96716031],[121.6178413,24.96689185],[121.61706632,24.96748372],[121.61493896,24.96617471],[121.61365825,24.96643919],[121.61205491,24.96537955],[121.61119968,24.96532078],[121.60941288,24.96423343],[121.60846632,24.96319323],[121.60524627,24.96300249],[121.60339037,24.96226938],[121.60215247,24.96120223],[121.60107075,24.9608813],[121.59995121,24.96126724],[121.59849471,24.96126121],[121.59706856,24.96050584],[121.59597865,24.96121659],[121.59482258,24.96158635],[121.59338763,24.96421303],[121.59196435,24.9639419],[121.59116048,24.96460837],[121.59000898,24.96386948],[121.58860633,24.96335276],[121.58806643,24.96368573],[121.58572377,24.96320512],[121.58439936,24.96459245],[121.58219227,24.96476744],[121.58050853,24.9654054],[121.57862857,24.96658997],[121.57735841,24.96648237],[121.57551823,24.96687649],[121.57454872,24.96684563],[121.57433741,24.96528791],[121.57297352,24.96411862],[121.57206477,24.96401567],[121.57038308,24.96444586],[121.56841391,24.96406843],[121.56633781,24.96396483],[121.56507048,24.96407973],[121.5643591,24.96464406],[121.56306518,24.96479211],[121.5612106,24.96471218],[121.55954205,24.96675437],[121.55847023,24.96853705],[121.5574683,24.97226157],[121.55608911,24.97338315],[121.55602024,24.9740909],[121.5551958,24.97653699],[121.55410161,24.97689254],[121.55367128,24.97742435],[121.55317162,24.97903446],[121.55304609,24.980754],[121.55344558,24.98286764],[121.55390504,24.98436529],[121.55376164,24.98521639],[121.55261814,24.98670305],[121.55149956,24.9873844],[121.55084067,24.9872288],[121.55102754,24.98587757],[121.55078002,24.98526581],[121.54902644,24.98376327],[121.54710406,24.98327809],[121.54485282,24.98378143],[121.54415563,24.98505405],[121.54480341,24.98702917],[121.54385924,24.98827856],[121.54001385,24.9877498],[121.53818629,24.98799543],[121.53684577,24.9887292],[121.53658108,24.98972468],[121.5370992,24.99153108],[121.53688962,24.99279971],[121.53625279,24.99408504],[121.53501267,24.99507132],[121.53434579,24.99331978],[121.53316517,24.99186648],[121.53169047,24.99050822],[121.53169806,24.99184369],[121.53136974,24.99256411],[121.53174779,24.99320425],[121.53163651,24.99473011],[121.53050603,24.99801168],[121.53121387,25.00036725],[121.53162147,25.00119704],[121.53337541,25.00253338],[121.53385921,25.00360403],[121.532624,25.00578139],[121.53214295,25.00812768],[121.53086037,25.00965935],[121.5296114,25.00997035],[121.52931271,25.01000553],[121.52919049,25.01002352],[121.52899405,25.01006839],[121.52861907,25.01019131],[121.52839026,25.01029263],[121.52652554,25.01125158],[121.52624571,25.01144621],[121.52574564,25.01187646],[121.5255209,25.01218442],[121.52462407,25.01336572],[121.52443776,25.01358503],[121.52398392,25.01412633],[121.52372514,25.01443795],[121.52206213,25.01691104],[121.52193107,25.01709786],[121.52161654,25.01754644],[121.52149644,25.01768037],[121.52028033,25.01885904],[121.51794642,25.02019852],[121.51761301,25.02031999],[121.51580454,25.02090643],[121.51554781,25.02099069],[121.51432578,25.02138518],[121.51407258,25.02143612],[121.5129263,25.02167054],[121.51269818,25.02170066],[121.5125508,25.02173142],[121.51237935,25.0217474],[121.5119585,25.02181659],[121.51179317,25.02180843],[121.5116809,25.02180912],[121.51144519,25.02183698],[121.50998412,25.02164394],[121.50971221,25.02155376],[121.50785276,25.02035335],[121.50753527,25.02008309],[121.50613223,25.01879229],[121.50406641,25.01649021],[121.50152852,25.0132189],[121.50026574,25.01195527],[121.49910517,25.01112318],[121.49632019,25.00960131],[121.49451117,25.00920365],[121.49423106,25.00918938],[121.49265123,25.00952839],[121.4918222,25.01081074],[121.49167026,25.01106602],[121.49026476,25.012832],[121.48954757,25.01347294],[121.48949272,25.01364885],[121.48869286,25.0156166],[121.48868693,25.0157657],[121.48865571,25.01625786],[121.48865311,25.01636566],[121.48852744,25.01745144],[121.48853293,25.01760733],[121.48839453,25.02087288],[121.48839114,25.02102427],[121.48879477,25.02334919],[121.48757999,25.02606242],[121.4871907,25.02747215],[121.48706679,25.02754896],[121.4864786,25.0285395],[121.48629375,25.02894196],[121.48572832,25.02998915],[121.48551946,25.03035363],[121.48493104,25.03147776],[121.4839066,25.03415855],[121.48363299,25.03532551],[121.48363262,25.03566561],[121.48365753,25.03630126],[121.48371837,25.03655096],[121.48397467,25.0373591],[121.48509145,25.03911478],[121.48589297,25.03986657],[121.48601824,25.04001817],[121.48881201,25.04257089],[121.4917529,25.04288528],[121.49194456,25.04288936],[121.49226215,25.04288088],[121.49564922,25.04296144],[121.50023822,25.04513442],[121.50038547,25.04524239],[121.50084314,25.04558287],[121.50115793,25.04581135],[121.50199763,25.04678188],[121.50209554,25.04690701],[121.5022308,25.04708182],[121.50240937,25.04728553],[121.50466439,25.04979554],[121.50572734,25.05214447],[121.50578613,25.05229607],[121.50595978,25.05280247],[121.50606719,25.05312858],[121.50631792,25.05481693],[121.50634428,25.05526446],[121.50629855,25.05620515],[121.5062008,25.05642979],[121.50552893,25.05807798],[121.50540378,25.05942923],[121.5054185,25.05956006],[121.50547907,25.0599503],[121.50551997,25.06017872],[121.50559316,25.06056555],[121.50574047,25.06103633],[121.50660365,25.06403413],[121.50672238,25.06437175],[121.50686089,25.06573558],[121.50689006,25.06642933],[121.50692768,25.06732203],[121.50693562,25.06767565],[121.50694999,25.06785904],[121.50695528,25.07108763],[121.50633035,25.07302847],[121.50630706,25.07322109],[121.5060357,25.07484381],[121.50588756,25.07529555],[121.50485091,25.07770818],[121.50479054,25.07784464],[121.50469942,25.07804284],[121.50464458,25.0781907],[121.5045552,25.07845669],[121.50441203,25.07892565],[121.50361664,25.08094424],[121.50344492,25.081288],[121.5030658,25.08206262],[121.50294622,25.08230441],[121.50213907,25.08376971],[121.50195126,25.08403193],[121.50018546,25.08663723],[121.49996334,25.08695671],[121.49921784,25.08781392],[121.49511059,25.09138928],[121.49491675,25.09157228],[121.49356444,25.09265697],[121.49330612,25.092865],[121.49069541,25.09519423],[121.49054461,25.09534407],[121.49026833,25.09562204],[121.49008708,25.09580967],[121.48873997,25.09714226],[121.4867329,25.0983487],[121.48651097,25.0985],[121.48594109,25.09881395],[121.4858226,25.09885976],[121.48545579,25.09898684],[121.4853121,25.09902689],[121.4838095,25.09961207],[121.48358636,25.09970713],[121.48106864,25.10087877],[121.48040818,25.1010037],[121.48008678,25.1010627],[121.47982334,25.1011067],[121.47953093,25.10116451],[121.47810029,25.10140304],[121.47789982,25.10141366],[121.47730218,25.10144554],[121.47707142,25.10144818],[121.47679655,25.10146006],[121.47644098,25.10147321],[121.47144269,25.10159992],[121.47108833,25.10159011],[121.46896617,25.10162877],[121.46852737,25.1016363],[121.46637617,25.10165776],[121.46357039,25.10267616],[121.46111101,25.1040716],[121.46084286,25.10425902],[121.4582155,25.10619566],[121.45732345,25.10710146],[121.4571867,25.10865082],[121.45831445,25.11170762],[121.45905099,25.11280703],[121.45919283,25.11306042],[121.46092729,25.11619879],[121.46056495,25.11734666],[121.46049108,25.11757628],[121.45935753,25.12192467],[121.45878547,25.12294261],[121.46068924,25.1229578],[121.46087464,25.12296327],[121.46141332,25.12303134],[121.46155106,25.12314359],[121.46223911,25.12361197],[121.4627016,25.12369981],[121.46384588,25.12390679],[121.46465536,25.1245181],[121.46457952,25.12462809],[121.46472794,25.12550793],[121.46429049,25.12757618],[121.4647339,25.12845646],[121.46542524,25.13096793],[121.46550165,25.13124328],[121.46560194,25.13155194],[121.46659317,25.13278168],[121.46781038,25.13385232],[121.46792859,25.13401536],[121.46885633,25.13551679],[121.46907784,25.13573386],[121.47034489,25.13645134],[121.47059551,25.13660653],[121.47195641,25.13773127],[121.47239936,25.13892234],[121.47301696,25.1397398],[121.47485402,25.14114961],[121.47654919,25.14297673],[121.47709059,25.14414734],[121.47727078,25.14421182],[121.47824919,25.14495645],[121.47847708,25.14514488],[121.47964679,25.14611112],[121.4798596,25.14627428],[121.48088571,25.14716002],[121.4810342,25.14732998],[121.48167737,25.14801102],[121.48231665,25.14938778],[121.48240703,25.14956069],[121.48297184,25.15031359],[121.48308696,25.15039349],[121.48400231,25.15084036],[121.48472725,25.15084694],[121.48644728,25.15077129],[121.48726015,25.15124651],[121.48761981,25.15300404],[121.4881859,25.15375413],[121.48829617,25.15395534],[121.48843827,25.1540648],[121.48863054,25.15425246],[121.48979774,25.1562154],[121.49106141,25.15799488],[121.49134863,25.1584434],[121.49163897,25.1590894],[121.49177654,25.15942272],[121.49239137,25.16041428],[121.49257705,25.16059246],[121.49378351,25.16140506],[121.49404779,25.16155616],[121.49571386,25.16294516],[121.49582214,25.16299366],[121.49616208,25.16314611],[121.49642392,25.16327539],[121.49677768,25.16344279],[121.49701066,25.16353181],[121.49850979,25.16470449],[121.49913466,25.16562917],[121.49967678,25.1675513],[121.50039582,25.16860136],[121.50174529,25.16929372],[121.50193259,25.16985102],[121.50190816,25.16999331],[121.50187029,25.17153044],[121.50215696,25.17178719],[121.50272614,25.1727932],[121.50404769,25.17331941],[121.50452875,25.17331678],[121.505282,25.17286411],[121.50541301,25.1721366],[121.5053441,25.17199866],[121.50567218,25.17116261],[121.50705301,25.17116042],[121.50810586,25.17042264],[121.51041528,25.16943796],[121.51130245,25.16941386],[121.51235108,25.17054989],[121.51324527,25.17098455],[121.5135293,25.17099605],[121.51640101,25.17017728],[121.51785657,25.16994558],[121.51949323,25.16927155],[121.52005421,25.16940239],[121.52017278,25.1696772],[121.52120959,25.17154959],[121.52119391,25.17200616],[121.52121273,25.1722699],[121.5215622,25.17310238],[121.52165587,25.1732745],[121.52255445,25.17468291],[121.52236818,25.1755507],[121.52237938,25.17571636],[121.52201286,25.17657714],[121.52231247,25.17760698],[121.52172654,25.17912108],[121.52177468,25.17917864],[121.52257988,25.17982329],[121.52278377,25.18000317],[121.52299935,25.18021323],[121.52316486,25.18036913],[121.52414075,25.18129036],[121.52450373,25.18163173],[121.52486849,25.18199724],[121.52508827,25.18219477],[121.5259979,25.18297873],[121.52625889,25.18306939],[121.52800099,25.18318737],[121.5282708,25.1831577],[121.5292648,25.18301837],[121.53119685,25.18364308],[121.53328763,25.18358786],[121.53347682,25.18365081],[121.53361645,25.1837936],[121.53375869,25.18390537],[121.53459358,25.18444967],[121.53580351,25.1866741],[121.53719405,25.18702803],[121.53849888,25.18689818],[121.53887593,25.18695888],[121.54069081,25.18715308],[121.54230634,25.18872384],[121.54252315,25.18879217],[121.54262156,25.18878897],[121.54276019,25.18884101],[121.54281296,25.19078099],[121.54275821,25.19096691],[121.5427385,25.19125628],[121.54311721,25.19256771],[121.54315038,25.19289743],[121.54336555,25.19403501],[121.54412958,25.19469391],[121.54428431,25.19485855],[121.54454653,25.19539444],[121.5459871,25.1964019],[121.54631106,25.1969724],[121.54765247,25.19732497],[121.54779056,25.19758257],[121.54905201,25.19812211],[121.54934658,25.19789085],[121.54957556,25.19765599],[121.54986004,25.19742701],[121.55069607,25.19711327],[121.55167751,25.19762682],[121.55185381,25.19774901],[121.55205976,25.19811245]]]},"properties":{"gml_id":"layer_city_boundary_pg.30","Name":"新北市","layer":"市","code":"710200000000","grade":2}},
{"type":"Feature","geometry":{"type":"Polygon","coordinates":[[[121.28337959,25.11781148],[121.27976998,25.11781078],[121.27799403,25.11838746],[121.27130421,25.11959513],[121.26901007,25.11991919],[121.26667588,25.12071011],[121.263814,25.1219764],[121.2616221,25.12240102],[121.2597721,25.12361561],[121.25761357,25.12208412],[121.25637809,25.12161664],[121.25308398,25.12078707],[121.25143085,25.12125922],[121.24980864,25.12142375],[121.249589,25.12022668],[121.24834217,25.11950508],[121.24738003,25.11954452],[121.24688866,25.11894374],[121.24394478,25.11855754],[121.24196205,25.11950994],[121.24143979,25.12204092],[121.23964982,25.12306378],[121.23917597,25.12074422],[121.23960953,25.1156553],[121.23642571,25.11603971],[121.23125824,25.11532229],[121.2293922,25.11519555],[121.22778285,25.11420023],[121.22511153,25.11383738],[121.22328639,25.1132778],[121.22207102,25.11258259],[121.22010547,25.11188912],[121.2166988,25.11164132],[121.21436396,25.11063579],[121.2133911,25.110755],[121.21207367,25.10995925],[121.21139803,25.10876568],[121.20998418,25.10814215],[121.20824233,25.10796769],[121.20625193,25.10669466],[121.2040276,25.10617607],[121.2011793,25.10454266],[121.19945913,25.1047999],[121.19774317,25.10407919],[121.19724343,25.10233681],[121.19590141,25.10214395],[121.19441491,25.10221526],[121.19301783,25.10178461],[121.1914209,25.1007775],[121.18928305,25.09902921],[121.18863521,25.09796015],[121.18711982,25.09725861],[121.18550744,25.09728652],[121.18430163,25.09585184],[121.18136057,25.09512936],[121.17472822,25.09368609],[121.17294642,25.09279583],[121.17215006,25.09179739],[121.17007916,25.09024101],[121.16805721,25.08982108],[121.16460477,25.08737868],[121.16255405,25.0867773],[121.16057984,25.08565135],[121.15717738,25.08439076],[121.15111204,25.08256231],[121.14729529,25.08182086],[121.14586695,25.08109495],[121.14406894,25.08062566],[121.1411844,25.08022085],[121.13910871,25.0796313],[121.13741761,25.07948999],[121.13259962,25.07814073],[121.12500572,25.07680578],[121.1232519,25.07607434],[121.11855099,25.07435925],[121.11506376,25.07327132],[121.1092548,25.07121176],[121.10524854,25.06924576],[121.101007,25.06797772],[121.10022416,25.06762745],[121.09839854,25.06587349],[121.09584437,25.06397312],[121.09394049,25.06284695],[121.09000813,25.06299446],[121.0878731,25.05963062],[121.08748195,25.05770373],[121.08680743,25.05729443],[121.08664232,25.05644436],[121.08471968,25.05601148],[121.08220698,25.05488369],[121.07951032,25.05333812],[121.07643959,25.0518446],[121.07209243,25.04987369],[121.07035239,25.04995413],[121.06815433,25.0491452],[121.06598128,25.04924762],[121.06428945,25.04890057],[121.05894601,25.04745203],[121.05605419,25.04617163],[121.05351761,25.04436326],[121.0519566,25.04352479],[121.04874464,25.0407661],[121.04657597,25.03845226],[121.0437733,25.03465356],[121.04092107,25.03283713],[121.03852875,25.03088744],[121.03625443,25.02860576],[121.03452533,25.02667868],[121.0320351,25.02424138],[121.0309929,25.02285985],[121.02862349,25.02058472],[121.02701896,25.01748942],[121.02536747,25.01461118],[121.02365989,25.01220084],[121.02004356,25.00820282],[121.01926289,25.0068657],[121.01795703,25.00367577],[121.01746956,25.00002115],[121.01714674,24.99834856],[121.01621115,24.99535885],[121.01502643,24.99383858],[121.01433385,24.99260741],[121.01346084,24.99224773],[121.01190111,24.99081388],[121.01045042,24.9908147],[121.00941841,24.99032144],[121.0104405,24.98883127],[121.01224351,24.98876135],[121.01168935,24.98793885],[121.01050031,24.98746819],[121.01120127,24.98410729],[121.01089402,24.98253067],[121.01111219,24.98021356],[121.01099922,24.97835611],[121.00989166,24.97504921],[121.0076893,24.97209579],[121.00560785,24.96975694],[121.00349159,24.96761222],[121.002577,24.96561464],[121.00109435,24.96320097],[120.99841921,24.9585758],[120.99704035,24.95734701],[120.99361593,24.9554895],[120.99193161,24.95385344],[120.99023062,24.95192092],[120.98909302,24.95097472],[120.98645695,24.94827629],[120.98551814,24.94633575],[120.98541588,24.94525327],[120.98476865,24.9436176],[120.98304558,24.94097801],[120.98202546,24.93997647],[120.98587268,24.93922261],[120.98737742,24.93904907],[120.9886434,24.9378378],[120.98990587,24.93603198],[120.99065131,24.93543188],[120.99177854,24.93502957],[120.99273542,24.93508347],[120.99265723,24.93689139],[120.99324797,24.93822054],[120.99419236,24.93913968],[120.99674536,24.93975794],[120.99756548,24.94051778],[120.99905744,24.94092266],[120.99974221,24.94049871],[121.00221818,24.93995889],[121.00312799,24.94025991],[121.00425081,24.94312645],[121.00660644,24.94594165],[121.00743795,24.94603469],[121.00955667,24.94425704],[121.01193048,24.94479772],[121.01267592,24.943145],[121.01596107,24.94159529],[121.01787534,24.9417382],[121.01874128,24.94070553],[121.01936163,24.94041882],[121.02118759,24.94137832],[121.02233617,24.94135758],[121.02593532,24.94056844],[121.02638794,24.94217883],[121.02817708,24.94402737],[121.02877978,24.94509907],[121.02974696,24.94506266],[121.03019836,24.94423829],[121.0309285,24.94393133],[121.03160359,24.94434815],[121.03453339,24.94491084],[121.03694085,24.94611886],[121.0379336,24.94638257],[121.03865692,24.94599824],[121.03915617,24.94452169],[121.04081434,24.94329886],[121.04238736,24.94416434],[121.0445123,24.94352201],[121.04628461,24.94355017],[121.04610315,24.94265163],[121.04709604,24.94162009],[121.04794291,24.94126495],[121.0480864,24.93992888],[121.04963382,24.93918604],[121.05024411,24.93865192],[121.05176667,24.93862731],[121.05371291,24.93716316],[121.05544059,24.93624271],[121.05711032,24.93684484],[121.05819623,24.93674531],[121.05854783,24.93516055],[121.05764995,24.93303465],[121.05830113,24.93255142],[121.05756638,24.93056746],[121.05835765,24.93007834],[121.05920033,24.92763366],[121.05965528,24.92576345],[121.06074522,24.92452171],[121.0609369,24.92340943],[121.0606726,24.92166422],[121.06008864,24.92067892],[121.06084748,24.92033679],[121.060412,24.91854924],[121.05966063,24.91653678],[121.05906424,24.9157877],[121.05823121,24.91390447],[121.0581332,24.91034874],[121.05917157,24.90805331],[121.05911284,24.9071814],[121.05758073,24.90583387],[121.05828586,24.90521566],[121.05978576,24.90452443],[121.06026292,24.90388754],[121.06141278,24.90380963],[121.06244533,24.90459946],[121.06420224,24.90380714],[121.0669301,24.90326417],[121.06803336,24.90319519],[121.07032126,24.90205628],[121.07095514,24.90096808],[121.07105499,24.89950958],[121.07236017,24.89955263],[121.07361107,24.89990857],[121.07515383,24.89942954],[121.0761449,24.89940824],[121.07710774,24.89869062],[121.07872342,24.89875433],[121.08086924,24.89839116],[121.08195298,24.89900101],[121.0834416,24.89885437],[121.08490919,24.89790861],[121.08559077,24.89775091],[121.08654428,24.89651979],[121.08942151,24.89538439],[121.09127197,24.89336262],[121.09259773,24.89340393],[121.09652072,24.89415312],[121.0982472,24.89462232],[121.10130569,24.89515456],[121.10474343,24.8961674],[121.10907169,24.89773827],[121.11010683,24.8960766],[121.10983939,24.89565443],[121.11038378,24.89402559],[121.11097526,24.89099106],[121.10988624,24.88866142],[121.10916108,24.88807835],[121.10927636,24.88746845],[121.10812792,24.8866855],[121.10872227,24.88595449],[121.1121974,24.88373876],[121.11348841,24.88255999],[121.11500562,24.88254861],[121.11626472,24.88170115],[121.11709489,24.88180386],[121.11970995,24.8810721],[121.12032303,24.880716],[121.12275776,24.88031541],[121.12396841,24.87993452],[121.12488787,24.88004986],[121.12592884,24.88061017],[121.12814253,24.8809546],[121.1294056,24.87981695],[121.13122562,24.88007393],[121.13353823,24.87950066],[121.13440166,24.87832588],[121.13562059,24.8780754],[121.13567671,24.87903996],[121.13645481,24.87974849],[121.1367829,24.88096526],[121.13884615,24.88236489],[121.13954949,24.88238181],[121.14105977,24.88145676],[121.14182383,24.88187393],[121.14259618,24.88168781],[121.14500429,24.8802221],[121.14556469,24.88082058],[121.14755764,24.88085983],[121.14927282,24.88122376],[121.14967741,24.88063059],[121.15084029,24.88101312],[121.15234933,24.88021642],[121.15363158,24.88043255],[121.15433592,24.8801879],[121.15566249,24.88071138],[121.15631713,24.87981183],[121.15700879,24.87817248],[121.15787728,24.87727282],[121.15817128,24.87556254],[121.15790977,24.87444784],[121.1563674,24.87448765],[121.1572105,24.87281008],[121.15788825,24.8721204],[121.15878415,24.87047217],[121.15962161,24.86817912],[121.16002708,24.86654197],[121.16014496,24.86464856],[121.16078282,24.86314137],[121.15994783,24.86231524],[121.1606776,24.86174919],[121.16038461,24.86075503],[121.16137668,24.85947088],[121.1589666,24.85761463],[121.15768454,24.85695626],[121.15676168,24.85614211],[121.15689542,24.85536655],[121.15631544,24.85375538],[121.15695741,24.8532814],[121.15707594,24.85255515],[121.15605421,24.8520851],[121.15603564,24.85127713],[121.15547167,24.84986454],[121.15381476,24.84899972],[121.15348205,24.84848153],[121.15355302,24.84740056],[121.15282843,24.84616636],[121.15086284,24.84512141],[121.15007902,24.84427487],[121.15206896,24.84381154],[121.15423611,24.84414535],[121.1549125,24.84219314],[121.15606919,24.84189951],[121.15627965,24.8408454],[121.15950801,24.83857978],[121.16017959,24.83733933],[121.16167994,24.83747992],[121.16259039,24.83694738],[121.16358688,24.83683792],[121.16580361,24.83589448],[121.16650439,24.83618066],[121.16765263,24.8348973],[121.16885242,24.8339713],[121.16991443,24.83480807],[121.17137146,24.83415859],[121.17207132,24.83417158],[121.17383203,24.83344211],[121.17449212,24.83232198],[121.17629636,24.8319957],[121.17583376,24.8310391],[121.17403919,24.82886238],[121.17374637,24.82765361],[121.1754308,24.82760517],[121.1768302,24.82729028],[121.17961817,24.8261278],[121.18311893,24.82505409],[121.18590205,24.82382368],[121.18908211,24.82208531],[121.19204534,24.81996479],[121.19651034,24.81781372],[121.19693307,24.81666874],[121.19891439,24.81492299],[121.19974113,24.81549005],[121.19933372,24.81606938],[121.20083742,24.8178345],[121.20174855,24.81791163],[121.20330591,24.81731541],[121.20233087,24.81670014],[121.20314057,24.81572048],[121.20305163,24.81487252],[121.20343897,24.81413026],[121.20565244,24.8130477],[121.20571933,24.81217454],[121.20427545,24.81191715],[121.20303294,24.81078434],[121.20283721,24.80988243],[121.20355368,24.80945579],[121.20447899,24.80835454],[121.20466158,24.80724964],[121.20591441,24.80750354],[121.20642476,24.80708487],[121.20763873,24.80698993],[121.20830359,24.80736952],[121.20841379,24.80818671],[121.20934411,24.80879979],[121.2095812,24.80951496],[121.21077162,24.80976811],[121.2116015,24.81038119],[121.21282087,24.81049563],[121.21488874,24.81197271],[121.21602526,24.81203442],[121.21703233,24.81241706],[121.2184516,24.81188843],[121.21967359,24.81169448],[121.21972027,24.81093343],[121.21877881,24.80953989],[121.21875275,24.80851982],[121.21993101,24.80743991],[121.21959492,24.80588924],[121.21961931,24.80408061],[121.22085278,24.80299611],[121.22127886,24.8016768],[121.22113335,24.80113584],[121.22156456,24.79941654],[121.22519069,24.80094815],[121.22804708,24.80275493],[121.23003362,24.80306963],[121.23104189,24.80360116],[121.23322932,24.80386804],[121.23439207,24.80426301],[121.23591272,24.80422612],[121.23638819,24.80456819],[121.2382367,24.80465522],[121.23976979,24.80565544],[121.24089033,24.8058714],[121.24225298,24.80707817],[121.24289695,24.80847352],[121.24343428,24.80869237],[121.24541593,24.80696319],[121.24571607,24.80558191],[121.24646459,24.80520379],[121.24743444,24.80349425],[121.24769682,24.80240926],[121.24754243,24.80109083],[121.24663615,24.80019072],[121.24685917,24.79845888],[121.24783445,24.79661997],[121.25036143,24.79566953],[121.2510812,24.79449852],[121.25213159,24.79395656],[121.25358775,24.79364784],[121.25506967,24.79362481],[121.25778611,24.79283388],[121.2597402,24.79368537],[121.26030592,24.79321943],[121.26095989,24.79171272],[121.26120158,24.79032284],[121.26042553,24.78791879],[121.25951335,24.78695298],[121.25859604,24.78642371],[121.25848583,24.78508406],[121.25963995,24.78374323],[121.26006778,24.78191236],[121.26326015,24.78115],[121.26462241,24.78138322],[121.26623146,24.77970268],[121.26781238,24.77995442],[121.26840819,24.77942875],[121.27059262,24.77835291],[121.27116076,24.77787546],[121.27142242,24.77657519],[121.27129208,24.77481967],[121.27354411,24.77459399],[121.27522077,24.7733109],[121.27671406,24.77124877],[121.27741534,24.77092532],[121.28245458,24.77040292],[121.28428929,24.77036746],[121.28601599,24.76983104],[121.28714455,24.76890817],[121.2881876,24.76852748],[121.29171879,24.76804736],[121.29263616,24.76751491],[121.29301074,24.76557364],[121.29386532,24.76404397],[121.29628556,24.76334704],[121.29858765,24.7629257],[121.30029411,24.76355631],[121.30153562,24.76301022],[121.30185479,24.76148247],[121.30380491,24.75791078],[121.30461912,24.75686353],[121.30558915,24.75608519],[121.30749905,24.75529129],[121.30770762,24.7549835],[121.30668219,24.75270826],[121.30596093,24.75208288],[121.30509892,24.75020291],[121.30555164,24.74750047],[121.30527844,24.74628288],[121.30400158,24.7452096],[121.30153462,24.74264001],[121.30084416,24.7413959],[121.30028191,24.73927346],[121.30019327,24.73772287],[121.29955422,24.73698261],[121.29841464,24.73454795],[121.29811165,24.73323363],[121.29866187,24.73071188],[121.30065852,24.72966877],[121.30146093,24.72863139],[121.30386521,24.72654508],[121.30527934,24.72609831],[121.30564704,24.72405903],[121.30688937,24.72118958],[121.30760939,24.71990579],[121.30723038,24.71696957],[121.30659682,24.71518045],[121.30639902,24.71308434],[121.3056521,24.7113961],[121.30443905,24.71010676],[121.30327247,24.70838969],[121.30302607,24.70572065],[121.30217158,24.70387795],[121.30241307,24.70291712],[121.30225503,24.70190915],[121.3015458,24.70026698],[121.30034964,24.69839105],[121.29947225,24.69626416],[121.299478,24.69556789],[121.30081166,24.69396111],[121.30175667,24.69348573],[121.30389613,24.69291817],[121.30681311,24.69407689],[121.30973155,24.69591077],[121.31171053,24.69680284],[121.31319733,24.69766319],[121.31474622,24.69805348],[121.31717662,24.69813883],[121.31817215,24.69799137],[121.31902123,24.69735207],[121.31940101,24.69635791],[121.32102203,24.69554944],[121.32305648,24.69536879],[121.32416071,24.69497323],[121.32635811,24.69367124],[121.32939161,24.69132668],[121.33113781,24.68940386],[121.33392206,24.68589204],[121.33573957,24.68378091],[121.33753944,24.68095041],[121.33829307,24.68033217],[121.33898449,24.67907272],[121.33935221,24.67566815],[121.33910914,24.67500275],[121.33965842,24.6731621],[121.3398398,24.67039097],[121.33930545,24.66933995],[121.33961142,24.66823615],[121.33909156,24.66674285],[121.33968023,24.6662332],[121.34040438,24.66643768],[121.34244395,24.66885278],[121.34310426,24.66925465],[121.34432923,24.66894306],[121.34484822,24.66673599],[121.3457474,24.66649268],[121.34828633,24.66782348],[121.34948753,24.66770448],[121.3504528,24.66651908],[121.35134298,24.66606959],[121.35196974,24.66633872],[121.3531843,24.66775018],[121.35371681,24.6671148],[121.35322184,24.66632253],[121.35322707,24.66529373],[121.35370493,24.66473887],[121.35328548,24.66291971],[121.35350904,24.66189198],[121.35310313,24.66127106],[121.35309311,24.66021486],[121.35381002,24.65904919],[121.35285392,24.65621576],[121.3534923,24.65565543],[121.35318772,24.65481402],[121.35232163,24.65404905],[121.35221456,24.65275059],[121.35276392,24.65061215],[121.35263488,24.64975371],[121.35300687,24.64878476],[121.35222491,24.64509828],[121.3523883,24.64354161],[121.35289366,24.64272597],[121.3539185,24.64197956],[121.35535841,24.64151192],[121.35592058,24.64105462],[121.35677304,24.63938029],[121.35738172,24.6375989],[121.35738905,24.63485685],[121.35780755,24.63371287],[121.3591397,24.63356406],[121.3609805,24.63379029],[121.36346922,24.63245604],[121.36561792,24.63175403],[121.3653716,24.62831352],[121.36477591,24.62645015],[121.36374881,24.62458132],[121.36326795,24.62300482],[121.36333318,24.62177802],[121.36305453,24.62067207],[121.36188807,24.62072704],[121.36010422,24.61854017],[121.35885003,24.61737486],[121.35879881,24.61667988],[121.35952793,24.61464948],[121.35948699,24.61383756],[121.36113271,24.61245346],[121.36133943,24.61194244],[121.36121789,24.61008458],[121.36368285,24.6078788],[121.364314,24.60586193],[121.36347488,24.60413106],[121.36332397,24.60312857],[121.36596222,24.60071438],[121.36617687,24.59998782],[121.36733296,24.59877004],[121.3693066,24.59797921],[121.37089543,24.59752758],[121.37196388,24.59684633],[121.37220392,24.5949179],[121.37277592,24.59374763],[121.37685157,24.59225317],[121.38303638,24.58944194],[121.38755941,24.58649745],[121.39132504,24.58645865],[121.39460102,24.58744522],[121.39573421,24.58893416],[121.39728635,24.58929927],[121.39853165,24.59004887],[121.39984016,24.59035074],[121.40142859,24.59151645],[121.40303894,24.59170819],[121.40373606,24.59300258],[121.40547341,24.59489499],[121.40626651,24.59549733],[121.4068078,24.59644493],[121.40671306,24.59712225],[121.40817789,24.5980681],[121.40846377,24.59898196],[121.41043945,24.60005878],[121.41183956,24.60048209],[121.41256731,24.60148041],[121.41277405,24.60365126],[121.41527829,24.601957],[121.41631221,24.60222789],[121.4182799,24.60103542],[121.42010978,24.60136997],[121.42256845,24.60223862],[121.42456251,24.60311546],[121.42583745,24.60426871],[121.42605893,24.60495589],[121.42720284,24.60541984],[121.42780365,24.6060871],[121.4290006,24.60984465],[121.42978003,24.61127478],[121.42980253,24.61216136],[121.43060943,24.61451024],[121.43224488,24.61528061],[121.43289246,24.61630164],[121.43288146,24.61748443],[121.43361329,24.61890755],[121.43453934,24.61919646],[121.43500727,24.61981291],[121.43567796,24.62155055],[121.43514482,24.62262667],[121.43483054,24.62445656],[121.43562604,24.62560649],[121.43575109,24.62666782],[121.43696874,24.62865688],[121.43772542,24.63022245],[121.43928368,24.63260948],[121.44054025,24.63509699],[121.44372473,24.63635708],[121.44501341,24.63729659],[121.44538302,24.63808277],[121.44557897,24.639893],[121.4448371,24.64105376],[121.44498005,24.64294887],[121.44597375,24.64428517],[121.44836428,24.64567228],[121.44914811,24.64660853],[121.44997695,24.64873823],[121.45137122,24.65105719],[121.45125334,24.65167958],[121.44933747,24.65272519],[121.4487349,24.65336843],[121.44792412,24.65510717],[121.44751769,24.65708459],[121.44774399,24.65836828],[121.44856552,24.65969997],[121.44958575,24.66222347],[121.45152734,24.66304491],[121.45389858,24.66440583],[121.45447914,24.66581337],[121.45502223,24.66785705],[121.45732382,24.67091967],[121.45949003,24.67315904],[121.46010463,24.67323199],[121.46112771,24.67271163],[121.46516911,24.67239975],[121.46700611,24.67240507],[121.46862395,24.6718772],[121.46969782,24.67194686],[121.47237427,24.67314816],[121.47369953,24.67309457],[121.47643798,24.67376346],[121.47854903,24.67362484],[121.47998818,24.67385063],[121.47920089,24.67546305],[121.47705882,24.67831945],[121.475896,24.67938814],[121.47545967,24.68088125],[121.47548483,24.68328468],[121.47528732,24.6838442],[121.47419003,24.68480517],[121.47344555,24.68851482],[121.47303278,24.68967972],[121.47462738,24.69266381],[121.4748024,24.69368808],[121.47422759,24.69610355],[121.4722832,24.696603],[121.47059093,24.69675195],[121.46981455,24.69619651],[121.46697076,24.69773315],[121.46582487,24.6989621],[121.46467303,24.69981415],[121.46363776,24.70103208],[121.46043,24.70259114],[121.45927282,24.7028983],[121.45650273,24.70325075],[121.45227426,24.70511863],[121.45034767,24.70557831],[121.44978716,24.70638625],[121.44911045,24.70854938],[121.44884426,24.71036055],[121.44884528,24.71188583],[121.44837527,24.71264586],[121.44725805,24.71335114],[121.4464463,24.71421333],[121.44514142,24.71478496],[121.44422059,24.71707803],[121.44152669,24.72314087],[121.44095428,24.72608411],[121.43831179,24.72659182],[121.43778645,24.72735165],[121.43633485,24.72871406],[121.43426853,24.73002401],[121.4343695,24.73103812],[121.43535274,24.73290141],[121.43504363,24.73413669],[121.43296862,24.73682738],[121.43277214,24.73755611],[121.4330787,24.73919248],[121.43274051,24.74075337],[121.43198091,24.7422418],[121.430359,24.74345908],[121.43014895,24.74555021],[121.42874036,24.74789664],[121.42864457,24.74880972],[121.42920983,24.74994755],[121.42847168,24.75152092],[121.42847926,24.75345551],[121.42788451,24.75473392],[121.42716683,24.75515544],[121.4265495,24.75614912],[121.42569646,24.7581852],[121.42551507,24.75905818],[121.42590847,24.76030031],[121.42510835,24.7612123],[121.42354309,24.761678],[121.42341704,24.76309527],[121.42542043,24.76696549],[121.42672587,24.76826258],[121.42939098,24.77015263],[121.4314236,24.77193929],[121.43574834,24.77296253],[121.43691298,24.7737215],[121.43809152,24.77489136],[121.43967802,24.77738146],[121.44056723,24.77914125],[121.44248308,24.78052302],[121.44405585,24.78063776],[121.44610144,24.78185517],[121.44691307,24.7827446],[121.4475285,24.78420632],[121.44951677,24.78593734],[121.44950452,24.78674503],[121.4488349,24.78824563],[121.45045835,24.79001528],[121.45037737,24.79091887],[121.44947096,24.79106147],[121.44728749,24.79006111],[121.44599262,24.79006546],[121.44457802,24.79108326],[121.44267358,24.79204697],[121.44169409,24.79331803],[121.43825878,24.79533989],[121.43752832,24.7965921],[121.43708763,24.79818128],[121.43749514,24.79979877],[121.43804537,24.80109945],[121.43792499,24.80419835],[121.43700205,24.80543919],[121.43728769,24.80783741],[121.43649772,24.81042771],[121.43642781,24.81219752],[121.43226937,24.81348427],[121.42997897,24.81491979],[121.42855406,24.8167925],[121.42771028,24.81737439],[121.42719963,24.81874771],[121.42661485,24.81937286],[121.42533372,24.82003798],[121.42500328,24.82093133],[121.42503141,24.8228043],[121.4240695,24.82503441],[121.42352461,24.82547586],[121.42219192,24.82539503],[121.4193687,24.82559391],[121.41861383,24.82521389],[121.41758303,24.82525197],[121.41665129,24.82594181],[121.4161977,24.82692022],[121.41607477,24.82874519],[121.414363,24.8307421],[121.41384185,24.83196164],[121.41410448,24.83271877],[121.41489275,24.83354867],[121.41563747,24.83549876],[121.41246162,24.83713488],[121.41146255,24.83829303],[121.41031651,24.8386893],[121.40874532,24.84068598],[121.40724243,24.84161342],[121.40551537,24.84239872],[121.40464256,24.84249385],[121.40269591,24.8435751],[121.40114622,24.84194163],[121.39989495,24.84156289],[121.39798077,24.84178038],[121.39704515,24.84278737],[121.3970349,24.84379813],[121.39621556,24.84363831],[121.39527434,24.84391704],[121.39365726,24.84397874],[121.39243464,24.84323932],[121.39148447,24.84310681],[121.39040491,24.84247557],[121.38912071,24.84219778],[121.38807153,24.84241198],[121.38503327,24.84081028],[121.38442305,24.83869577],[121.38454058,24.83802058],[121.38333899,24.83698708],[121.38090884,24.83649127],[121.37906204,24.83510976],[121.37788701,24.83448514],[121.37579175,24.83384742],[121.37440653,24.83375767],[121.3736108,24.83328303],[121.37292859,24.83356436],[121.37281392,24.83498157],[121.37065255,24.83548766],[121.3702459,24.83612327],[121.36729959,24.83676572],[121.36644056,24.83731779],[121.36521527,24.83757054],[121.36415252,24.83813599],[121.36254629,24.83795841],[121.36005124,24.83817858],[121.35924529,24.83885452],[121.35778343,24.83952147],[121.35583193,24.8423126],[121.35530278,24.84249837],[121.35481539,24.84397429],[121.35337066,24.84408032],[121.35268887,24.84448203],[121.3516845,24.84445699],[121.34882869,24.84552634],[121.34769843,24.84549656],[121.34673719,24.84588905],[121.34505368,24.84551818],[121.34472981,24.84521428],[121.34248216,24.84466887],[121.34139432,24.84383384],[121.34015718,24.84342483],[121.33814125,24.84379024],[121.33774326,24.84362355],[121.33598845,24.84392941],[121.33576065,24.84456502],[121.33615582,24.84687761],[121.33696258,24.84821403],[121.34017802,24.84872976],[121.3405528,24.84894791],[121.34196636,24.84857918],[121.34294175,24.84877314],[121.34463956,24.84960514],[121.34673279,24.8502103],[121.34810517,24.8497737],[121.34851314,24.84856627],[121.34905412,24.84837325],[121.3503304,24.84873799],[121.35022075,24.84947623],[121.35246112,24.84907253],[121.35272535,24.85026975],[121.35333721,24.85059194],[121.35374564,24.85186539],[121.35478647,24.8533544],[121.35673549,24.85359302],[121.35787297,24.85314974],[121.35783028,24.85445598],[121.35618364,24.85465085],[121.35556726,24.85549626],[121.3542752,24.85660075],[121.35365007,24.858413],[121.35312207,24.85881942],[121.35142881,24.85936503],[121.35067906,24.85927862],[121.34930879,24.85980014],[121.34834651,24.86073258],[121.34808459,24.86152876],[121.34733363,24.8620743],[121.3473565,24.86297932],[121.34684958,24.86344659],[121.34651148,24.86508894],[121.34604666,24.86603464],[121.34504045,24.86694166],[121.34591148,24.86815944],[121.34795132,24.86834346],[121.34936955,24.86876032],[121.35056814,24.87009166],[121.35215472,24.87052173],[121.35310994,24.87110435],[121.35439379,24.87323654],[121.3542322,24.87397299],[121.35339587,24.87498215],[121.35351803,24.8764656],[121.35207354,24.87676085],[121.35057611,24.87858762],[121.34967562,24.87878447],[121.34723593,24.87868564],[121.34622655,24.87924722],[121.34562716,24.88005685],[121.34531392,24.88357526],[121.34493014,24.88418424],[121.34472471,24.88576616],[121.34380659,24.88666964],[121.34259068,24.88722421],[121.3413665,24.88746211],[121.34115023,24.88873656],[121.34152725,24.88913373],[121.34157064,24.89024198],[121.34204543,24.89088815],[121.3417863,24.89147653],[121.34211799,24.89259299],[121.34059879,24.8923156],[121.33836719,24.893333],[121.33754366,24.89268201],[121.33505878,24.89169728],[121.33391079,24.89154856],[121.33318046,24.89320764],[121.33224259,24.89336202],[121.33270488,24.89551834],[121.33343373,24.89656947],[121.33322915,24.89823542],[121.33357116,24.8991722],[121.33193912,24.89990174],[121.33062933,24.89786513],[121.32909086,24.89731069],[121.32782608,24.8959212],[121.32666609,24.89595658],[121.32555595,24.89725577],[121.32243904,24.89855881],[121.32125393,24.89994517],[121.32035482,24.90028368],[121.3211567,24.90099444],[121.32189157,24.90231979],[121.3217983,24.90349188],[121.32366319,24.90441851],[121.32551055,24.90620795],[121.32624939,24.90737266],[121.32619845,24.90918313],[121.32442596,24.90992811],[121.32350516,24.91000368],[121.32310907,24.91169101],[121.32151339,24.91323028],[121.32028585,24.91354676],[121.31957502,24.91494478],[121.31757753,24.91636157],[121.320309,24.91882805],[121.3213746,24.92033957],[121.32459934,24.92334429],[121.32735898,24.9246196],[121.32987144,24.92498661],[121.33423899,24.92472663],[121.33551148,24.92507423],[121.33849603,24.9271802],[121.33979546,24.92850248],[121.33781091,24.92855526],[121.33583912,24.92899721],[121.33429597,24.92972148],[121.33324168,24.92983053],[121.33097701,24.92960062],[121.32590875,24.92877952],[121.32470261,24.9286802],[121.32205039,24.92804267],[121.32321215,24.93128148],[121.32191824,24.93233139],[121.32121848,24.93206625],[121.32080622,24.93352533],[121.31950246,24.93436176],[121.31831721,24.93470653],[121.31677021,24.9368293],[121.31577351,24.9384751],[121.31852036,24.94022002],[121.32309747,24.94277042],[121.32499957,24.94362272],[121.32785102,24.94426984],[121.33041496,24.94453564],[121.33150913,24.94540548],[121.3315804,24.94583451],[121.33019294,24.94654963],[121.32924278,24.94737692],[121.32810858,24.94887116],[121.32804458,24.95039406],[121.32819271,24.95460776],[121.32811844,24.95545858],[121.3286852,24.95744576],[121.32886055,24.95957452],[121.32914581,24.96057844],[121.32909195,24.96207378],[121.32870515,24.96410417],[121.32809157,24.96555276],[121.32979771,24.96689515],[121.32858609,24.96847176],[121.3288936,24.96960318],[121.32832154,24.97099463],[121.3285718,24.97150354],[121.32785411,24.97281445],[121.32513422,24.97115754],[121.32402301,24.97130085],[121.3240035,24.97134485],[121.32367092,24.97282164],[121.32527348,24.97349531],[121.32743065,24.97474882],[121.32742032,24.97543135],[121.32860981,24.97632157],[121.32718249,24.97759556],[121.32724382,24.97833444],[121.32847923,24.97841599],[121.32986195,24.97909321],[121.33099255,24.97929844],[121.33157338,24.97863651],[121.33458329,24.97905129],[121.33472946,24.97977988],[121.33591233,24.97990867],[121.33658928,24.98061109],[121.33807555,24.98045007],[121.33909721,24.98068125],[121.34024611,24.98009499],[121.3411252,24.98027019],[121.34206316,24.98095143],[121.3427085,24.98230465],[121.34345779,24.9817627],[121.3447766,24.98027969],[121.34638737,24.97922426],[121.34733861,24.97883688],[121.3485746,24.9797643],[121.35006775,24.97994749],[121.35234142,24.98085115],[121.3531016,24.98009796],[121.35333954,24.97852281],[121.35396492,24.97784446],[121.35774355,24.97782474],[121.35921819,24.97819768],[121.36121555,24.97781009],[121.36136276,24.97878689],[121.36371134,24.97959055],[121.36509548,24.97855145],[121.36589643,24.97859196],[121.36756642,24.97746356],[121.36890388,24.97680503],[121.36903233,24.97680162],[121.36966955,24.97704268],[121.37122228,24.97829292],[121.37239597,24.9799419],[121.37467671,24.98061351],[121.37544748,24.98113541],[121.37680388,24.98130103],[121.37872585,24.98319099],[121.38094632,24.98429117],[121.38211758,24.98390642],[121.38557878,24.98653526],[121.38367209,24.98811682],[121.3836623,24.98984637],[121.38431402,24.99177243],[121.38364201,24.99290411],[121.38364475,24.99462109],[121.38405315,24.99561383],[121.386841,24.99599475],[121.38802808,24.9963982],[121.38842751,24.9957302],[121.3899685,24.99459058],[121.39031176,24.99347075],[121.39083534,24.99325564],[121.392419,24.99357828],[121.39426777,24.99351063],[121.39557497,24.99495187],[121.39646641,24.99555177],[121.39683459,24.99730383],[121.39785395,24.99756753],[121.39869335,24.99835709],[121.39997522,24.99829427],[121.40158153,24.99916773],[121.40322903,24.99933024],[121.40300893,25.00055765],[121.40201357,25.00104853],[121.40203542,25.00253402],[121.40091261,25.00331679],[121.40013339,25.00445215],[121.40037673,25.00547299],[121.3996788,25.00595034],[121.39951004,25.00697269],[121.39894572,25.00744033],[121.39773564,25.00775584],[121.39541668,25.00907897],[121.39361587,25.00982989],[121.39220809,25.01086596],[121.39128377,25.01225186],[121.39209522,25.01254588],[121.39261104,25.01375386],[121.39234835,25.01489053],[121.39295494,25.01558276],[121.3944252,25.01466625],[121.3960483,25.01521987],[121.39701173,25.01613973],[121.3975444,25.01623053],[121.40022218,25.01579452],[121.40162248,25.01577465],[121.40315141,25.01678654],[121.40431002,25.01723236],[121.40564409,25.0170986],[121.40754144,25.01750882],[121.4094545,25.01841969],[121.41121452,25.01797885],[121.41211831,25.01884702],[121.41067167,25.0199044],[121.41071181,25.02095803],[121.40867485,25.0208639],[121.4071357,25.021945],[121.40574587,25.02317353],[121.40461835,25.02375523],[121.40390675,25.02516195],[121.40220325,25.02581528],[121.40132573,25.02638185],[121.4010482,25.02700509],[121.40150431,25.02815702],[121.40067966,25.02917997],[121.39919717,25.02948568],[121.39825475,25.0301742],[121.39876369,25.03154387],[121.39823218,25.03249766],[121.39875898,25.03482755],[121.40007178,25.03481409],[121.39983958,25.03612551],[121.40119539,25.03636884],[121.40078533,25.03695376],[121.40074165,25.03794759],[121.39982685,25.0374806],[121.39925628,25.0377485],[121.39877878,25.03867565],[121.39767019,25.03848386],[121.39717893,25.03920111],[121.39437016,25.04009053],[121.3943486,25.04122424],[121.39354512,25.04199928],[121.39261541,25.04203717],[121.3913159,25.04149748],[121.39068486,25.0420089],[121.39264418,25.04339207],[121.39386352,25.04378184],[121.39444397,25.04346915],[121.39697413,25.04346342],[121.3977528,25.04368442],[121.3996324,25.04292118],[121.39980295,25.04346189],[121.39849942,25.04380689],[121.40006535,25.04489592],[121.39802665,25.04675342],[121.3994211,25.04781694],[121.39845011,25.04814652],[121.39711075,25.04815496],[121.3960251,25.0485633],[121.39440545,25.04750353],[121.39448406,25.04876427],[121.39396789,25.05029116],[121.39472514,25.05029505],[121.39579369,25.04939749],[121.39680894,25.04954454],[121.39852135,25.04847472],[121.39852567,25.04928263],[121.39748638,25.05039924],[121.39853255,25.05100862],[121.39896458,25.05007781],[121.39974711,25.04936543],[121.40028418,25.04959771],[121.40017653,25.05097431],[121.39928637,25.05161041],[121.39831778,25.05128981],[121.39742734,25.05152194],[121.39644451,25.05242593],[121.39435491,25.05307319],[121.39293736,25.05397956],[121.39137738,25.05396285],[121.38986151,25.05284071],[121.38930762,25.0534669],[121.38825175,25.05291146],[121.38782432,25.05323742],[121.38618952,25.05259101],[121.3860054,25.05367882],[121.38727844,25.05466921],[121.38727908,25.05550012],[121.38567715,25.05691128],[121.38576247,25.05815145],[121.38704823,25.05749143],[121.38864248,25.05698695],[121.38845261,25.05814943],[121.3895231,25.0586233],[121.38967007,25.05910912],[121.38802239,25.05935911],[121.38894385,25.06070257],[121.3903183,25.06084657],[121.3898414,25.06167779],[121.38829541,25.06151064],[121.38761894,25.06264363],[121.38707293,25.06258577],[121.3861488,25.06325072],[121.38389601,25.06273388],[121.3828997,25.06293576],[121.38211699,25.06431463],[121.38019149,25.06483635],[121.38006688,25.06520387],[121.3787215,25.0656729],[121.37667434,25.06609401],[121.37443271,25.0659827],[121.36731907,25.06514358],[121.36415525,25.06496212],[121.35819933,25.0649266],[121.35487981,25.06515036],[121.35496704,25.06723113],[121.35384974,25.06779697],[121.35376584,25.06858579],[121.35227568,25.0687866],[121.35229628,25.06790615],[121.35132046,25.06825691],[121.35031702,25.06930561],[121.34896429,25.06989394],[121.34795779,25.06979366],[121.34740401,25.07054254],[121.34923061,25.07140252],[121.35016271,25.07147087],[121.35112175,25.07389806],[121.34988941,25.07354048],[121.35001555,25.07478766],[121.35039951,25.07520994],[121.34999489,25.07650917],[121.34903442,25.07464199],[121.34802697,25.07382185],[121.34442601,25.07332398],[121.342684,25.07281433],[121.34253605,25.07355697],[121.34111869,25.0734659],[121.34052139,25.07408196],[121.34068085,25.07547834],[121.34037687,25.07616999],[121.34151803,25.07663514],[121.34231175,25.07575025],[121.34370826,25.07507394],[121.34609887,25.07571439],[121.34446674,25.07606186],[121.34395856,25.07740082],[121.34591312,25.07678841],[121.34514828,25.07833523],[121.34582482,25.07870694],[121.3465975,25.07835527],[121.34791255,25.07915933],[121.34649325,25.07953625],[121.34360807,25.07964183],[121.34255633,25.08012552],[121.34692484,25.08065834],[121.3489328,25.0812171],[121.34935812,25.08074378],[121.3501958,25.0811688],[121.350089,25.08173616],[121.34925716,25.08239501],[121.34814443,25.08236241],[121.34608882,25.0836592],[121.34499291,25.08351079],[121.34150343,25.08406257],[121.33866311,25.08363372],[121.33753277,25.08421914],[121.33637056,25.08520357],[121.33345091,25.08661279],[121.33263425,25.08672221],[121.33098515,25.08802256],[121.33011847,25.0882572],[121.32919804,25.08978848],[121.32804507,25.09098633],[121.32682565,25.09174322],[121.32584838,25.09194021],[121.32471155,25.09262094],[121.32134204,25.09258193],[121.31946234,25.09318633],[121.31823148,25.09301067],[121.31704889,25.09399026],[121.31572853,25.09421404],[121.31344418,25.09535045],[121.31128567,25.09597183],[121.31037648,25.09655347],[121.30907839,25.0962877],[121.30842513,25.09659515],[121.30524464,25.09673355],[121.30435456,25.09638374],[121.30284213,25.09676552],[121.3013847,25.09848052],[121.30121555,25.10167637],[121.30005577,25.10226818],[121.29983626,25.10350486],[121.29829778,25.10449466],[121.29762441,25.10435513],[121.2954942,25.10301969],[121.2938922,25.10305119],[121.29295983,25.10257295],[121.29161251,25.10264094],[121.29071151,25.10486191],[121.29032039,25.10675718],[121.28866318,25.10696219],[121.28772751,25.10675626],[121.28672338,25.1070399],[121.28554453,25.10832343],[121.28481547,25.10877457],[121.28294001,25.10936506],[121.2826804,25.11006549],[121.28379275,25.1121252],[121.28355744,25.11380081],[121.28382703,25.11441764],[121.28337959,25.11781148]]]},"properties":{"gml_id":"layer_city_boundary_pg.31","Name":"桃园市","layer":"市","code":"710300000000","grade":2}},
{"type":"Feature","geometry":{"type":"Polygon","coordinates":[[[121.45200502,24.36468167],[121.45138021,24.36592623],[121.45065272,24.36797339],[121.44930754,24.37024645],[121.44825363,24.37257212],[121.4479706,24.37482814],[121.44603675,24.37408248],[121.44437436,24.37412988],[121.44288245,24.37315386],[121.44169027,24.37542902],[121.44078938,24.377812],[121.43777961,24.38287786],[121.43396242,24.38323498],[121.42936409,24.38306142],[121.42573746,24.38148433],[121.42333913,24.38140556],[121.42152839,24.38071469],[121.41962466,24.37920524],[121.41861763,24.37907024],[121.41808528,24.37944541],[121.41652831,24.37978446],[121.41562422,24.37940564],[121.41425306,24.37938814],[121.41276389,24.3797432],[121.41077241,24.37876947],[121.40851534,24.37809973],[121.40789978,24.37754964],[121.40648414,24.37794914],[121.40495757,24.37761106],[121.4041243,24.3778255],[121.4018848,24.37960174],[121.40058812,24.37958561],[121.39811244,24.37776411],[121.39580428,24.37800798],[121.39459521,24.37713975],[121.39432386,24.37639271],[121.39323828,24.37531566],[121.39241622,24.37510051],[121.39035892,24.37533785],[121.3891884,24.37415494],[121.38789822,24.37000856],[121.38676175,24.36923458],[121.38517803,24.36876066],[121.3834554,24.36774435],[121.38112799,24.36686696],[121.37917252,24.36749714],[121.37738186,24.36836884],[121.3753153,24.36836706],[121.37422044,24.36797669],[121.37357284,24.36816605],[121.37144944,24.3704658],[121.36928674,24.37245763],[121.36930148,24.37428155],[121.36877092,24.3756036],[121.36744239,24.3779072],[121.36714511,24.37921134],[121.36822013,24.38126024],[121.36957779,24.38187401],[121.36972572,24.38275408],[121.36896776,24.38377707],[121.36875376,24.3849068],[121.36793832,24.38584926],[121.36718275,24.38604299],[121.36601121,24.38780248],[121.36488121,24.38907505],[121.36207811,24.38949886],[121.36130109,24.39014734],[121.3593838,24.39044659],[121.35753911,24.39177437],[121.35531638,24.39314913],[121.3536513,24.39307704],[121.35255725,24.3922906],[121.35021914,24.39284252],[121.3441541,24.39302438],[121.34241165,24.39264165],[121.33992336,24.39099745],[121.33945823,24.38976337],[121.33847466,24.39005441],[121.33697022,24.39239859],[121.33605079,24.39280259],[121.33359432,24.39500408],[121.33270102,24.39636564],[121.33232869,24.39794391],[121.33079956,24.39851614],[121.32800814,24.39828161],[121.32759475,24.39845558],[121.32648871,24.39987286],[121.32597256,24.40103699],[121.32596907,24.40365114],[121.32545588,24.4045164],[121.32499015,24.40691328],[121.3252074,24.4077817],[121.3263455,24.40919726],[121.32681004,24.4111987],[121.32743452,24.41302199],[121.32718335,24.41555382],[121.32764492,24.41659649],[121.32777424,24.41848278],[121.32738939,24.42057216],[121.32740729,24.42154715],[121.32818722,24.42364978],[121.32821763,24.4253859],[121.32870843,24.42727946],[121.32811555,24.42857639],[121.32766017,24.43043535],[121.32836943,24.4315718],[121.32844979,24.43232652],[121.32805989,24.43391237],[121.3256018,24.43592657],[121.32408786,24.43792708],[121.32278496,24.43940954],[121.32058649,24.44105543],[121.31765886,24.44148941],[121.31630501,24.43983931],[121.31383894,24.43738137],[121.31274842,24.43671331],[121.31032132,24.43637545],[121.30825431,24.4347268],[121.30748488,24.43365256],[121.3057036,24.43264902],[121.30224092,24.4330541],[121.29762884,24.4330928],[121.29467709,24.43253684],[121.29381426,24.43193616],[121.29318528,24.43107116],[121.29246498,24.43090286],[121.29127964,24.43115275],[121.29045912,24.43083491],[121.28895269,24.43089371],[121.28610636,24.43042274],[121.28461989,24.43057349],[121.28100818,24.42989496],[121.27911342,24.42941762],[121.27687678,24.42924815],[121.27133551,24.42957971],[121.27105684,24.4279561],[121.26989537,24.42737574],[121.26765737,24.42810291],[121.26611823,24.42822584],[121.26450068,24.42870742],[121.26232189,24.42849179],[121.26081534,24.42863539],[121.25979987,24.42937727],[121.25914213,24.43088973],[121.25962811,24.43155008],[121.25994445,24.43461779],[121.25980751,24.43698608],[121.25892816,24.43803612],[121.25888091,24.42771481],[121.25817315,24.42584747],[121.25760764,24.42504666],[121.25286307,24.42489589],[121.2510716,24.42506971],[121.24999193,24.42490691],[121.249141,24.42379298],[121.24663881,24.42303233],[121.24564603,24.42235255],[121.24389169,24.42007627],[121.24328405,24.41823877],[121.2435901,24.41660748],[121.24272642,24.41472354],[121.24200515,24.41398904],[121.24290763,24.4128323],[121.24337281,24.41088643],[121.24289823,24.40908133],[121.24325018,24.40808677],[121.24356334,24.40571771],[121.24258964,24.40456445],[121.2413575,24.40421516],[121.24013384,24.40353949],[121.2382081,24.40160531],[121.23801854,24.40028569],[121.23573305,24.39859673],[121.23465556,24.39733715],[121.23459484,24.39586838],[121.23496351,24.39390166],[121.23497103,24.39201521],[121.23462874,24.3911247],[121.23159748,24.38751642],[121.23214587,24.38429669],[121.23134947,24.38368378],[121.22892308,24.38341015],[121.2271011,24.38298058],[121.2256144,24.38302611],[121.22333882,24.38249082],[121.22216629,24.38198103],[121.21816388,24.38116978],[121.21680611,24.38050155],[121.21587007,24.37945477],[121.21418802,24.38107219],[121.21342936,24.38210697],[121.21352979,24.38367216],[121.2133307,24.38435828],[121.21186013,24.38697635],[121.21124374,24.38839214],[121.21059334,24.39073277],[121.21042607,24.39190313],[121.21075948,24.39357398],[121.21062332,24.39571743],[121.20972969,24.3964079],[121.2088131,24.396584],[121.207192,24.39790547],[121.20437123,24.39785319],[121.20329081,24.39756504],[121.20070803,24.39760992],[121.1971814,24.39658824],[121.19713529,24.394036],[121.19690617,24.39199318],[121.19641084,24.39109346],[121.19530143,24.39002415],[121.19299169,24.38583388],[121.19113829,24.38394214],[121.19023049,24.38162149],[121.18945142,24.3813227],[121.1882664,24.3814407],[121.18658624,24.38118498],[121.18473533,24.3814892],[121.18329209,24.38101138],[121.18244247,24.38023913],[121.18167098,24.3788607],[121.17851101,24.3779156],[121.17696358,24.37666326],[121.17639821,24.37575867],[121.17469082,24.37385113],[121.17330173,24.37309087],[121.17304469,24.37067807],[121.17413653,24.36902541],[121.1730581,24.36838101],[121.17244329,24.36680549],[121.17109152,24.36613261],[121.1706777,24.36556388],[121.169,24.36431334],[121.16886531,24.36152192],[121.16797586,24.3607288],[121.16647601,24.3606044],[121.16466509,24.36098892],[121.16225588,24.36056285],[121.1594094,24.36079685],[121.15553234,24.35904186],[121.15376582,24.35905384],[121.15330053,24.3588301],[121.15091306,24.35871207],[121.1492594,24.3579668],[121.14598719,24.35792463],[121.14410672,24.35827822],[121.14095483,24.35964325],[121.14000477,24.35833723],[121.13795995,24.3562711],[121.13759986,24.35535899],[121.13776277,24.35463866],[121.13643766,24.35313201],[121.13558283,24.35254693],[121.13356898,24.35167436],[121.13176464,24.34967529],[121.13117979,24.34927676],[121.13134766,24.34824838],[121.13091603,24.34743575],[121.1301923,24.34471114],[121.12874127,24.34252581],[121.12811474,24.34191076],[121.12625461,24.34160698],[121.1252935,24.34198997],[121.12412102,24.34055392],[121.12282752,24.33823232],[121.12205501,24.33635015],[121.12143639,24.33384938],[121.12182963,24.33185049],[121.12157446,24.33067875],[121.11854542,24.33036984],[121.11713396,24.32955146],[121.11486829,24.32863702],[121.1112403,24.32994805],[121.10863685,24.3310008],[121.10616619,24.32847305],[121.10528642,24.3281513],[121.10369318,24.32672229],[121.10225115,24.32458359],[121.09968672,24.32376985],[121.09824894,24.32368907],[121.09522089,24.32197706],[121.09509273,24.32084469],[121.09434675,24.31981089],[121.0919206,24.31862957],[121.09007501,24.31870247],[121.08828021,24.31832518],[121.08750386,24.31753941],[121.08660354,24.3176011],[121.08575192,24.31841617],[121.08507703,24.31970445],[121.08338133,24.3212932],[121.08157351,24.32404869],[121.08101584,24.32405306],[121.07888228,24.32289232],[121.07530181,24.32260371],[121.0736034,24.32285102],[121.07342184,24.32230659],[121.07390448,24.31954144],[121.07360071,24.3188201],[121.07259367,24.31842919],[121.07162614,24.31695648],[121.07090872,24.31682065],[121.07020801,24.31575918],[121.06932325,24.31552449],[121.06562216,24.31567656],[121.06427527,24.31520045],[121.06149307,24.31341895],[121.06016622,24.31294279],[121.05839521,24.31272855],[121.05760419,24.31142613],[121.05527921,24.3103104],[121.0549138,24.30766404],[121.0540586,24.3066706],[121.05367707,24.30560066],[121.05255784,24.30424089],[121.0521088,24.3018654],[121.05209491,24.29901113],[121.05134574,24.29782095],[121.04943767,24.29612171],[121.04707871,24.29613986],[121.04518703,24.29532528],[121.04385443,24.2956774],[121.04105748,24.29611925],[121.03812843,24.2963791],[121.03528728,24.29717918],[121.03412888,24.29781669],[121.03310977,24.29882412],[121.03256235,24.30041931],[121.03168939,24.30199952],[121.02936171,24.30470741],[121.02780173,24.30584847],[121.02620014,24.30674805],[121.02376453,24.30763996],[121.02001854,24.30924399],[121.01801382,24.31129563],[121.01755715,24.31209367],[121.01719456,24.31375384],[121.01574096,24.31755636],[121.0150124,24.3186728],[121.01449037,24.32011405],[121.01236193,24.32233981],[121.01156351,24.32397305],[121.01068682,24.32456035],[121.00956188,24.32580167],[121.00821043,24.32686223],[121.00471321,24.33196071],[121.0035659,24.33252483],[121.00229763,24.33282384],[121.00047609,24.33266224],[120.99947526,24.33203364],[120.99837648,24.33073534],[120.99725824,24.33005319],[120.99596565,24.33025083],[120.99505303,24.32991012],[120.99252024,24.32965026],[120.99102268,24.32976395],[120.98677875,24.33139866],[120.98540924,24.33182572],[120.98383566,24.33443396],[120.98265644,24.33557263],[120.98197956,24.33590462],[120.97993921,24.33447447],[120.97721449,24.33473299],[120.97393055,24.3339926],[120.97235964,24.33350781],[120.9700524,24.33359377],[120.96880278,24.33339819],[120.96623705,24.33351712],[120.96265238,24.33477313],[120.96015559,24.33505564],[120.95920339,24.33664613],[120.95678112,24.33929932],[120.95598654,24.33929177],[120.95408661,24.33860409],[120.95230829,24.33907452],[120.94964033,24.33917848],[120.9465175,24.33910255],[120.9449256,24.33977618],[120.9424538,24.33913734],[120.93996301,24.34000006],[120.93797633,24.341803],[120.93672724,24.34222167],[120.93563894,24.34291696],[120.93391226,24.34252411],[120.9328404,24.3420622],[120.92873763,24.33968762],[120.92631164,24.33864927],[120.9226475,24.33791698],[120.91964303,24.33713863],[120.91700704,24.33572439],[120.91636985,24.33419301],[120.91669495,24.33269581],[120.91793233,24.32961591],[120.91810834,24.32858842],[120.91964895,24.3242247],[120.92049826,24.32010881],[120.92065151,24.3181397],[120.92006797,24.31520341],[120.92009433,24.31119438],[120.9205778,24.30865807],[120.92197724,24.3062796],[120.92249569,24.30471254],[120.92244175,24.30359621],[120.92147659,24.30203734],[120.91988321,24.30070376],[120.91676908,24.29901296],[120.9161004,24.29826754],[120.91172711,24.29398082],[120.90886746,24.29392388],[120.90608113,24.29268198],[120.90453024,24.2922285],[120.90198826,24.29226573],[120.8998297,24.29275604],[120.89536713,24.29332181],[120.89157687,24.2940815],[120.88823007,24.29417544],[120.88483,24.29438649],[120.8816201,24.29488246],[120.87750268,24.29505457],[120.87489918,24.29489595],[120.8688647,24.29361381],[120.86572517,24.29268441],[120.86069512,24.29056639],[120.8596244,24.29023923],[120.85722488,24.28911093],[120.85481483,24.28880284],[120.84946344,24.28852775],[120.84695092,24.2886192],[120.84550297,24.28884927],[120.84415385,24.28878876],[120.84148611,24.28921548],[120.8381448,24.2892783],[120.83651509,24.28957149],[120.83356053,24.2904747],[120.83265681,24.29114693],[120.8321029,24.29207551],[120.83064541,24.29319628],[120.82944302,24.29365441],[120.82815659,24.2950474],[120.82530883,24.29678254],[120.82284003,24.29958241],[120.81952516,24.30383588],[120.81879684,24.30552235],[120.81756607,24.30742238],[120.8152986,24.30872329],[120.811861,24.31156086],[120.80979715,24.31274506],[120.80744685,24.31515015],[120.80550801,24.31596661],[120.80229815,24.31620892],[120.79906857,24.31617556],[120.79614994,24.31636994],[120.79431784,24.31701163],[120.79203551,24.31761079],[120.79131629,24.31738947],[120.78773718,24.31836967],[120.78666837,24.3181393],[120.78382135,24.31835459],[120.78237361,24.31917967],[120.78003964,24.31995256],[120.77839566,24.32011022],[120.77766588,24.32062621],[120.77460974,24.32111085],[120.77145586,24.32258613],[120.76745452,24.32534632],[120.76651352,24.3257178],[120.7659012,24.32552751],[120.76325617,24.32593131],[120.76145696,24.32736289],[120.75964234,24.32846939],[120.75850481,24.32865236],[120.75372904,24.33241448],[120.75223387,24.33417168],[120.74861053,24.3361555],[120.74625648,24.33802133],[120.74435189,24.33978076],[120.74327789,24.34051089],[120.74155564,24.34252972],[120.73847702,24.34506975],[120.73444988,24.34794255],[120.73169183,24.35044759],[120.73039939,24.3518107],[120.72839421,24.35284133],[120.72432546,24.35410738],[120.72314631,24.3546742],[120.72061963,24.35512665],[120.71779006,24.35596037],[120.71689489,24.35600089],[120.71395086,24.35658906],[120.71099316,24.35701282],[120.70729005,24.35786793],[120.70722824,24.36045586],[120.70745703,24.3616546],[120.70340756,24.36180111],[120.70009312,24.36317404],[120.69827001,24.36484668],[120.69609581,24.36561406],[120.69472889,24.36633781],[120.69336323,24.36676225],[120.69231892,24.36754447],[120.69195897,24.36828363],[120.69121102,24.37121029],[120.69056762,24.37236311],[120.68976721,24.37450032],[120.68853014,24.3749735],[120.68736023,24.3769658],[120.68567821,24.37892583],[120.67997534,24.38243082],[120.67727113,24.38415913],[120.67864206,24.38707245],[120.67687525,24.38778331],[120.67421855,24.38976052],[120.67355836,24.39065751],[120.67227207,24.39134095],[120.67134737,24.39105731],[120.6701014,24.39195893],[120.66956119,24.39277327],[120.66903186,24.3944679],[120.66757504,24.39600998],[120.66740004,24.39783219],[120.66615984,24.39890629],[120.66572658,24.40027755],[120.66362205,24.40231446],[120.66210591,24.40354389],[120.6591135,24.40571058],[120.65820109,24.40660237],[120.65688325,24.40716254],[120.65570833,24.4070191],[120.65529031,24.40754519],[120.65377916,24.40773612],[120.65194751,24.40830402],[120.65043266,24.40939289],[120.64873736,24.4095472],[120.64813791,24.41029133],[120.64829657,24.411166],[120.64752515,24.41181175],[120.64606284,24.41218899],[120.64527903,24.41453432],[120.64387897,24.41485952],[120.64333709,24.41534512],[120.64344235,24.41617444],[120.64291631,24.4168747],[120.64286525,24.41846372],[120.64316943,24.42133232],[120.64209752,24.42253075],[120.6410893,24.42312437],[120.64021494,24.4243597],[120.64023219,24.4253868],[120.63965763,24.42776903],[120.63757498,24.42924169],[120.63638197,24.4297855],[120.63440429,24.43118685],[120.633429,24.431579],[120.63180885,24.43275663],[120.63099677,24.43461428],[120.63035601,24.43497339],[120.62941035,24.43615491],[120.62859303,24.43803895],[120.6279447,24.4381579],[120.62628817,24.43914327],[120.62185385,24.44028939],[120.62131128,24.43967867],[120.61928741,24.43489486],[120.61855724,24.43415564],[120.61681794,24.43369823],[120.61585146,24.43307515],[120.61518189,24.43210652],[120.61485901,24.43076896],[120.61465544,24.42874345],[120.61342428,24.42781302],[120.61205921,24.42731857],[120.61026199,24.42586528],[120.61019145,24.42330063],[120.60756401,24.4195282],[120.60626743,24.41823165],[120.60261255,24.41557711],[120.60176746,24.41451791],[120.59969915,24.41040914],[120.59884204,24.40784961],[120.59769704,24.40675799],[120.59401587,24.40394303],[120.59140493,24.40066239],[120.58987057,24.39929857],[120.58858666,24.39645534],[120.58812371,24.39477472],[120.58670559,24.39232173],[120.58362655,24.38984591],[120.58120433,24.38675842],[120.57919691,24.3840001],[120.57724484,24.38192877],[120.57507374,24.37899964],[120.57306171,24.37723797],[120.57113972,24.37423837],[120.57020732,24.36916856],[120.56837758,24.36720031],[120.56758273,24.36743562],[120.56677317,24.36592957],[120.56818942,24.36615472],[120.56560009,24.36392765],[120.56472038,24.36370958],[120.56251145,24.36132704],[120.56139723,24.35954429],[120.56188351,24.3590254],[120.56167154,24.35794265],[120.56035151,24.35612214],[120.55926888,24.35412568],[120.55905217,24.35208891],[120.55920129,24.34979872],[120.55852604,24.34910912],[120.55713679,24.34871787],[120.55584266,24.34774156],[120.55196021,24.34321995],[120.5503983,24.34153503],[120.54856326,24.33851133],[120.54578682,24.33487533],[120.54275736,24.3354808],[120.54075899,24.33542596],[120.53988252,24.33512265],[120.53939035,24.33448439],[120.53912143,24.33209115],[120.53853597,24.33095308],[120.53458045,24.32563098],[120.53307919,24.32314854],[120.53231289,24.32051],[120.53132894,24.3196145],[120.52984788,24.31892993],[120.52818427,24.31867092],[120.52601341,24.31771803],[120.5237441,24.31578105],[120.52197625,24.31289987],[120.52134009,24.31072947],[120.51894456,24.30643368],[120.51824543,24.30421801],[120.51807535,24.30240957],[120.51755289,24.30035247],[120.51680749,24.29845783],[120.5140438,24.29481222],[120.51202719,24.29354569],[120.5108289,24.29222732],[120.50825645,24.28390662],[120.50812013,24.28396496],[120.50005798,24.26763911],[120.49818813,24.26393099],[120.49310108,24.26614362],[120.49292725,24.26587284],[120.48901686,24.2564663],[120.48889436,24.25630541],[120.48633307,24.25735975],[120.48618062,24.2570707],[120.49048395,24.25528226],[120.4895066,24.25330831],[120.48278651,24.23743007],[120.48096797,24.23335546],[120.47971886,24.23219827],[120.47632229,24.22433303],[120.4723293,24.22233084],[120.47129855,24.22059832],[120.46881506,24.21446781],[120.46778458,24.21452182],[120.46599501,24.21528413],[120.46569774,24.21500902],[120.46120708,24.21668794],[120.46077926,24.21560307],[120.46178693,24.21539584],[120.46490776,24.21427805],[120.46381235,24.21326443],[120.46032311,24.21164706],[120.45791181,24.20927411],[120.45655266,24.2071862],[120.49425021,24.19457443],[120.50438085,24.19114616],[120.50810394,24.18716648],[120.51110961,24.18064367],[120.51428601,24.17278242],[120.51518842,24.17091358],[120.51751866,24.1653257],[120.51899637,24.16314298],[120.5207907,24.15851194],[120.52361071,24.15344839],[120.52451413,24.15240627],[120.52586367,24.14854598],[120.52566495,24.14604178],[120.52524027,24.14426773],[120.52440026,24.14241283],[120.5232807,24.14095203],[120.52367871,24.13945794],[120.52760145,24.13416931],[120.52989382,24.13075597],[120.53071586,24.12901302],[120.53224409,24.12692236],[120.53310159,24.12605895],[120.53410157,24.12555976],[120.54034514,24.12396833],[120.54111145,24.12341102],[120.54144616,24.12238056],[120.5452242,24.11662495],[120.54657198,24.11609402],[120.5490078,24.1142222],[120.54968296,24.1138826],[120.55198834,24.11352987],[120.5536871,24.11281051],[120.55802456,24.11254471],[120.56559264,24.10981927],[120.57260746,24.10831773],[120.57350431,24.10841341],[120.57553245,24.10904289],[120.5766187,24.10958695],[120.58351754,24.10954991],[120.58552858,24.10757613],[120.5869215,24.10676017],[120.58894587,24.10610127],[120.59485215,24.10489851],[120.59995459,24.10518746],[120.60152347,24.10426502],[120.60221108,24.10318917],[120.6030853,24.10287018],[120.60802847,24.10272239],[120.60886342,24.10209178],[120.61010623,24.1021115],[120.61236205,24.10258167],[120.61248102,24.09919188],[120.61323491,24.09812363],[120.61315271,24.09733247],[120.61341086,24.09531319],[120.61451085,24.09215234],[120.61489434,24.0899907],[120.61510174,24.08672104],[120.61490572,24.08593677],[120.61515953,24.08429193],[120.61607244,24.08250431],[120.61667808,24.08091467],[120.61699758,24.07942442],[120.61865189,24.07509499],[120.61965934,24.07304606],[120.62067856,24.07232622],[120.62197311,24.07264369],[120.62398378,24.07148364],[120.62461386,24.07069365],[120.6253412,24.06895118],[120.62544434,24.06776004],[120.62533447,24.06536594],[120.62566586,24.0620935],[120.62552436,24.05972653],[120.6256851,24.05702809],[120.6248338,24.05570148],[120.62357944,24.05326711],[120.6234492,24.05196183],[120.62447607,24.04936675],[120.62448599,24.0482827],[120.62554376,24.04740055],[120.62579148,24.04681468],[120.62575249,24.04407903],[120.62601176,24.04162275],[120.6273506,24.04076171],[120.62771212,24.04021643],[120.62810707,24.0383528],[120.62631068,24.03577069],[120.62447018,24.03377928],[120.62410291,24.03267086],[120.62417285,24.03161075],[120.62515259,24.03018958],[120.62597346,24.02988043],[120.62865206,24.02962227],[120.63139829,24.03015509],[120.63398093,24.03108239],[120.63613993,24.03105283],[120.63709908,24.02885812],[120.63883044,24.02775477],[120.64026087,24.02728365],[120.64191913,24.0273697],[120.64318756,24.02636415],[120.64485852,24.02593093],[120.64620798,24.02667321],[120.64616926,24.02833777],[120.64565534,24.02871416],[120.64549538,24.03001728],[120.64483245,24.03106146],[120.64443216,24.03231169],[120.64460644,24.03343807],[120.64526628,24.03431286],[120.64655251,24.03394304],[120.64921378,24.03073168],[120.6496406,24.03076769],[120.65164421,24.02865338],[120.65190182,24.02858132],[120.6556551,24.03067491],[120.65813758,24.02824256],[120.65937615,24.02736735],[120.66122885,24.02570224],[120.66348696,24.02496809],[120.66455627,24.02393042],[120.66477602,24.02328912],[120.66842536,24.02073486],[120.67864076,24.01403333],[120.67875761,24.01422472],[120.68311422,24.01206479],[120.68599099,24.01047398],[120.68884067,24.00927382],[120.69487763,24.00712024],[120.70637791,24.00519334],[120.70944969,24.00623129],[120.71923738,24.00966062],[120.72291541,24.00962302],[120.73172731,24.00900508],[120.73312397,24.00839396],[120.74364592,24.00217085],[120.74544059,23.99915281],[120.74603375,23.99856282],[120.74759989,23.99915012],[120.7487383,24.00101136],[120.749668,24.00157807],[120.75109476,24.00285531],[120.75313753,24.00234057],[120.75420402,24.00263981],[120.75442444,24.00332244],[120.75589247,24.00353239],[120.75613985,24.00447732],[120.75762356,24.00501137],[120.75778161,24.00586974],[120.76001183,24.00647123],[120.76093241,24.00616644],[120.76267158,24.00625798],[120.76448299,24.00709667],[120.76560308,24.00797757],[120.76670023,24.00832761],[120.76749616,24.00904768],[120.7684677,24.00920729],[120.77055928,24.00907492],[120.77097165,24.00957749],[120.77044393,24.01077648],[120.77109027,24.01134042],[120.77130107,24.0125262],[120.77110849,24.01347367],[120.77143484,24.01441789],[120.77229676,24.01471338],[120.77349517,24.01593592],[120.77512798,24.01846521],[120.77612219,24.01920384],[120.77811416,24.01951521],[120.77975819,24.02026519],[120.7797524,24.02110944],[120.78154727,24.02232338],[120.78291944,24.02367479],[120.78312227,24.02477748],[120.78428773,24.02407321],[120.78501201,24.02557883],[120.78478103,24.02761079],[120.78556634,24.02768155],[120.78547991,24.02867089],[120.78688721,24.02957136],[120.78755114,24.03034303],[120.78888637,24.03064253],[120.78946661,24.03122851],[120.79048322,24.03068791],[120.7915367,24.03067443],[120.79180223,24.03185816],[120.79284616,24.03239306],[120.791587,24.03345081],[120.79169093,24.03526272],[120.79347544,24.03721385],[120.79419504,24.03754546],[120.79463328,24.03859915],[120.79577859,24.03998889],[120.79724781,24.04094157],[120.79748715,24.04183813],[120.796712,24.04223344],[120.79702669,24.04367591],[120.79887429,24.04588011],[120.79921343,24.04668483],[120.80065014,24.04864829],[120.80139977,24.05044914],[120.80106936,24.05145268],[120.8026178,24.05165683],[120.80345305,24.05248081],[120.80368296,24.05354147],[120.80328524,24.05452298],[120.80354677,24.05549534],[120.80326902,24.05617298],[120.80430407,24.05727208],[120.80487993,24.05914465],[120.80627998,24.06043565],[120.80666415,24.06107544],[120.80727093,24.06302046],[120.80697334,24.06422394],[120.80798704,24.06537119],[120.80921222,24.06626106],[120.81177329,24.06600974],[120.81249313,24.06762661],[120.81368424,24.06854905],[120.8141314,24.06957077],[120.81498049,24.0698354],[120.81555107,24.06894078],[120.81634738,24.06846396],[120.8192432,24.06846584],[120.82047284,24.06967232],[120.8224282,24.06982232],[120.82371474,24.07069954],[120.82615699,24.07125574],[120.82688345,24.07115854],[120.82929646,24.07150995],[120.8294316,24.07226589],[120.82904142,24.07332622],[120.82911564,24.07416669],[120.82836587,24.07688199],[120.82825597,24.07816693],[120.82853999,24.07918001],[120.82849125,24.08222684],[120.82890684,24.08355577],[120.82808283,24.08689958],[120.8281281,24.08897939],[120.82855459,24.09045998],[120.82831242,24.09289877],[120.82852286,24.09448754],[120.82990096,24.09495863],[120.83162707,24.09689462],[120.83243492,24.09826355],[120.83245816,24.09940877],[120.8316181,24.10098452],[120.83031433,24.10213263],[120.8309004,24.10355542],[120.83209124,24.10420773],[120.83382723,24.10630074],[120.83450235,24.10761469],[120.83455132,24.10849247],[120.83407692,24.10956283],[120.83453508,24.11056213],[120.8344672,24.11293705],[120.83554772,24.1143932],[120.83627239,24.11695132],[120.83768992,24.11779468],[120.83860923,24.1190329],[120.83950937,24.11919479],[120.84048609,24.12021967],[120.84212068,24.12068389],[120.84210977,24.121319],[120.842989,24.12305317],[120.84484606,24.12452807],[120.84626864,24.12438924],[120.84696512,24.1239967],[120.84889618,24.12386063],[120.85035121,24.12452316],[120.85386735,24.124511],[120.85446349,24.12352191],[120.85524031,24.12297528],[120.85528255,24.12231046],[120.85615261,24.1215475],[120.856358,24.12003927],[120.85694944,24.11973781],[120.85720968,24.11730064],[120.85847739,24.11625914],[120.86016806,24.11588686],[120.86366689,24.11575761],[120.86442827,24.11536923],[120.86551543,24.1154829],[120.86736155,24.11629249],[120.86886393,24.11760265],[120.86958619,24.11710597],[120.87256384,24.11669701],[120.87281639,24.11588333],[120.8738465,24.11531423],[120.87424628,24.11341613],[120.87516169,24.11297368],[120.87764409,24.10977211],[120.87916117,24.10921916],[120.87887072,24.10771691],[120.87930442,24.10593966],[120.88017697,24.10537857],[120.8801212,24.10436965],[120.880892,24.10388018],[120.88044666,24.1033279],[120.88148809,24.10050632],[120.87975879,24.09931183],[120.87901013,24.09798583],[120.87895944,24.09683223],[120.8782215,24.09530379],[120.87818851,24.09349902],[120.87685772,24.09119326],[120.87756382,24.08764791],[120.87817521,24.08579726],[120.87924947,24.08583832],[120.87980544,24.08732984],[120.88037517,24.0878807],[120.88031843,24.08857867],[120.88200413,24.08832548],[120.88299679,24.09046796],[120.8849495,24.09300945],[120.88544439,24.09475407],[120.8858712,24.09541005],[120.88678919,24.09583814],[120.8879415,24.09589427],[120.89004854,24.09664997],[120.89107459,24.09744337],[120.89153422,24.09869611],[120.89094601,24.10113918],[120.89126939,24.10241344],[120.89420104,24.1065548],[120.89372911,24.10844559],[120.89372717,24.10931166],[120.89420001,24.11034763],[120.89375487,24.11110848],[120.8920018,24.11161254],[120.89107774,24.11223099],[120.89024145,24.11354771],[120.89016736,24.1142096],[120.89104321,24.11563863],[120.89264512,24.11622745],[120.89359454,24.11603659],[120.89491059,24.1165232],[120.89695129,24.11627063],[120.89870228,24.11555745],[120.89991005,24.1155626],[120.90284104,24.1146899],[120.90488476,24.11448667],[120.9068626,24.1123414],[120.90709329,24.11072452],[120.90956095,24.10923068],[120.91121237,24.1087774],[120.91323398,24.10898195],[120.91455164,24.10757408],[120.91675281,24.10774919],[120.91930441,24.10734637],[120.91988031,24.10744156],[120.9212305,24.10875557],[120.92307858,24.10990826],[120.92526513,24.11052678],[120.92714382,24.11172504],[120.92919498,24.11209449],[120.93186039,24.11221408],[120.93255207,24.1125814],[120.93304729,24.11344237],[120.93495603,24.1152559],[120.93611923,24.11596753],[120.93747106,24.11718949],[120.93892349,24.11784298],[120.94121978,24.12007053],[120.94203335,24.12059048],[120.94451259,24.12285054],[120.94837945,24.12493991],[120.94944836,24.12753621],[120.95010718,24.12786245],[120.95264411,24.12684815],[120.95425455,24.125492],[120.95539108,24.12523431],[120.95707741,24.12415991],[120.95799994,24.12333397],[120.96007189,24.12088578],[120.96120767,24.12015257],[120.96213934,24.12029884],[120.96398907,24.11987921],[120.96704395,24.12029768],[120.96837089,24.12018495],[120.97095418,24.12028329],[120.97268207,24.11953486],[120.97341398,24.11961872],[120.97444467,24.118922],[120.97522037,24.11695455],[120.97645965,24.11692893],[120.97795011,24.11753769],[120.97909308,24.11826307],[120.98123076,24.11882915],[120.98370868,24.11916142],[120.98522095,24.12018594],[120.98600061,24.12011589],[120.98769573,24.11947981],[120.98859377,24.11886551],[120.98943561,24.11896094],[120.99188836,24.12086198],[120.99218338,24.12220165],[120.99160025,24.12420163],[120.99219545,24.12534189],[120.99368664,24.1256335],[120.99599126,24.12659474],[120.99789515,24.12665028],[120.99862182,24.12691318],[120.99975915,24.12815296],[121.00016342,24.12996828],[121.00004647,24.13117183],[121.00050419,24.13241064],[121.00272944,24.13312587],[121.00348783,24.13388498],[121.00415721,24.13560189],[121.00457377,24.1375987],[121.0058058,24.13909584],[121.00594678,24.13999881],[121.00688954,24.14114409],[121.00702959,24.14263284],[121.00753281,24.14361442],[121.00710592,24.14489566],[121.00773201,24.1456224],[121.00816737,24.14704021],[121.00900874,24.14737221],[121.00971304,24.14830519],[121.01059659,24.15047348],[121.0113232,24.15097291],[121.01210336,24.15215491],[121.01224621,24.15332541],[121.01335546,24.15352046],[121.01436084,24.15439349],[121.01550882,24.15600774],[121.01742252,24.15698565],[121.01988614,24.15886902],[121.02080506,24.1587881],[121.0233391,24.15795677],[121.0255867,24.15810838],[121.02821841,24.15921583],[121.02983371,24.15710177],[121.03008021,24.15505996],[121.03121825,24.15352674],[121.03135911,24.1525738],[121.03088814,24.14962645],[121.03148137,24.14898069],[121.03341552,24.14857908],[121.03559421,24.15076342],[121.03582196,24.15120053],[121.03576841,24.15307064],[121.03777857,24.15788786],[121.03810599,24.15819554],[121.04076712,24.15858927],[121.04290689,24.15861054],[121.0441421,24.1596611],[121.0464633,24.16005219],[121.04758384,24.16002448],[121.04927977,24.15876303],[121.05069573,24.15810361],[121.05174641,24.15548551],[121.05258826,24.15476744],[121.05551021,24.15708826],[121.05649457,24.15819487],[121.05794759,24.15923462],[121.05879864,24.16026347],[121.05929235,24.16267998],[121.06135181,24.16325113],[121.06310684,24.16325545],[121.06429524,24.16289725],[121.0655383,24.16387698],[121.06633438,24.16551542],[121.06739537,24.16577913],[121.06863346,24.16698834],[121.0698542,24.16755494],[121.07016115,24.16839252],[121.07241789,24.16986998],[121.07466236,24.16997273],[121.07542379,24.17034892],[121.07662954,24.17170722],[121.07791778,24.17224161],[121.07909866,24.17305371],[121.07964788,24.17379253],[121.08080881,24.17462067],[121.08122821,24.17555],[121.08374995,24.1756296],[121.08487598,24.175923],[121.08711806,24.17797626],[121.08888082,24.18057583],[121.09042641,24.18175259],[121.09134529,24.18272991],[121.09149263,24.18379241],[121.09106317,24.18481609],[121.09398476,24.18788563],[121.09440936,24.19014825],[121.09632723,24.19207065],[121.0990817,24.1936599],[121.10013054,24.19401979],[121.10143165,24.19488211],[121.10197115,24.19579524],[121.10434353,24.19603289],[121.10568219,24.19721416],[121.10741708,24.19781518],[121.10931847,24.19801747],[121.11131329,24.1977076],[121.11340914,24.19684552],[121.11683363,24.19721312],[121.11875116,24.19721096],[121.12019415,24.19688877],[121.12255033,24.19608738],[121.12373023,24.19615549],[121.12500218,24.19654088],[121.12720687,24.19677111],[121.1287428,24.19610191],[121.12972021,24.19616974],[121.13063945,24.19671552],[121.1322717,24.19690134],[121.13529013,24.19621084],[121.13635496,24.19633849],[121.13780995,24.19760596],[121.14026955,24.19879442],[121.1413618,24.19964963],[121.14253768,24.20159579],[121.14316173,24.20431045],[121.14300111,24.20528074],[121.14409305,24.20706114],[121.14503693,24.2076561],[121.14614688,24.2089246],[121.14781889,24.21284768],[121.14959423,24.21318294],[121.15142573,24.21288252],[121.15184898,24.21317629],[121.15552199,24.21431565],[121.15651697,24.21473632],[121.15842358,24.21458436],[121.16020872,24.21490312],[121.16113244,24.21535274],[121.16259395,24.21739476],[121.16332105,24.21906607],[121.16394454,24.21963163],[121.16436934,24.22178655],[121.16601095,24.2233467],[121.1669163,24.22396856],[121.16769984,24.22538499],[121.17016752,24.22346024],[121.17348823,24.22032562],[121.17500263,24.21827972],[121.17667304,24.21645506],[121.17768071,24.21572841],[121.17852406,24.21401299],[121.18073561,24.21228007],[121.18171057,24.212045],[121.18239819,24.21230745],[121.18386372,24.21366682],[121.18518763,24.21445112],[121.18850558,24.21491479],[121.19018163,24.21568207],[121.19184022,24.21690883],[121.19177897,24.21807364],[121.192313,24.21904088],[121.19378767,24.2205863],[121.19505054,24.22159546],[121.19619443,24.22290749],[121.19669748,24.22314386],[121.19842405,24.22289332],[121.20156159,24.22164409],[121.20505457,24.22208514],[121.20626987,24.22171994],[121.20808823,24.22167143],[121.20997024,24.22260314],[121.21266714,24.22421492],[121.21580553,24.22534658],[121.21736645,24.22690375],[121.21805572,24.22818958],[121.21970789,24.22923946],[121.22057925,24.22884906],[121.2216403,24.22782556],[121.22372615,24.22701212],[121.22610484,24.22583954],[121.22712005,24.22563139],[121.22833804,24.22470518],[121.22843682,24.22596938],[121.23062357,24.22610529],[121.23091557,24.22515337],[121.23040882,24.22352624],[121.23250486,24.22230833],[121.23313874,24.22221984],[121.23589633,24.22124665],[121.23700557,24.22010606],[121.23795197,24.21970673],[121.23870252,24.22047813],[121.24073647,24.2217067],[121.24229429,24.22193325],[121.24416019,24.22249455],[121.2446063,24.22350328],[121.24486653,24.2249705],[121.2462077,24.22649859],[121.24712705,24.22821973],[121.24819331,24.23078716],[121.24873219,24.23251318],[121.25122044,24.23799217],[121.25318986,24.24102838],[121.2550675,24.24321857],[121.25680686,24.24440398],[121.25879066,24.24511633],[121.26148973,24.24570693],[121.26498038,24.2458647],[121.26541365,24.24566788],[121.26581999,24.24369752],[121.26638276,24.2424235],[121.26587934,24.24123264],[121.2665987,24.2405539],[121.26849404,24.23994837],[121.26891291,24.23791598],[121.27048629,24.2367884],[121.27326942,24.23644851],[121.27393382,24.23567774],[121.27514527,24.2354822],[121.27661397,24.23558113],[121.2771205,24.23493413],[121.27773358,24.23187514],[121.27921648,24.23090581],[121.27987879,24.22984094],[121.28089842,24.23063748],[121.28275194,24.23103563],[121.28367337,24.23065117],[121.28406018,24.22972367],[121.28577764,24.22913602],[121.28704295,24.22965493],[121.28935177,24.23014102],[121.28995044,24.22973303],[121.29101575,24.23015282],[121.29312914,24.22916366],[121.29409672,24.22968436],[121.29487018,24.23116962],[121.29498152,24.23200832],[121.29568123,24.23262738],[121.29702689,24.23301079],[121.2983356,24.23301277],[121.29872525,24.23348891],[121.29805107,24.23419546],[121.29888952,24.23577041],[121.30088262,24.2366372],[121.30234928,24.23645101],[121.30288947,24.23495395],[121.30366692,24.2337605],[121.30588907,24.23369944],[121.30740437,24.23447357],[121.30881686,24.23493725],[121.31211706,24.23507885],[121.31408837,24.23499711],[121.31644664,24.23438974],[121.31784002,24.23299251],[121.31939282,24.23194943],[121.32206738,24.23206176],[121.32443694,24.23300774],[121.32649176,24.2325284],[121.33021911,24.23115539],[121.33155928,24.2299395],[121.33294942,24.22986809],[121.33567963,24.22858991],[121.33733238,24.22754449],[121.33911737,24.22670376],[121.34076794,24.22548134],[121.34242185,24.22386593],[121.34301355,24.22355425],[121.34415523,24.22483596],[121.34472138,24.22591226],[121.34547376,24.22657521],[121.34839658,24.22998745],[121.3490417,24.23164069],[121.35055134,24.23308374],[121.35202691,24.2340717],[121.35295625,24.23637798],[121.35321637,24.23892691],[121.35315876,24.24011952],[121.35249103,24.2431957],[121.35259984,24.24385541],[121.35622019,24.24457058],[121.35853579,24.24360258],[121.36066223,24.24394401],[121.36168416,24.24463409],[121.3642547,24.24706705],[121.3652228,24.24847172],[121.36701793,24.25217447],[121.36989188,24.25254423],[121.37155305,24.25315947],[121.37254227,24.2540651],[121.37309314,24.25409623],[121.37662475,24.25303066],[121.37841846,24.25281628],[121.38018512,24.25333741],[121.3837971,24.25495217],[121.38511896,24.25512515],[121.38565793,24.25680899],[121.38577581,24.25862063],[121.38524492,24.26047455],[121.3852254,24.26215717],[121.38567624,24.26402471],[121.38326369,24.26798013],[121.38290135,24.26952867],[121.38279302,24.27162028],[121.38221008,24.27508545],[121.38215704,24.27617724],[121.38154936,24.27765858],[121.38046732,24.27948138],[121.38075373,24.28009118],[121.38229513,24.28162324],[121.38357551,24.28242141],[121.38557196,24.28336367],[121.3872367,24.28470744],[121.38962476,24.28725731],[121.39061823,24.28955358],[121.39093339,24.28973816],[121.39351006,24.2882334],[121.39513867,24.28811502],[121.39657747,24.28873873],[121.39721917,24.2905285],[121.39805882,24.29133252],[121.39996922,24.29368813],[121.40276429,24.29594672],[121.40346821,24.29695272],[121.40318921,24.29769537],[121.40375093,24.29925118],[121.40456302,24.30233465],[121.40498817,24.30494886],[121.4047449,24.30764207],[121.4053868,24.30830246],[121.40726949,24.3080537],[121.40990449,24.3073521],[121.41142878,24.30726532],[121.41271837,24.30754774],[121.41437222,24.30822435],[121.41557166,24.30849266],[121.41667668,24.30915361],[121.41806377,24.3083309],[121.42023487,24.30762338],[121.42180194,24.30749528],[121.42322756,24.308217],[121.42609077,24.31397182],[121.42728362,24.31582804],[121.42848789,24.31736025],[121.43027582,24.31899087],[121.43134344,24.32024682],[121.43233655,24.32073955],[121.43397429,24.32113554],[121.43494098,24.32256351],[121.4344341,24.32571265],[121.43336413,24.32681692],[121.43248772,24.32959486],[121.43265435,24.33111907],[121.4334639,24.33478726],[121.43356389,24.33606307],[121.43408629,24.33704607],[121.43429932,24.33827168],[121.4357096,24.34037903],[121.43726401,24.34159056],[121.43773429,24.34245617],[121.43705832,24.34343991],[121.43624118,24.34521378],[121.43561099,24.34724793],[121.43645324,24.3484375],[121.43778727,24.35205351],[121.43879442,24.35345998],[121.43953524,24.35400895],[121.44022854,24.35526851],[121.44058551,24.35694913],[121.4415677,24.35859473],[121.44273535,24.35896398],[121.44470897,24.35917848],[121.44604991,24.35959355],[121.44709189,24.35946848],[121.44745859,24.35984297],[121.44778805,24.36149601],[121.44865725,24.36278296],[121.45200502,24.36468167]]]},"properties":{"gml_id":"layer_city_boundary_pg.32","Name":"台中市","layer":"市","code":"710400000000","grade":2}},
{"type":"Feature","geometry":{"type":"Polygon","coordinates":[[[120.65344466,23.22453991],[120.65138285,23.22408818],[120.6506471,23.22461282],[120.64823258,23.22554578],[120.64809354,23.22647335],[120.64690779,23.22713479],[120.6453938,23.22636798],[120.64417408,23.22531891],[120.64272139,23.22562313],[120.6410441,23.22651055],[120.64052307,23.22704048],[120.6389058,23.22795092],[120.63797554,23.22790902],[120.63712992,23.22828848],[120.63548169,23.2284433],[120.63436624,23.22914704],[120.63338605,23.22862335],[120.6320195,23.22888735],[120.63106083,23.22953675],[120.62956669,23.22905815],[120.62821178,23.22943999],[120.62618606,23.22855825],[120.6249651,23.22728565],[120.62216202,23.22660857],[120.61957132,23.22578777],[120.61859518,23.22574894],[120.61670736,23.22355619],[120.61529906,23.22352776],[120.61343874,23.2240095],[120.61285133,23.22395447],[120.6116487,23.22281634],[120.60971376,23.22273233],[120.60817202,23.22467929],[120.6060393,23.22589354],[120.60272196,23.22608199],[120.60030461,23.22756006],[120.59877544,23.22798698],[120.5974298,23.22888533],[120.59688591,23.22973958],[120.59638561,23.23172062],[120.59662158,23.23311666],[120.5964258,23.23503692],[120.59572186,23.23688551],[120.59379509,23.23942047],[120.59234966,23.23974274],[120.5921268,23.23733042],[120.5917016,23.23611974],[120.5907631,23.23517843],[120.59013646,23.23388691],[120.59019194,23.23273913],[120.58993753,23.23141913],[120.58897535,23.23026001],[120.58654704,23.22409497],[120.58489743,23.2232473],[120.58292674,23.2213634],[120.58198466,23.22009483],[120.5801489,23.21947442],[120.57968085,23.21899231],[120.57921537,23.21691334],[120.57852169,23.21524743],[120.57621635,23.21660445],[120.57470618,23.21776724],[120.5725058,23.21780747],[120.57102492,23.21821623],[120.56900812,23.21945452],[120.56733301,23.21982903],[120.56528751,23.22098153],[120.56378356,23.22021762],[120.56137185,23.21741601],[120.5600044,23.21729132],[120.55807679,23.21682442],[120.55750096,23.21723673],[120.55546596,23.21735455],[120.55487527,23.21757683],[120.55430996,23.21874768],[120.5536322,23.21883863],[120.55241021,23.22032651],[120.55051982,23.22073246],[120.54978443,23.22133963],[120.54871567,23.22381206],[120.54638081,23.22509655],[120.54398786,23.226585],[120.54240081,23.22699707],[120.54150716,23.22783087],[120.53975967,23.22766923],[120.53718924,23.22862544],[120.53621223,23.22917642],[120.53405088,23.22898959],[120.53195758,23.22966678],[120.53117372,23.23181123],[120.52958633,23.23256778],[120.52787879,23.23197415],[120.52681931,23.23093488],[120.52574306,23.23153371],[120.52460668,23.23262951],[120.52347478,23.23411448],[120.52315249,23.23495316],[120.52161115,23.23645358],[120.52090104,23.23686694],[120.52060362,23.23764252],[120.51980448,23.23780319],[120.51903598,23.23925766],[120.52089297,23.24043709],[120.52271331,23.24115722],[120.52430509,23.24212039],[120.52790772,23.24536169],[120.52911881,23.24726445],[120.52996905,23.24795099],[120.53059773,23.24943517],[120.53087649,23.25107223],[120.53153471,23.25198813],[120.53154272,23.2534349],[120.53206348,23.25412592],[120.53228466,23.25514622],[120.53073356,23.25603222],[120.53056275,23.25729621],[120.52924877,23.25801253],[120.52921003,23.25948197],[120.52874233,23.26020013],[120.52841253,23.26223066],[120.5279019,23.263092],[120.52668895,23.26401662],[120.52622369,23.26503101],[120.52609038,23.26649069],[120.52365256,23.26819197],[120.52253548,23.26925493],[120.52215764,23.27029874],[120.52042496,23.2717782],[120.52221944,23.27396592],[120.52232769,23.27438401],[120.52171,23.27583275],[120.52188256,23.2766056],[120.52141257,23.27805088],[120.52112944,23.27992735],[120.52270415,23.28142128],[120.52292628,23.28241822],[120.52262218,23.28302065],[120.52290762,23.28460915],[120.52218513,23.28613392],[120.52184563,23.28794737],[120.52257495,23.28932205],[120.52377145,23.2901054],[120.52446159,23.29154534],[120.5260082,23.29222851],[120.52627203,23.29584715],[120.52567887,23.29824236],[120.52453929,23.30127425],[120.52387896,23.30239295],[120.52408516,23.30336664],[120.52336602,23.30636696],[120.52335857,23.30870135],[120.5227615,23.31008766],[120.52260645,23.31188722],[120.52389023,23.31334833],[120.52607305,23.31429278],[120.52728021,23.31463759],[120.52834399,23.31593282],[120.53012928,23.31725805],[120.53072224,23.31704925],[120.53148645,23.31790784],[120.53194899,23.32115001],[120.53284873,23.32179351],[120.53377883,23.32197741],[120.53595458,23.32425573],[120.53705395,23.32653961],[120.53999421,23.32787134],[120.53837104,23.33005348],[120.53820043,23.33083399],[120.53740357,23.33172079],[120.53681189,23.33326459],[120.53404124,23.33576938],[120.53372043,23.33647292],[120.53281385,23.33637957],[120.53153189,23.33681812],[120.53029139,23.33806369],[120.52758872,23.33859076],[120.52692783,23.33938674],[120.52584978,23.3391994],[120.52453512,23.33830668],[120.52383078,23.33942068],[120.52375358,23.34009795],[120.52310873,23.34067981],[120.52175236,23.34038892],[120.5212338,23.34058328],[120.520677,23.34194823],[120.51976962,23.34177924],[120.51858365,23.34196868],[120.51777775,23.34262503],[120.51696926,23.34253907],[120.51550544,23.34375221],[120.51458496,23.34339616],[120.51199526,23.34413325],[120.51024324,23.34403179],[120.5096076,23.34337002],[120.50770627,23.34304213],[120.50660467,23.34419631],[120.50508732,23.34481623],[120.50564504,23.34556949],[120.50445164,23.34654543],[120.50463255,23.34934896],[120.50368496,23.34950167],[120.50359557,23.35102652],[120.5040443,23.35183117],[120.50407772,23.35288294],[120.5048023,23.35481223],[120.50569164,23.35539231],[120.50750137,23.35390847],[120.508086,23.35276145],[120.51084078,23.35400412],[120.51235682,23.35567556],[120.51216087,23.35821678],[120.51242187,23.35983268],[120.51208802,23.36062281],[120.51115188,23.36081397],[120.51123551,23.36154595],[120.5105273,23.36238056],[120.51053471,23.36436135],[120.50889323,23.36459211],[120.50804112,23.36507066],[120.50705547,23.36607182],[120.50667438,23.3670835],[120.50487151,23.36748843],[120.5045731,23.36827238],[120.50483224,23.36890331],[120.5025925,23.36953731],[120.50217422,23.36817264],[120.50139585,23.3677492],[120.49946898,23.36803668],[120.49871453,23.36869041],[120.49726138,23.36892736],[120.49615625,23.36989946],[120.49505864,23.36987999],[120.49426724,23.36949003],[120.49368266,23.37032469],[120.49142992,23.37246138],[120.49075318,23.37162374],[120.48991573,23.37129542],[120.48944747,23.37283808],[120.4882402,23.37300305],[120.48743118,23.37206766],[120.48708789,23.37105098],[120.48539975,23.36981666],[120.48393132,23.36956896],[120.4838561,23.37060069],[120.48299793,23.37164108],[120.48298937,23.37305022],[120.48351243,23.37469423],[120.48336456,23.37579996],[120.48383731,23.37824896],[120.48439757,23.37948284],[120.48537815,23.38025045],[120.48783891,23.38109522],[120.48931441,23.38187931],[120.49027414,23.3830725],[120.49124557,23.38264024],[120.4926545,23.38317591],[120.49345585,23.38392328],[120.49451663,23.38430915],[120.49577282,23.38388739],[120.49681449,23.38424711],[120.49790273,23.38546357],[120.49921736,23.38785814],[120.49710129,23.38938636],[120.4974976,23.39123426],[120.49558546,23.39318574],[120.49479232,23.3933095],[120.49466993,23.39396428],[120.49337031,23.39480854],[120.49093189,23.39556234],[120.48996845,23.39540942],[120.48987091,23.39461783],[120.48697448,23.39236832],[120.48626954,23.39311137],[120.48526436,23.3927786],[120.48567027,23.39144016],[120.48379194,23.39127259],[120.48336271,23.39007117],[120.48264686,23.38946276],[120.48072845,23.38920373],[120.47941495,23.38759097],[120.47908177,23.38783731],[120.47841778,23.38957878],[120.47746623,23.3907129],[120.47560804,23.3908372],[120.47525467,23.39136933],[120.47611817,23.39353433],[120.47606149,23.39403829],[120.47432666,23.39596978],[120.4740468,23.39734661],[120.47324296,23.39817082],[120.47217876,23.39807875],[120.47103227,23.3989476],[120.46952028,23.39940616],[120.46883009,23.4005168],[120.46749844,23.40112936],[120.46687825,23.40058369],[120.46494921,23.4007721],[120.46440808,23.40119497],[120.46218386,23.40215572],[120.46145348,23.40330624],[120.46083512,23.40372604],[120.46096553,23.40465788],[120.45907375,23.40468894],[120.45732637,23.40541843],[120.4554582,23.40665975],[120.45269002,23.40677964],[120.45178536,23.40829326],[120.45008016,23.40923332],[120.44739669,23.40981273],[120.44437452,23.41109443],[120.44299631,23.41238732],[120.44155757,23.41316524],[120.43939435,23.41295208],[120.4383568,23.41338872],[120.4374826,23.41310858],[120.43707785,23.41236831],[120.43610342,23.41278369],[120.43570426,23.41220753],[120.43448156,23.41220383],[120.4345831,23.41129243],[120.43390349,23.41096684],[120.43319641,23.4112902],[120.43210988,23.41069672],[120.4315824,23.40775113],[120.43050645,23.40659638],[120.42969474,23.40646596],[120.42881096,23.40729656],[120.42762348,23.40639595],[120.42598658,23.40687022],[120.42340289,23.40642685],[120.42206955,23.40709917],[120.42114094,23.40606988],[120.42033421,23.40384116],[120.41957449,23.40377774],[120.41836644,23.40629733],[120.418129,23.40813912],[120.41778476,23.40876956],[120.41629752,23.41042003],[120.41513979,23.41104747],[120.41399645,23.41115676],[120.41146123,23.41023135],[120.41016246,23.41040813],[120.4094185,23.41243113],[120.40810395,23.41342882],[120.40708832,23.41190181],[120.40608266,23.41104901],[120.4047023,23.41028406],[120.40291363,23.40960387],[120.39635945,23.40734863],[120.39322216,23.40645885],[120.38804594,23.40517318],[120.38598504,23.40449903],[120.38229768,23.40379828],[120.38103527,23.40343776],[120.37539158,23.40317795],[120.37186408,23.40325373],[120.36972795,23.40305267],[120.35961513,23.40264369],[120.35481659,23.40146088],[120.35342848,23.40121537],[120.34951809,23.40132495],[120.34632297,23.40038246],[120.34485496,23.39962389],[120.34407936,23.39877854],[120.34301671,23.3981681],[120.34293024,23.39669696],[120.33988841,23.39337477],[120.33738348,23.39045884],[120.33472654,23.38694459],[120.33317914,23.38580836],[120.33182849,23.38575953],[120.32995213,23.38540228],[120.3289295,23.38488137],[120.328681,23.38611961],[120.32410904,23.38426872],[120.32357073,23.38364595],[120.32168847,23.38359344],[120.3194414,23.38603912],[120.31988882,23.38677621],[120.31884,23.38718592],[120.31783769,23.38843647],[120.31486677,23.38850336],[120.31462364,23.38795233],[120.31244442,23.38698398],[120.31099854,23.38557017],[120.31119126,23.38339699],[120.3103303,23.38310304],[120.31048269,23.38184239],[120.31053505,23.37856559],[120.3109402,23.37544002],[120.30795822,23.37494924],[120.30289788,23.37594143],[120.29935661,23.37534234],[120.29294984,23.37538068],[120.29167802,23.37393616],[120.28946774,23.37090298],[120.28723407,23.36883984],[120.28568238,23.3669348],[120.285032,23.36455535],[120.28374511,23.36180641],[120.28366835,23.36000016],[120.28382794,23.35866442],[120.2846005,23.35625626],[120.28596628,23.35422776],[120.28634131,23.35258026],[120.28639818,23.35084457],[120.28612887,23.35021045],[120.28140746,23.34823535],[120.27848101,23.34769533],[120.27628851,23.34821157],[120.27576644,23.34890902],[120.27575377,23.35003106],[120.27477706,23.35171457],[120.27388602,23.35245062],[120.27137601,23.35348122],[120.27048827,23.3536919],[120.26828008,23.35358509],[120.26680874,23.35311156],[120.26564016,23.35224084],[120.26441533,23.35052858],[120.26244956,23.34701664],[120.26135355,23.34589365],[120.26070463,23.34447354],[120.26365697,23.34509554],[120.26525739,23.34466843],[120.26752016,23.34473274],[120.26707317,23.34068839],[120.26662974,23.34055856],[120.26284783,23.33701126],[120.26289091,23.33684765],[120.25828974,23.33279363],[120.25742919,23.33169061],[120.25514053,23.33061896],[120.24921894,23.32893076],[120.24655129,23.32704752],[120.24506708,23.32680092],[120.24108684,23.32707658],[120.2399401,23.3275399],[120.23808165,23.32707543],[120.23676979,23.32560506],[120.23554396,23.32327099],[120.2345051,23.32024973],[120.23379878,23.31919362],[120.23310469,23.31879381],[120.23223564,23.3173958],[120.23130617,23.31633171],[120.22855493,23.31076918],[120.22807596,23.30958367],[120.2276656,23.30675811],[120.22705012,23.30531691],[120.22588886,23.30322861],[120.22278669,23.29854428],[120.22086781,23.29600267],[120.21733772,23.29442985],[120.2143965,23.29244369],[120.21233483,23.2916945],[120.21182007,23.29270979],[120.20859893,23.29129745],[120.20593594,23.29148095],[120.20426892,23.29190212],[120.20258643,23.29307187],[120.2009447,23.29345014],[120.19910903,23.29466462],[120.19168378,23.30027295],[120.19088889,23.30072972],[120.18840309,23.30123554],[120.18811452,23.30037606],[120.18631718,23.29826964],[120.18579734,23.29697514],[120.18585847,23.29606289],[120.18634516,23.29521195],[120.18765705,23.29427866],[120.18934884,23.29235142],[120.18952325,23.29095994],[120.18903997,23.29021878],[120.18754363,23.2900334],[120.18383135,23.29032311],[120.18166523,23.29086193],[120.18054822,23.290923],[120.17867295,23.2917294],[120.17640685,23.29363928],[120.17565772,23.29442817],[120.17372071,23.29915316],[120.17391649,23.29990493],[120.17322235,23.30053532],[120.17285504,23.30142761],[120.17094218,23.30458221],[120.1694402,23.30607738],[120.16780987,23.30740291],[120.16619787,23.30845925],[120.16355502,23.30968545],[120.16031799,23.31064148],[120.15817928,23.31036282],[120.15676624,23.30999362],[120.15550836,23.31048407],[120.15491965,23.3121825],[120.15429668,23.31301815],[120.15305301,23.31327204],[120.14999492,23.31307375],[120.14856643,23.31444569],[120.14821722,23.31659559],[120.1486291,23.31933536],[120.14851197,23.319754],[120.14548543,23.32228219],[120.14153415,23.32466902],[120.13661785,23.32812485],[120.13228207,23.32975909],[120.12364276,23.33612092],[120.11807118,23.3401646],[120.11726791,23.33868952],[120.11575831,23.33727765],[120.11400433,23.33624971],[120.11228213,23.33400954],[120.11101113,23.33183295],[120.11110261,23.33043532],[120.11284082,23.32536808],[120.1125828,23.32446135],[120.11269656,23.3232869],[120.11359072,23.32220291],[120.11281062,23.31844531],[120.11254249,23.31558633],[120.11194623,23.3141973],[120.11080091,23.3104028],[120.11013158,23.30914158],[120.10842044,23.30680866],[120.10683403,23.305282],[120.10572745,23.30489203],[120.10310782,23.30452125],[120.10260017,23.30320024],[120.10186097,23.30228615],[120.09900715,23.30048696],[120.09689271,23.29961339],[120.09630954,23.2990898],[120.09457296,23.29590268],[120.0943218,23.29500546],[120.09454974,23.2902118],[120.09501842,23.28838417],[120.09505455,23.28377508],[120.09496124,23.28037778],[120.09429891,23.27331953],[120.09439714,23.27233192],[120.09403906,23.27065312],[120.09335961,23.26538113],[120.09295075,23.26403896],[120.09208664,23.25927757],[120.09160089,23.25801178],[120.09074647,23.25453429],[120.08980286,23.25155798],[120.08934409,23.24963527],[120.0880209,23.24872778],[120.08772559,23.24656039],[120.08592412,23.24404252],[120.08386784,23.24204754],[120.08147041,23.23899425],[120.08061102,23.23757307],[120.08019844,23.23509514],[120.08101338,23.2316325],[120.08098693,23.23025266],[120.08065658,23.22911883],[120.08108346,23.22830749],[120.08181828,23.22562654],[120.08161624,23.22376957],[120.08185658,23.22228795],[120.08101753,23.21640757],[120.08018096,23.21152027],[120.08004316,23.20901526],[120.07893062,23.20490521],[120.07750061,23.20047558],[120.07336561,23.19333027],[120.07157292,23.18973665],[120.07025255,23.18594061],[120.06958751,23.18496688],[120.06977457,23.18423251],[120.06959172,23.1827688],[120.06878442,23.1808634],[120.06763323,23.17949239],[120.0671995,23.17791767],[120.0660832,23.17616817],[120.06437324,23.17237213],[120.06349708,23.17094729],[120.06240929,23.16789427],[120.0614887,23.16611306],[120.06050581,23.16357723],[120.05983589,23.16040767],[120.05907346,23.15876033],[120.05829353,23.15499553],[120.05743085,23.14879906],[120.05690383,23.14414976],[120.05654624,23.14282515],[120.0561049,23.13842715],[120.05557171,23.13623778],[120.05425783,23.13453223],[120.05297402,23.13149698],[120.05278261,23.12958068],[120.05307544,23.12825916],[120.05426372,23.12743501],[120.05502223,23.12628468],[120.05495361,23.1255052],[120.05091333,23.12238905],[120.05294174,23.12459523],[120.05421468,23.12572429],[120.05304814,23.12604665],[120.0521078,23.12595685],[120.05087087,23.12515906],[120.04888028,23.12320115],[120.04765395,23.12272111],[120.04648327,23.1214111],[120.04393416,23.11919691],[120.04319063,23.11799261],[120.04290117,23.11703676],[120.04171564,23.11454626],[120.0408161,23.11303612],[120.0388112,23.11030871],[120.03780217,23.1082764],[120.0352511,23.10254938],[120.03444409,23.09981218],[120.03433794,23.09838055],[120.03380828,23.09630101],[120.0331647,23.0949751],[120.03277636,23.09243641],[120.03183064,23.08775418],[120.03097187,23.08530554],[120.03014162,23.08230115],[120.02971438,23.08121858],[120.02863385,23.07733986],[120.0278911,23.07517349],[120.02780849,23.07393842],[120.02814157,23.07251221],[120.0271517,23.06932406],[120.02690557,23.06792797],[120.02854811,23.066531],[120.02940933,23.066416],[120.0309834,23.0671245],[120.03414013,23.0674545],[120.03718687,23.06712673],[120.03842918,23.06740004],[120.03897215,23.06804804],[120.03988123,23.0671793],[120.0399674,23.06664296],[120.04179638,23.06481596],[120.04177398,23.0645235],[120.04342579,23.06220325],[120.0439942,23.06167099],[120.04497318,23.05958154],[120.04590171,23.05859026],[120.0462571,23.05742412],[120.04982682,23.05220995],[120.05153151,23.05009773],[120.05293093,23.04867782],[120.05418868,23.04694678],[120.05500801,23.04619427],[120.05703852,23.0438912],[120.05794902,23.04310103],[120.06089795,23.04343035],[120.06188332,23.04425453],[120.06516814,23.04325547],[120.06498421,23.04293525],[120.06620748,23.04203823],[120.06728548,23.04153841],[120.06769951,23.04097201],[120.06891873,23.0405402],[120.0730121,23.03944906],[120.07582586,23.03827336],[120.07932379,23.0365507],[120.08057655,23.03562663],[120.08236795,23.03499086],[120.08349553,23.03428252],[120.0871231,23.03265183],[120.09413467,23.02882419],[120.0972255,23.02660103],[120.10395949,23.02277913],[120.10716611,23.02059832],[120.11019172,23.01885929],[120.11412504,23.01593853],[120.11449559,23.01535757],[120.11776475,23.01284318],[120.12108768,23.01004326],[120.12418572,23.00779091],[120.1246688,23.00727665],[120.12709319,23.00555443],[120.12925838,23.00369422],[120.1310816,23.00246867],[120.13473879,22.99943499],[120.1372804,22.99795641],[120.13756508,22.99692302],[120.13818906,22.9968341],[120.13909127,22.99771486],[120.14108251,22.99598382],[120.14095697,22.99450408],[120.14034052,22.9933442],[120.14245572,22.99203317],[120.14572205,22.98925619],[120.14634056,22.98843037],[120.1474858,22.98778564],[120.14883199,22.98572836],[120.14959058,22.9852023],[120.15000757,22.98420445],[120.15185642,22.98243249],[120.15323587,22.98136966],[120.15677644,22.97697096],[120.15867267,22.97488632],[120.15887772,22.97397095],[120.15949624,22.97314499],[120.15978204,22.97122564],[120.15543969,22.96750945],[120.15535708,22.96474112],[120.15966731,22.96355265],[120.16263303,22.96499512],[120.16290459,22.96485991],[120.16456694,22.9617125],[120.16589396,22.96036065],[120.16722928,22.95849967],[120.16852027,22.95713741],[120.17020798,22.95323988],[120.17200475,22.94969787],[120.17227345,22.9484083],[120.17313309,22.94567728],[120.17370686,22.94326719],[120.17452824,22.93691146],[120.1750592,22.93441254],[120.17517231,22.93298423],[120.17488546,22.93009517],[120.17491117,22.92679897],[120.17439531,22.92502117],[120.17420161,22.9229841],[120.17324408,22.92069889],[120.17299468,22.91928893],[120.1733298,22.91746946],[120.17396595,22.91580896],[120.17404527,22.91441947],[120.1768462,22.91264262],[120.1756142,22.91244137],[120.17474517,22.91170775],[120.1767468,22.91234203],[120.1788714,22.91434194],[120.18245455,22.91707686],[120.18656982,22.91965017],[120.189176,22.92069385],[120.19116503,22.92051847],[120.19205223,22.92119801],[120.19328032,22.92086387],[120.19585741,22.9196188],[120.20178578,22.9157174],[120.20391832,22.91486562],[120.20604353,22.91469271],[120.20806758,22.91524265],[120.2110749,22.91249117],[120.21218754,22.91165497],[120.21438423,22.91048009],[120.21612825,22.90994841],[120.21810882,22.90962664],[120.2201129,22.90960545],[120.22102394,22.90999656],[120.22255093,22.91134225],[120.22389347,22.91288739],[120.22586206,22.91549951],[120.22749789,22.91672687],[120.22868227,22.91698987],[120.23041936,22.91669464],[120.23169216,22.91540075],[120.23143177,22.91227561],[120.23156898,22.90866739],[120.23212781,22.90671165],[120.23320339,22.90540222],[120.23617242,22.90509238],[120.24011396,22.90428312],[120.24286101,22.90351513],[120.24529357,22.90127136],[120.24693107,22.89929176],[120.2476076,22.89819191],[120.24961224,22.8966239],[120.25257027,22.89486477],[120.25415787,22.89426513],[120.25646985,22.89401754],[120.25856238,22.89500735],[120.25887705,22.8966373],[120.25693507,22.89897674],[120.2569127,22.90009917],[120.25792805,22.90165056],[120.2595817,22.90190621],[120.26053427,22.90175892],[120.26368463,22.89992537],[120.26669833,22.89865128],[120.26956828,22.89681049],[120.27273192,22.89549284],[120.27428067,22.89525149],[120.27660082,22.89551012],[120.27641114,22.89608464],[120.27949505,22.89629798],[120.27927167,22.89833692],[120.27799155,22.90133583],[120.27771548,22.90356931],[120.2779872,22.90441016],[120.27987025,22.90488546],[120.28456457,22.90472502],[120.28722448,22.90410277],[120.29330431,22.90290844],[120.29653854,22.90199052],[120.2991119,22.90108705],[120.30170876,22.90058977],[120.30341144,22.90042841],[120.30746958,22.90046572],[120.30911036,22.90057382],[120.31352067,22.89991966],[120.31568017,22.89913029],[120.31681037,22.89815717],[120.31833542,22.89595768],[120.31921923,22.89511277],[120.32007621,22.89499863],[120.32093636,22.89563205],[120.322485,22.89793718],[120.3233953,22.89889958],[120.32404492,22.900231],[120.32487985,22.90046342],[120.32637647,22.89930772],[120.32704018,22.89846297],[120.32860716,22.8946866],[120.33077979,22.89069179],[120.33249079,22.88926902],[120.33501577,22.88943635],[120.34130929,22.88930002],[120.3428116,22.88967558],[120.34513757,22.88944146],[120.3488874,22.89058352],[120.34967322,22.89039322],[120.35096121,22.88914521],[120.35155523,22.88754242],[120.35212381,22.88767916],[120.35161707,22.88895388],[120.35206064,22.88937199],[120.35452442,22.89002034],[120.35458913,22.89098864],[120.35337018,22.89108566],[120.35306122,22.89158926],[120.35370113,22.89244395],[120.35436059,22.89196099],[120.35464958,22.89313946],[120.35569044,22.89370889],[120.35612136,22.89288034],[120.35689545,22.89292547],[120.35702123,22.89411359],[120.35769944,22.89458444],[120.35797492,22.89586062],[120.35985918,22.89695447],[120.3610539,22.89792336],[120.36152269,22.89889222],[120.36135884,22.90067397],[120.36048082,22.89966129],[120.35922695,22.90023154],[120.35946803,22.90142395],[120.36086363,22.90153039],[120.36197293,22.90093214],[120.36246528,22.90199991],[120.36335971,22.90230848],[120.36415188,22.9017788],[120.36495932,22.90223384],[120.36598653,22.90223769],[120.3656222,22.90342549],[120.36571713,22.90452334],[120.36634389,22.90509693],[120.36732224,22.90518216],[120.36767668,22.90425059],[120.36858389,22.90436944],[120.36896211,22.90568871],[120.37026352,22.90681421],[120.37106111,22.9072189],[120.37161591,22.90646682],[120.37253931,22.9067403],[120.37239463,22.90798092],[120.37292771,22.9083739],[120.37305942,22.90945148],[120.37176139,22.9107575],[120.37116199,22.91227626],[120.37173981,22.91277393],[120.37295668,22.91236163],[120.37418891,22.91431055],[120.37600584,22.91454238],[120.37678575,22.91488083],[120.37645567,22.91609891],[120.37715182,22.91671579],[120.37753196,22.9182118],[120.38035437,22.91861657],[120.38051448,22.92009307],[120.38181517,22.9199097],[120.38249241,22.92056369],[120.38323443,22.91993814],[120.38511716,22.91886095],[120.38655578,22.91828557],[120.38745277,22.91879122],[120.38864217,22.92064501],[120.38924404,22.92032296],[120.39072204,22.92169033],[120.39396348,22.92208799],[120.39590649,22.92274385],[120.39774901,22.92229709],[120.3990103,22.92228101],[120.39985552,22.92145298],[120.40044044,22.91903589],[120.40193462,22.91817292],[120.4035711,22.91832069],[120.40533442,22.91816193],[120.40590952,22.9166423],[120.40570626,22.91578589],[120.40631793,22.91465247],[120.40741454,22.91346531],[120.40873957,22.91238762],[120.40974208,22.91380465],[120.41060488,22.91431969],[120.41325058,22.91529451],[120.41517018,22.91560379],[120.41651265,22.91637338],[120.41729153,22.91751789],[120.41773772,22.91863972],[120.41760206,22.9196934],[120.4180638,22.92071371],[120.41885081,22.92142596],[120.41995354,22.92299784],[120.41993516,22.92414567],[120.42082973,22.92507165],[120.42117046,22.92631138],[120.42206748,22.92755902],[120.42202375,22.92935436],[120.42261813,22.92993034],[120.42276166,22.93095966],[120.42371445,22.93220867],[120.42488722,22.93317249],[120.42454732,22.93372853],[120.42512216,22.93451281],[120.42578298,22.93616652],[120.42549297,22.93797176],[120.4261498,22.93935096],[120.42840065,22.94046325],[120.4284193,22.94215305],[120.42935981,22.94398706],[120.42964455,22.94533919],[120.43072261,22.94844956],[120.43166365,22.94957168],[120.43192734,22.95088778],[120.43269062,22.95255366],[120.43295708,22.95595419],[120.43406709,22.95728986],[120.43485943,22.95900124],[120.43604425,22.96031529],[120.43652791,22.96159154],[120.43729323,22.96228649],[120.43777396,22.96461654],[120.43825511,22.96517347],[120.43840599,22.96614261],[120.43924533,22.96779786],[120.43972711,22.96827779],[120.44085731,22.97116252],[120.44219587,22.97393054],[120.44217065,22.97582573],[120.44264537,22.97732794],[120.44366771,22.97790733],[120.44426396,22.97930817],[120.44519207,22.97948478],[120.4475391,22.97832311],[120.44859086,22.97753264],[120.44963151,22.97724592],[120.45072553,22.97816526],[120.45189603,22.97851627],[120.45206315,22.97785411],[120.45301044,22.97775439],[120.45315294,22.97860223],[120.45466134,22.98063174],[120.45476505,22.98256564],[120.4531913,22.98480958],[120.45362659,22.98556294],[120.45351201,22.98734492],[120.45417094,22.98826502],[120.45422444,22.98892267],[120.45529128,22.99114046],[120.45686678,22.99086582],[120.45795387,22.99019873],[120.45963512,22.98990662],[120.46114597,22.99088131],[120.46107608,22.9922486],[120.46027912,22.99284927],[120.46043248,22.99368798],[120.45934604,22.99493889],[120.45909939,22.99586574],[120.45958095,22.99615259],[120.4602133,22.99734949],[120.46147945,22.9981227],[120.46053474,23.00030647],[120.45961296,23.0006876],[120.45964498,23.00183975],[120.46025937,23.00326155],[120.46085445,23.00393896],[120.46169332,23.00403479],[120.46265763,23.0032083],[120.4634554,23.00352766],[120.46610271,23.00330065],[120.46721585,23.00355908],[120.46820312,23.00261962],[120.47055127,23.00238196],[120.47162159,23.00275475],[120.47314195,23.0028015],[120.47504173,23.00322305],[120.47748308,23.00314827],[120.47829286,23.00351679],[120.48006075,23.00298871],[120.47941863,23.00509532],[120.4803593,23.00627093],[120.48048564,23.00756647],[120.48106452,23.00907601],[120.48135402,23.0108725],[120.4810006,23.01157407],[120.48151787,23.01218588],[120.48215374,23.01445765],[120.48267059,23.01558084],[120.48407579,23.01706561],[120.48576807,23.01834935],[120.48851588,23.01958397],[120.49070324,23.02074197],[120.4919917,23.02125546],[120.49289522,23.02209163],[120.4949953,23.02329256],[120.49575876,23.02338238],[120.49754985,23.02411925],[120.49854276,23.02534018],[120.5002522,23.02592872],[120.50073854,23.02664847],[120.50371948,23.02864838],[120.50537209,23.03055108],[120.50554004,23.03122681],[120.50867122,23.03482681],[120.51020902,23.03537397],[120.51129124,23.0361657],[120.51230293,23.03729083],[120.51245098,23.03783624],[120.51419596,23.03900786],[120.51542862,23.04043334],[120.51628187,23.04184332],[120.51905498,23.04395594],[120.52015955,23.04531084],[120.5222071,23.04563856],[120.52367717,23.04765449],[120.52299502,23.04888854],[120.52303349,23.04956988],[120.52490183,23.05097121],[120.52625769,23.05219823],[120.52698512,23.05340206],[120.52813287,23.05404391],[120.53021994,23.055921],[120.53163131,23.05666646],[120.53311203,23.05714424],[120.53512849,23.05741255],[120.53655551,23.0584974],[120.53769387,23.05885527],[120.53808649,23.05948791],[120.53801267,23.06074905],[120.53973878,23.06193469],[120.54139046,23.06221944],[120.54237244,23.06337654],[120.54380942,23.06331704],[120.54563025,23.06412464],[120.54648899,23.06548894],[120.54832791,23.06601713],[120.55191378,23.06778573],[120.55279566,23.06782051],[120.5544995,23.06883284],[120.55616509,23.07082562],[120.55709411,23.0714273],[120.55795136,23.07268243],[120.55905509,23.07344247],[120.55919733,23.07390294],[120.5586611,23.07532648],[120.56036768,23.07719514],[120.56168883,23.07810856],[120.5626754,23.07839305],[120.56344984,23.080043],[120.56417201,23.08055226],[120.56539458,23.08069721],[120.56615372,23.08159257],[120.56705658,23.08199511],[120.56804679,23.08371916],[120.5691034,23.08435946],[120.57034486,23.08564536],[120.5706282,23.08632416],[120.57309786,23.08979517],[120.57405508,23.0903391],[120.57479242,23.09142034],[120.57437083,23.09262898],[120.57405354,23.09464717],[120.57562088,23.09558118],[120.57641773,23.09705846],[120.57722494,23.09946656],[120.57855521,23.10093024],[120.57898812,23.10191254],[120.58032382,23.10395643],[120.58110538,23.10460923],[120.58109923,23.10512769],[120.58253474,23.10601662],[120.58319085,23.10804344],[120.5852714,23.1102907],[120.58578866,23.11120748],[120.58689507,23.11215954],[120.58816545,23.11432122],[120.58818684,23.11611185],[120.5884194,23.11853518],[120.58892,23.11996779],[120.58867716,23.12042308],[120.58842755,23.12327051],[120.58922265,23.12446061],[120.59050327,23.12719809],[120.59131855,23.12772513],[120.59153474,23.12844272],[120.59291097,23.13020524],[120.59325298,23.13013837],[120.59478615,23.13182045],[120.59534467,23.13361776],[120.59517202,23.13443935],[120.59628486,23.13686441],[120.59754965,23.13740188],[120.59900004,23.14105836],[120.59942564,23.14131255],[120.60052309,23.1428439],[120.60110973,23.14416765],[120.60244412,23.14428983],[120.60302467,23.14493348],[120.60378934,23.14492662],[120.60574215,23.1467273],[120.60548523,23.14838879],[120.60740048,23.1482772],[120.60899808,23.14927041],[120.61052022,23.15095392],[120.61184724,23.15170407],[120.61234593,23.15361008],[120.61111852,23.15575787],[120.61250913,23.15731393],[120.61343276,23.1592476],[120.61492499,23.1594768],[120.61590568,23.16088006],[120.61647615,23.16210529],[120.61663129,23.16313648],[120.62050743,23.16281923],[120.62123768,23.1629603],[120.62294699,23.16393793],[120.62459361,23.16601498],[120.6252263,23.16776277],[120.62701772,23.16797345],[120.62778056,23.16865911],[120.63065891,23.17006559],[120.63106221,23.17042259],[120.63067925,23.17191804],[120.62943692,23.17325154],[120.62914799,23.1741749],[120.62984779,23.17448472],[120.63267265,23.17445356],[120.6339479,23.17496885],[120.6352833,23.17470328],[120.63616842,23.17510683],[120.6366255,23.17699211],[120.63744622,23.17852737],[120.63729893,23.1803978],[120.63833638,23.18155889],[120.63996808,23.1825728],[120.64016426,23.18337026],[120.63840092,23.18568668],[120.63770342,23.18789593],[120.63656845,23.19013042],[120.63695102,23.19132765],[120.63894588,23.19316531],[120.63956173,23.19540458],[120.64069267,23.19753637],[120.6409687,23.19877566],[120.64169095,23.19964634],[120.64265995,23.20016386],[120.6431157,23.20106616],[120.6429771,23.20213951],[120.64331153,23.20332524],[120.64471236,23.20472472],[120.64619832,23.20706888],[120.64738134,23.20733829],[120.64835924,23.20857863],[120.65141639,23.20847935],[120.65175849,23.21019139],[120.65308611,23.21184822],[120.65396196,23.21554065],[120.65506911,23.21619047],[120.65625,23.21764031],[120.65591872,23.22123269],[120.65516916,23.22348204],[120.65435061,23.22431158],[120.65344466,23.22453991]]]},"properties":{"gml_id":"layer_city_boundary_pg.33","Name":"台南市","layer":"市","code":"710500000000","grade":2}},
{"type":"Feature","geometry":{"type":"Polygon","coordinates":[[[121.01526824,23.43541038],[121.01414116,23.43792486],[121.01219812,23.43941083],[121.01058099,23.44124427],[121.01037182,23.44336941],[121.01047435,23.44606755],[121.01062472,23.44649553],[121.01286688,23.44875686],[121.01435425,23.44921305],[121.01556527,23.45054061],[121.0158546,23.45160886],[121.01536004,23.45260763],[121.01525594,23.45359752],[121.01464972,23.45464965],[121.0131951,23.45566705],[121.0117182,23.4571712],[121.01042781,23.45959947],[121.00889479,23.46132194],[121.00846108,23.46208625],[121.00712206,23.46288357],[121.0038145,23.46295639],[121.00146911,23.46259805],[120.99969284,23.46216731],[120.99878889,23.46237964],[120.99662157,23.46336275],[120.99396291,23.46377172],[120.99101276,23.46486517],[120.98981223,23.46498954],[120.98639092,23.46630868],[120.98460176,23.46656982],[120.98355011,23.46702431],[120.98219662,23.4684875],[120.98053732,23.46921452],[120.97906584,23.46937487],[120.97650144,23.46900366],[120.97183124,23.46916881],[120.97063152,23.46904243],[120.96926342,23.47058146],[120.96781934,23.4715255],[120.9667061,23.47169976],[120.96521722,23.47070141],[120.96138706,23.47076714],[120.95887519,23.46965276],[120.9575149,23.46950277],[120.95710617,23.46839828],[120.95599932,23.46733589],[120.95203014,23.46580202],[120.95028265,23.46479941],[120.94442628,23.4634398],[120.94218569,23.46339072],[120.94167458,23.46306336],[120.94028057,23.46312212],[120.93890782,23.4639154],[120.93663886,23.4637816],[120.93449773,23.46145138],[120.93449397,23.45989241],[120.93510613,23.45890538],[120.93400479,23.45807238],[120.93257041,23.45786977],[120.93117848,23.45705826],[120.9302085,23.45722947],[120.92830388,23.45678394],[120.92848238,23.45549393],[120.9268402,23.45599841],[120.9264038,23.45734399],[120.92387256,23.45834705],[120.92248295,23.45814388],[120.92155635,23.4590378],[120.92099307,23.45912651],[120.91827488,23.45883655],[120.91589805,23.45882071],[120.91538478,23.45809375],[120.91269949,23.45848066],[120.91208017,23.45782374],[120.91109525,23.4575748],[120.90994428,23.45778913],[120.90833053,23.45670656],[120.90746444,23.45504174],[120.90644126,23.45459193],[120.90566956,23.45317655],[120.90448389,23.45294876],[120.90236862,23.45414246],[120.90103095,23.45421248],[120.90035091,23.4537439],[120.90058735,23.4524243],[120.89882925,23.45114061],[120.89678293,23.45090091],[120.89624458,23.45041746],[120.89641758,23.44959509],[120.89583835,23.44827248],[120.89563449,23.44669605],[120.89514543,23.44592259],[120.89380002,23.44519423],[120.89287117,23.44521517],[120.89232567,23.44633729],[120.891706,23.44535449],[120.89139429,23.44423152],[120.89059683,23.44343974],[120.89069691,23.44241391],[120.8897615,23.44102017],[120.88879201,23.43913085],[120.88840936,23.43740033],[120.887462,23.43669346],[120.88709381,23.43520388],[120.88651166,23.4347625],[120.88523362,23.43497239],[120.88382406,23.4362568],[120.88282204,23.43541521],[120.88274719,23.43459872],[120.88200051,23.43332611],[120.88100452,23.43280597],[120.8798258,23.4326124],[120.87891786,23.43215063],[120.8753618,23.432769],[120.87555557,23.43156493],[120.87374459,23.42983283],[120.87173788,23.42959879],[120.87052737,23.42835834],[120.86988801,23.42670282],[120.86931585,23.42625894],[120.86812563,23.42664651],[120.86624946,23.42607971],[120.86599036,23.42536933],[120.86500954,23.42499123],[120.86432587,23.42388985],[120.86230406,23.42457918],[120.86186975,23.42419982],[120.85976819,23.42393488],[120.85933266,23.42496798],[120.85855375,23.42489461],[120.85801006,23.42408522],[120.85796435,23.42325482],[120.85728081,23.42212489],[120.85639008,23.42200095],[120.85460406,23.42305987],[120.85365899,23.42302581],[120.85309255,23.42194153],[120.85019767,23.4206178],[120.84917105,23.41948653],[120.84952452,23.41774851],[120.8492757,23.41648846],[120.84930108,23.4141762],[120.84950708,23.41286422],[120.84911473,23.41177023],[120.84792394,23.41121458],[120.84772074,23.41015915],[120.84619829,23.40936057],[120.84475408,23.40823045],[120.8446509,23.40669619],[120.84426748,23.40594955],[120.84393856,23.40392589],[120.84309559,23.40328409],[120.84255331,23.40198344],[120.84104272,23.40101223],[120.84074807,23.40007667],[120.84009384,23.3993699],[120.83841277,23.398249],[120.83844475,23.3969929],[120.83970515,23.39609466],[120.84095455,23.39617968],[120.84100645,23.39492486],[120.84053363,23.39454504],[120.83887926,23.3944813],[120.83687222,23.39338843],[120.83632857,23.39239161],[120.83570873,23.39004514],[120.83411693,23.38965437],[120.83410384,23.38872426],[120.83490521,23.38771939],[120.83435982,23.38659626],[120.83291393,23.3872074],[120.8309711,23.38660288],[120.83016516,23.38445172],[120.82937367,23.38315025],[120.8297668,23.38157866],[120.82938864,23.37996641],[120.82939782,23.3774327],[120.82911135,23.37579859],[120.82852773,23.37495616],[120.82605897,23.37370823],[120.82530126,23.37285882],[120.82524667,23.37162374],[120.82337224,23.37198068],[120.82119402,23.37052455],[120.81957685,23.37114464],[120.81768003,23.37114348],[120.81585593,23.37136647],[120.81483525,23.37019417],[120.81299821,23.36930785],[120.81189984,23.36969617],[120.80983447,23.36955004],[120.80851824,23.36839291],[120.80701811,23.36934362],[120.80641053,23.3704694],[120.80494052,23.37095875],[120.80347082,23.37003244],[120.80327263,23.36946235],[120.80470905,23.36763128],[120.80469406,23.36721319],[120.80298281,23.3660321],[120.80204719,23.3650908],[120.80083302,23.36329991],[120.80078991,23.3609563],[120.79912468,23.36111445],[120.79790264,23.36031641],[120.79743803,23.35969634],[120.79715934,23.35841929],[120.79624122,23.35685957],[120.79526358,23.35675519],[120.79346918,23.35753288],[120.79221339,23.35743838],[120.79165424,23.35659638],[120.79163996,23.35561064],[120.79203503,23.35395405],[120.79086044,23.35316921],[120.78922027,23.35312937],[120.78845141,23.35282278],[120.78826271,23.35199978],[120.78866942,23.34944449],[120.7885137,23.3482835],[120.78758083,23.34614322],[120.78679394,23.34558624],[120.78554041,23.3456001],[120.78476052,23.34481999],[120.78374546,23.34258221],[120.7832142,23.34220636],[120.78044231,23.34228984],[120.77858039,23.34266681],[120.77795205,23.3434027],[120.77713461,23.34354047],[120.77493062,23.34320139],[120.77301654,23.34187257],[120.77116974,23.34245626],[120.76940688,23.34357477],[120.76845508,23.34387956],[120.7669413,23.34335342],[120.7662994,23.3424843],[120.76488896,23.34169487],[120.76394984,23.34182931],[120.76303604,23.34276373],[120.7606727,23.34390943],[120.7594238,23.34427718],[120.75806856,23.3442666],[120.75751196,23.34297922],[120.75847573,23.34162228],[120.75848333,23.34087022],[120.75748235,23.33957315],[120.75707791,23.33856136],[120.7577137,23.33773332],[120.75855098,23.33730334],[120.75882723,23.33644587],[120.75843387,23.33548578],[120.75644379,23.33279167],[120.75472519,23.33175888],[120.75283559,23.33136153],[120.75217504,23.33017686],[120.75325068,23.32819265],[120.75263925,23.32672215],[120.75111821,23.32615975],[120.75046782,23.32550744],[120.75007298,23.32404086],[120.74926755,23.32344739],[120.74785578,23.32191125],[120.74636904,23.32159132],[120.74224849,23.32146805],[120.74079814,23.32093828],[120.74038586,23.320434],[120.74007193,23.3177786],[120.7396792,23.31708558],[120.73872492,23.3164153],[120.73631763,23.31599806],[120.73431592,23.31514403],[120.73230712,23.31386087],[120.7316094,23.31275966],[120.73077854,23.31196468],[120.73016742,23.31075807],[120.73022088,23.30939088],[120.73080568,23.30781347],[120.7306292,23.30561388],[120.72605154,23.30663753],[120.72196488,23.30813828],[120.72063992,23.30834223],[120.71930394,23.30806665],[120.71797323,23.30806641],[120.716284,23.30761103],[120.71291468,23.3086169],[120.71216585,23.30869911],[120.71122013,23.30743848],[120.70939428,23.3061002],[120.70676994,23.30472984],[120.70542879,23.30279732],[120.70437673,23.30197666],[120.70363625,23.3001098],[120.70283365,23.29756565],[120.70232552,23.29409488],[120.70287314,23.29179428],[120.70256959,23.29105024],[120.70334285,23.29031084],[120.70353449,23.28946185],[120.70262066,23.28793078],[120.70139616,23.28689682],[120.70116014,23.28555871],[120.69954328,23.2844257],[120.69661258,23.28434921],[120.69351093,23.28454224],[120.69177243,23.2851303],[120.68989637,23.28530934],[120.68717002,23.2866013],[120.68552708,23.28699922],[120.68389829,23.28710965],[120.68192248,23.2876442],[120.68015854,23.2885773],[120.6783916,23.28886696],[120.67746678,23.28825297],[120.67616586,23.28859675],[120.67613028,23.29004515],[120.67454847,23.29089006],[120.67333479,23.29099793],[120.67140965,23.28997108],[120.67024667,23.2907491],[120.66987931,23.29202385],[120.66934388,23.29235463],[120.66839394,23.2919754],[120.66731352,23.29402742],[120.66616568,23.29432257],[120.6656189,23.29408589],[120.66538929,23.29317053],[120.66390823,23.29384123],[120.66267392,23.29354257],[120.66198356,23.29396324],[120.66191032,23.29490668],[120.65966952,23.29476281],[120.65875234,23.29590886],[120.65806563,23.29595161],[120.657409,23.29524609],[120.65531885,23.29193554],[120.65390703,23.2913058],[120.6520033,23.29117256],[120.65064425,23.29174369],[120.6490538,23.29341918],[120.64838818,23.29514978],[120.6473273,23.29721885],[120.64679293,23.29750267],[120.64574028,23.29689098],[120.64374349,23.29609934],[120.6432534,23.2947257],[120.64240872,23.29378154],[120.64210105,23.29245709],[120.64292191,23.29170041],[120.64366703,23.29007388],[120.64341008,23.28889653],[120.64218301,23.28810343],[120.64211539,23.28705435],[120.64302053,23.28660136],[120.64335085,23.28583831],[120.64341309,23.28430908],[120.64405026,23.28223006],[120.64360851,23.2811126],[120.64261835,23.2802092],[120.64191257,23.27854362],[120.64211219,23.27741004],[120.64300321,23.27684019],[120.64315241,23.275982],[120.64172388,23.27455687],[120.64057091,23.27399995],[120.64124279,23.27151526],[120.64097407,23.27091764],[120.63900997,23.2704412],[120.63829059,23.26949921],[120.63851741,23.26882436],[120.64069045,23.26651741],[120.64103782,23.26404599],[120.64184753,23.26208186],[120.6421211,23.2606337],[120.64189664,23.25774006],[120.64208204,23.25681095],[120.6429751,23.25557021],[120.64423914,23.25442728],[120.64437237,23.25368661],[120.64574017,23.25252766],[120.64669578,23.25093044],[120.64844939,23.24925407],[120.64805785,23.24846487],[120.64916901,23.24708013],[120.64853349,23.24597117],[120.64845677,23.24511069],[120.64789303,23.24463016],[120.64882627,23.2437032],[120.64938477,23.24167522],[120.64918452,23.2404929],[120.64999973,23.23956118],[120.65085099,23.23799332],[120.65052025,23.23709147],[120.65114436,23.23552081],[120.65043151,23.23485451],[120.64994542,23.23213979],[120.65004703,23.23149443],[120.64954136,23.2304762],[120.64948357,23.22864089],[120.65052113,23.22719839],[120.65184831,23.22624594],[120.65344466,23.22453991],[120.65435061,23.22431158],[120.65516916,23.22348204],[120.65591872,23.22123269],[120.65625,23.21764031],[120.65506911,23.21619047],[120.65396196,23.21554065],[120.65308611,23.21184822],[120.65175849,23.21019139],[120.65141639,23.20847935],[120.64835924,23.20857863],[120.64738134,23.20733829],[120.64619832,23.20706888],[120.64471236,23.20472472],[120.64331153,23.20332524],[120.6429771,23.20213951],[120.6431157,23.20106616],[120.64265995,23.20016386],[120.64169095,23.19964634],[120.6409687,23.19877566],[120.64069267,23.19753637],[120.63956173,23.19540458],[120.63894588,23.19316531],[120.63695102,23.19132765],[120.63656845,23.19013042],[120.63770342,23.18789593],[120.63840092,23.18568668],[120.64016426,23.18337026],[120.63996808,23.1825728],[120.63833638,23.18155889],[120.63729893,23.1803978],[120.63744622,23.17852737],[120.6366255,23.17699211],[120.63616842,23.17510683],[120.6352833,23.17470328],[120.6339479,23.17496885],[120.63267265,23.17445356],[120.62984779,23.17448472],[120.62914799,23.1741749],[120.62943692,23.17325154],[120.63067925,23.17191804],[120.63106221,23.17042259],[120.63065891,23.17006559],[120.62778056,23.16865911],[120.62701772,23.16797345],[120.6252263,23.16776277],[120.62459361,23.16601498],[120.62294699,23.16393793],[120.62123768,23.1629603],[120.62050743,23.16281923],[120.61663129,23.16313648],[120.61647615,23.16210529],[120.61590568,23.16088006],[120.61492499,23.1594768],[120.61343276,23.1592476],[120.61250913,23.15731393],[120.61111852,23.15575787],[120.61234593,23.15361008],[120.61184724,23.15170407],[120.61052022,23.15095392],[120.60899808,23.14927041],[120.60740048,23.1482772],[120.60548523,23.14838879],[120.60574215,23.1467273],[120.60378934,23.14492662],[120.60302467,23.14493348],[120.60244412,23.14428983],[120.60110973,23.14416765],[120.60052309,23.1428439],[120.59942564,23.14131255],[120.59900004,23.14105836],[120.59754965,23.13740188],[120.59628486,23.13686441],[120.59517202,23.13443935],[120.59534467,23.13361776],[120.59478615,23.13182045],[120.59325298,23.13013837],[120.59291097,23.13020524],[120.59153474,23.12844272],[120.59131855,23.12772513],[120.59050327,23.12719809],[120.58922265,23.12446061],[120.58842755,23.12327051],[120.58867716,23.12042308],[120.58892,23.11996779],[120.5884194,23.11853518],[120.58818684,23.11611185],[120.58816545,23.11432122],[120.58689507,23.11215954],[120.58578866,23.11120748],[120.5852714,23.1102907],[120.58319085,23.10804344],[120.58253474,23.10601662],[120.58109923,23.10512769],[120.58110538,23.10460923],[120.58032382,23.10395643],[120.57898812,23.10191254],[120.57855521,23.10093024],[120.57722494,23.09946656],[120.57641773,23.09705846],[120.57562088,23.09558118],[120.57405354,23.09464717],[120.57437083,23.09262898],[120.57479242,23.09142034],[120.57405508,23.0903391],[120.57309786,23.08979517],[120.5706282,23.08632416],[120.57034486,23.08564536],[120.5691034,23.08435946],[120.56804679,23.08371916],[120.56705658,23.08199511],[120.56615372,23.08159257],[120.56539458,23.08069721],[120.56417201,23.08055226],[120.56344984,23.080043],[120.5626754,23.07839305],[120.56168883,23.07810856],[120.56036768,23.07719514],[120.5586611,23.07532648],[120.55919733,23.07390294],[120.55905509,23.07344247],[120.55795136,23.07268243],[120.55709411,23.0714273],[120.55616509,23.07082562],[120.5544995,23.06883284],[120.55279566,23.06782051],[120.55191378,23.06778573],[120.54832791,23.06601713],[120.54648899,23.06548894],[120.54563025,23.06412464],[120.54380942,23.06331704],[120.54237244,23.06337654],[120.54139046,23.06221944],[120.53973878,23.06193469],[120.53801267,23.06074905],[120.53808649,23.05948791],[120.53769387,23.05885527],[120.53655551,23.0584974],[120.53512849,23.05741255],[120.53311203,23.05714424],[120.53163131,23.05666646],[120.53021994,23.055921],[120.52813287,23.05404391],[120.52698512,23.05340206],[120.52625769,23.05219823],[120.52490183,23.05097121],[120.52303349,23.04956988],[120.52299502,23.04888854],[120.52367717,23.04765449],[120.5222071,23.04563856],[120.52015955,23.04531084],[120.51905498,23.04395594],[120.51628187,23.04184332],[120.51542862,23.04043334],[120.51419596,23.03900786],[120.51245098,23.03783624],[120.51230293,23.03729083],[120.51129124,23.0361657],[120.51020902,23.03537397],[120.50867122,23.03482681],[120.50554004,23.03122681],[120.50537209,23.03055108],[120.50371948,23.02864838],[120.50073854,23.02664847],[120.5002522,23.02592872],[120.49854276,23.02534018],[120.49754985,23.02411925],[120.49575876,23.02338238],[120.4949953,23.02329256],[120.49289522,23.02209163],[120.4919917,23.02125546],[120.49070324,23.02074197],[120.48851588,23.01958397],[120.48576807,23.01834935],[120.48407579,23.01706561],[120.48267059,23.01558084],[120.48215374,23.01445765],[120.48151787,23.01218588],[120.4810006,23.01157407],[120.48135402,23.0108725],[120.48106452,23.00907601],[120.48048564,23.00756647],[120.4803593,23.00627093],[120.47941863,23.00509532],[120.48006075,23.00298871],[120.47829286,23.00351679],[120.47748308,23.00314827],[120.47504173,23.00322305],[120.47314195,23.0028015],[120.47162159,23.00275475],[120.47055127,23.00238196],[120.46820312,23.00261962],[120.46721585,23.00355908],[120.46610271,23.00330065],[120.4634554,23.00352766],[120.46265763,23.0032083],[120.46169332,23.00403479],[120.46085445,23.00393896],[120.46025937,23.00326155],[120.45964498,23.00183975],[120.45961296,23.0006876],[120.46053474,23.00030647],[120.46147945,22.9981227],[120.4602133,22.99734949],[120.45958095,22.99615259],[120.45909939,22.99586574],[120.45934604,22.99493889],[120.46043248,22.99368798],[120.46027912,22.99284927],[120.46107608,22.9922486],[120.46114597,22.99088131],[120.45963512,22.98990662],[120.45795387,22.99019873],[120.45686678,22.99086582],[120.45529128,22.99114046],[120.45422444,22.98892267],[120.45417094,22.98826502],[120.45351201,22.98734492],[120.45362659,22.98556294],[120.4531913,22.98480958],[120.45476505,22.98256564],[120.45466134,22.98063174],[120.45315294,22.97860223],[120.45301044,22.97775439],[120.45206315,22.97785411],[120.45189603,22.97851627],[120.45072553,22.97816526],[120.44963151,22.97724592],[120.44859086,22.97753264],[120.4475391,22.97832311],[120.44519207,22.97948478],[120.44426396,22.97930817],[120.44366771,22.97790733],[120.44264537,22.97732794],[120.44217065,22.97582573],[120.44219587,22.97393054],[120.44085731,22.97116252],[120.43972711,22.96827779],[120.43924533,22.96779786],[120.43840599,22.96614261],[120.43825511,22.96517347],[120.43777396,22.96461654],[120.43729323,22.96228649],[120.43652791,22.96159154],[120.43604425,22.96031529],[120.43485943,22.95900124],[120.43406709,22.95728986],[120.43295708,22.95595419],[120.43269062,22.95255366],[120.43192734,22.95088778],[120.43166365,22.94957168],[120.43072261,22.94844956],[120.42964455,22.94533919],[120.42935981,22.94398706],[120.4284193,22.94215305],[120.42840065,22.94046325],[120.4261498,22.93935096],[120.42549297,22.93797176],[120.42578298,22.93616652],[120.42512216,22.93451281],[120.42454732,22.93372853],[120.42488722,22.93317249],[120.42371445,22.93220867],[120.42276166,22.93095966],[120.42261813,22.92993034],[120.42202375,22.92935436],[120.42206748,22.92755902],[120.42117046,22.92631138],[120.42082973,22.92507165],[120.41993516,22.92414567],[120.41995354,22.92299784],[120.41885081,22.92142596],[120.4180638,22.92071371],[120.41760206,22.9196934],[120.41773772,22.91863972],[120.41729153,22.91751789],[120.41651265,22.91637338],[120.41517018,22.91560379],[120.41325058,22.91529451],[120.41060488,22.91431969],[120.40974208,22.91380465],[120.40873957,22.91238762],[120.40741454,22.91346531],[120.40631793,22.91465247],[120.40570626,22.91578589],[120.40590952,22.9166423],[120.40533442,22.91816193],[120.4035711,22.91832069],[120.40193462,22.91817292],[120.40044044,22.91903589],[120.39985552,22.92145298],[120.3990103,22.92228101],[120.39774901,22.92229709],[120.39590649,22.92274385],[120.39396348,22.92208799],[120.39072204,22.92169033],[120.38924404,22.92032296],[120.38864217,22.92064501],[120.38745277,22.91879122],[120.38655578,22.91828557],[120.38511716,22.91886095],[120.38323443,22.91993814],[120.38249241,22.92056369],[120.38181517,22.9199097],[120.38051448,22.92009307],[120.38035437,22.91861657],[120.37753196,22.9182118],[120.37715182,22.91671579],[120.37645567,22.91609891],[120.37678575,22.91488083],[120.37600584,22.91454238],[120.37418891,22.91431055],[120.37295668,22.91236163],[120.37173981,22.91277393],[120.37116199,22.91227626],[120.37176139,22.9107575],[120.37305942,22.90945148],[120.37292771,22.9083739],[120.37239463,22.90798092],[120.37253931,22.9067403],[120.37161591,22.90646682],[120.37106111,22.9072189],[120.37026352,22.90681421],[120.36896211,22.90568871],[120.36858389,22.90436944],[120.36767668,22.90425059],[120.36732224,22.90518216],[120.36634389,22.90509693],[120.36571713,22.90452334],[120.3656222,22.90342549],[120.36598653,22.90223769],[120.36495932,22.90223384],[120.36415188,22.9017788],[120.36335971,22.90230848],[120.36246528,22.90199991],[120.36197293,22.90093214],[120.36086363,22.90153039],[120.35946803,22.90142395],[120.35922695,22.90023154],[120.36048082,22.89966129],[120.36135884,22.90067397],[120.36152269,22.89889222],[120.3610539,22.89792336],[120.35985918,22.89695447],[120.35797492,22.89586062],[120.35769944,22.89458444],[120.35702123,22.89411359],[120.35689545,22.89292547],[120.35612136,22.89288034],[120.35569044,22.89370889],[120.35464958,22.89313946],[120.35436059,22.89196099],[120.35370113,22.89244395],[120.35306122,22.89158926],[120.35337018,22.89108566],[120.35458913,22.89098864],[120.35452442,22.89002034],[120.35206064,22.88937199],[120.35161707,22.88895388],[120.35212381,22.88767916],[120.35155523,22.88754242],[120.35096121,22.88914521],[120.34967322,22.89039322],[120.3488874,22.89058352],[120.34513757,22.88944146],[120.3428116,22.88967558],[120.34130929,22.88930002],[120.33501577,22.88943635],[120.33249079,22.88926902],[120.33077979,22.89069179],[120.32860716,22.8946866],[120.32704018,22.89846297],[120.32637647,22.89930772],[120.32487985,22.90046342],[120.32404492,22.900231],[120.3233953,22.89889958],[120.322485,22.89793718],[120.32093636,22.89563205],[120.32007621,22.89499863],[120.31921923,22.89511277],[120.31833542,22.89595768],[120.31681037,22.89815717],[120.31568017,22.89913029],[120.31352067,22.89991966],[120.30911036,22.90057382],[120.30746958,22.90046572],[120.30341144,22.90042841],[120.30170876,22.90058977],[120.2991119,22.90108705],[120.29653854,22.90199052],[120.29330431,22.90290844],[120.28722448,22.90410277],[120.28456457,22.90472502],[120.27987025,22.90488546],[120.2779872,22.90441016],[120.27771548,22.90356931],[120.27799155,22.90133583],[120.27927167,22.89833692],[120.27949505,22.89629798],[120.27641114,22.89608464],[120.27660082,22.89551012],[120.27428067,22.89525149],[120.27273192,22.89549284],[120.26956828,22.89681049],[120.26669833,22.89865128],[120.26368463,22.89992537],[120.26053427,22.90175892],[120.2595817,22.90190621],[120.25792805,22.90165056],[120.2569127,22.90009917],[120.25693507,22.89897674],[120.25887705,22.8966373],[120.25856238,22.89500735],[120.25646985,22.89401754],[120.25415787,22.89426513],[120.25257027,22.89486477],[120.24961224,22.8966239],[120.2476076,22.89819191],[120.24693107,22.89929176],[120.24529357,22.90127136],[120.24286101,22.90351513],[120.24011396,22.90428312],[120.23617242,22.90509238],[120.23320339,22.90540222],[120.23212781,22.90671165],[120.23156898,22.90866739],[120.23143177,22.91227561],[120.23169216,22.91540075],[120.23041936,22.91669464],[120.22868227,22.91698987],[120.22749789,22.91672687],[120.22586206,22.91549951],[120.22389347,22.91288739],[120.22255093,22.91134225],[120.22102394,22.90999656],[120.2201129,22.90960545],[120.21810882,22.90962664],[120.21612825,22.90994841],[120.21438423,22.91048009],[120.21218754,22.91165497],[120.2110749,22.91249117],[120.20806758,22.91524265],[120.20604353,22.91469271],[120.20391832,22.91486562],[120.20178578,22.9157174],[120.19585741,22.9196188],[120.19328032,22.92086387],[120.19205223,22.92119801],[120.19116503,22.92051847],[120.189176,22.92069385],[120.18656982,22.91965017],[120.18245455,22.91707686],[120.1788714,22.91434194],[120.1767468,22.91234203],[120.17474517,22.91170775],[120.17474298,22.91001987],[120.17575993,22.90752313],[120.17611259,22.90700684],[120.17710126,22.90452538],[120.17834904,22.90071244],[120.17902701,22.89938743],[120.18019959,22.89535851],[120.18133071,22.8930236],[120.18183787,22.89234841],[120.18293897,22.88946414],[120.18403267,22.88775895],[120.1844116,22.88612632],[120.18621662,22.88254271],[120.18638844,22.88160723],[120.18736626,22.87985138],[120.18812645,22.87757585],[120.18882147,22.87630813],[120.19010884,22.8732488],[120.1922101,22.86718018],[120.19230974,22.86603081],[120.19285613,22.8647783],[120.19028359,22.86400683],[120.18972182,22.86070257],[120.19134684,22.85984828],[120.19305118,22.85998189],[120.1932827,22.8593132],[120.18919703,22.85838542],[120.18939375,22.85797874],[120.19158533,22.85833303],[120.19238068,22.85772508],[120.19455382,22.85279068],[120.19528239,22.85002665],[120.19293367,22.8484763],[120.19409323,22.84712949],[120.196515,22.84475022],[120.19768502,22.84493573],[120.19903061,22.84352263],[120.20012379,22.8413832],[120.20131249,22.83870424],[120.20045028,22.83846673],[120.20360639,22.82994317],[120.20515576,22.82522966],[120.20622748,22.82543602],[120.20724473,22.82291084],[120.20720215,22.82107088],[120.20616617,22.8207611],[120.20598155,22.82015783],[120.19048248,22.81529525],[120.19015389,22.81358996],[120.19331746,22.80744457],[120.19790515,22.80525004],[120.20384144,22.80625761],[120.20801773,22.80684332],[120.21232846,22.80761494],[120.21258815,22.80744135],[120.21422709,22.80485818],[120.21538311,22.80416705],[120.21592638,22.8019411],[120.21732145,22.79879616],[120.21762395,22.79786005],[120.2191838,22.79472791],[120.21925369,22.79378189],[120.22011755,22.79246012],[120.22060266,22.79053986],[120.22263453,22.78669019],[120.22286274,22.78554153],[120.2238343,22.78355487],[120.22565182,22.78021892],[120.22774432,22.77540275],[120.22905272,22.7732959],[120.2306179,22.76897418],[120.23219696,22.7664459],[120.23271781,22.76458896],[120.23240939,22.76257155],[120.23093481,22.761931],[120.23127084,22.76085455],[120.23291613,22.75998404],[120.23397407,22.76038369],[120.23461189,22.7598709],[120.23501058,22.75869864],[120.23620195,22.75689989],[120.23731978,22.75478664],[120.23815554,22.75283103],[120.23930795,22.75146959],[120.24223871,22.74537498],[120.24361006,22.74319514],[120.24396769,22.74198509],[120.24542739,22.73881854],[120.24532519,22.73784043],[120.24768397,22.73278704],[120.24915796,22.72992488],[120.24974822,22.72848856],[120.25033902,22.72788418],[120.25035869,22.72684495],[120.24941434,22.72608628],[120.24985157,22.72421272],[120.25136519,22.72371135],[120.25276388,22.72413487],[120.25375076,22.722826],[120.25495414,22.71956512],[120.25547758,22.7188606],[120.25648926,22.71839444],[120.25627497,22.71730039],[120.25682406,22.71487656],[120.25729918,22.7136091],[120.25683345,22.7124347],[120.25867933,22.70883271],[120.26158617,22.7014695],[120.26224929,22.69823797],[120.26214661,22.6975134],[120.2610183,22.69627248],[120.26006102,22.6964918],[120.25805443,22.69556401],[120.25805397,22.68932633],[120.26183315,22.68929419],[120.26282507,22.68904249],[120.26346487,22.68625526],[120.26312111,22.68400869],[120.26410742,22.68253638],[120.2644096,22.68086124],[120.26428558,22.67857314],[120.26454392,22.67783966],[120.26445891,22.67521711],[120.26364729,22.67324272],[120.26257298,22.67275098],[120.26084046,22.67065213],[120.26032162,22.67039803],[120.25925979,22.66904711],[120.25635852,22.66861113],[120.25534806,22.66690946],[120.25295857,22.66504557],[120.25263756,22.66403918],[120.25115692,22.66193969],[120.25141818,22.66056497],[120.25094005,22.65961837],[120.25032631,22.65652415],[120.25074572,22.65493267],[120.25056694,22.65257622],[120.2498912,22.65171313],[120.24994937,22.65073452],[120.25110835,22.64928026],[120.25130575,22.6468282],[120.2516724,22.64517671],[120.25247031,22.64401638],[120.25375825,22.64157569],[120.25400919,22.64046919],[120.25507717,22.63965341],[120.25613506,22.63625545],[120.25695185,22.63582399],[120.25751388,22.63507404],[120.25933774,22.63391887],[120.26005246,22.63202375],[120.26102395,22.63154456],[120.26173408,22.63019034],[120.26167811,22.62974463],[120.26246161,22.62826231],[120.2630013,22.62793214],[120.26346047,22.62620302],[120.26333119,22.62410552],[120.25669974,22.62091884],[120.25617208,22.61779672],[120.25901627,22.61589592],[120.26226705,22.61399062],[120.263252,22.61285659],[120.26299192,22.61128034],[120.26353935,22.61044678],[120.26419024,22.6114027],[120.26560645,22.61075745],[120.2659905,22.6088067],[120.26525288,22.6066087],[120.26370613,22.60513305],[120.26323496,22.60360768],[120.26296204,22.60173314],[120.26377612,22.6019092],[120.26559704,22.60090145],[120.26679309,22.5999975],[120.26763338,22.59809552],[120.26858938,22.59677708],[120.2698218,22.59565957],[120.27037692,22.59423055],[120.27129476,22.59278863],[120.27299785,22.59081529],[120.2783669,22.58436592],[120.282388,22.58076449],[120.2845,22.57808132],[120.28577482,22.57786219],[120.30284142,22.55777669],[120.303424,22.55434172],[120.30065923,22.55128637],[120.30007463,22.55002629],[120.29922705,22.54904502],[120.29854481,22.54751133],[120.29898982,22.54740942],[120.30176677,22.54581989],[120.30282071,22.54556347],[120.30684777,22.545179],[120.30749682,22.54525807],[120.32183671,22.52779813],[120.31681359,22.52423696],[120.30761448,22.53543671],[120.30375035,22.53269741],[120.29696723,22.5409538],[120.29341231,22.53843336],[120.28884598,22.54399066],[120.28864503,22.54384815],[120.30074339772729,22.529122519622018],[120.31725829132901,22.518091825920187],[120.32424957,22.52276859],[120.32524557,22.53009289],[120.32563021,22.53055007],[120.32950673,22.53379072],[120.32990451,22.53299829],[120.32626414,22.52997288],[120.32532794,22.52348915],[120.33073091,22.52710212],[120.33335692,22.52878607],[120.33393469,22.52807287],[120.33691862,22.52509943],[120.33605699,22.52368916],[120.33375175,22.52141216],[120.33905056,22.51723814],[120.34194183,22.51519085],[120.34347817,22.51474568],[120.3465678,22.51236018],[120.35096863,22.50954178],[120.35490265,22.50598343],[120.3559319,22.5042816],[120.3589231,22.50218868],[120.35872731,22.5006833],[120.35988037,22.50107157],[120.3642687,22.49821921],[120.37147097,22.49284735],[120.37325134,22.49123186],[120.37752976,22.48884069],[120.37948712,22.48755033],[120.38101017,22.48694763],[120.38489012,22.48488412],[120.38691964,22.4830538],[120.38971483,22.48168093],[120.39372933,22.47904339],[120.39565782,22.47703356],[120.39841509,22.47558206],[120.40091389,22.4749412],[120.40185915,22.47389133],[120.40553099,22.47267175],[120.40757764,22.47171818],[120.41092539,22.47073615],[120.41386401,22.47046434],[120.42083448,22.46847672],[120.42290034,22.46878225],[120.42443733,22.46871953],[120.42394078,22.47995679],[120.42506484,22.49114638],[120.42521288,22.49406755],[120.42573363,22.49817873],[120.42480161,22.5014725],[120.42366062,22.50652817],[120.42304139,22.51101884],[120.42281525,22.5149196],[120.42285946,22.51845795],[120.4245861,22.52441676],[120.42513707,22.52848004],[120.42565843,22.5300181],[120.42718173,22.53352893],[120.4291738,22.53859278],[120.43066909,22.5434878],[120.43127163,22.54468153],[120.43305422,22.54587572],[120.4350995,22.54661184],[120.43657834,22.54756252],[120.4377655,22.55201473],[120.43902822,22.55502264],[120.44103188,22.55803626],[120.44200082,22.56006867],[120.44270927,22.56232349],[120.44313177,22.56556177],[120.44345456,22.56715964],[120.44412627,22.56883137],[120.44489714,22.57325836],[120.44510717,22.57549255],[120.44564409,22.57920719],[120.44638261,22.5833452],[120.44700824,22.58618045],[120.44698697,22.58951134],[120.4466319,22.59448714],[120.4457935,22.5988328],[120.44484298,22.60074766],[120.44273946,22.60335233],[120.44063468,22.60501371],[120.43901903,22.60580182],[120.43755157,22.60727839],[120.43665888,22.60888861],[120.43461887,22.61341619],[120.43404598,22.61550445],[120.43368725,22.61759961],[120.43345622,22.62085358],[120.43347923,22.62322969],[120.4337152,22.62461542],[120.43580891,22.63044799],[120.43587821,22.63170617],[120.43538129,22.63377505],[120.43533455,22.64026119],[120.43620029,22.64815385],[120.43589046,22.65597895],[120.43606154,22.66134117],[120.43663315,22.66502002],[120.43788212,22.66706487],[120.43912936,22.67079826],[120.44000508,22.6730431],[120.4401724,22.67459856],[120.44002079,22.67636256],[120.43955589,22.67811562],[120.43966116,22.67854198],[120.44153365,22.68246175],[120.44263221,22.68456139],[120.44475746,22.68643478],[120.44633057,22.68724174],[120.44752744,22.6883078],[120.44883384,22.69118779],[120.4506154,22.69621891],[120.4510972,22.69797137],[120.45127522,22.70007652],[120.45279551,22.7041726],[120.45300605,22.7065793],[120.45400881,22.71039675],[120.45485832,22.71403057],[120.4557465,22.71849708],[120.45606803,22.72252027],[120.45600904,22.72298102],[120.45600679,22.73057692],[120.455674,22.73410523],[120.45491329,22.73963437],[120.4546672,22.74402967],[120.45460362,22.74767155],[120.45427558,22.74874335],[120.45418901,22.75356273],[120.45399303,22.75403647],[120.45371109,22.75657491],[120.45402702,22.75790096],[120.45372656,22.76030418],[120.45378005,22.761501],[120.45442232,22.76417936],[120.4538069,22.76754152],[120.45381219,22.76958188],[120.45411858,22.77120663],[120.45466429,22.77263374],[120.45536642,22.77368317],[120.45572828,22.77508395],[120.4559916,22.78017508],[120.45747567,22.785499],[120.45809991,22.78702804],[120.45993812,22.7905206],[120.46139752,22.7945167],[120.46260429,22.79661822],[120.46403904,22.80029194],[120.46436147,22.80416824],[120.46506917,22.80749321],[120.46544002,22.81050055],[120.46550372,22.81275395],[120.46620687,22.81413365],[120.46735923,22.81548267],[120.46730947,22.81835685],[120.46753445,22.82235468],[120.46818768,22.82371632],[120.46919454,22.82502085],[120.46875965,22.83067709],[120.46997469,22.83149761],[120.47216911,22.83394526],[120.47417156,22.83689182],[120.47624176,22.83818896],[120.47795025,22.83772586],[120.47905649,22.83677328],[120.48035894,22.83773535],[120.48167559,22.8373281],[120.4816744,22.83656415],[120.48225594,22.83597482],[120.48365298,22.83562454],[120.48539221,22.83552804],[120.48828214,22.83580088],[120.48977634,22.83565849],[120.49080516,22.83527236],[120.49277266,22.83569646],[120.4914661,22.83696337],[120.49266329,22.83729409],[120.49395378,22.83676396],[120.49639437,22.83254007],[120.49769718,22.83171556],[120.4999732,22.83125142],[120.50341965,22.83173423],[120.50506758,22.83152053],[120.50557356,22.83108911],[120.50807488,22.82986768],[120.50894657,22.82958472],[120.50999283,22.8285149],[120.51223963,22.8299164],[120.51299407,22.83007845],[120.5135601,22.83083889],[120.51565803,22.83157049],[120.51709292,22.83136099],[120.51994546,22.83143941],[120.52010506,22.83235936],[120.5211391,22.83266628],[120.52346331,22.83288246],[120.52432118,22.83197701],[120.52751606,22.83217948],[120.53057725,22.83298613],[120.5297787,22.83170333],[120.53101019,22.83083068],[120.53183681,22.83062384],[120.53400865,22.83056895],[120.53506119,22.82970029],[120.53643788,22.82926901],[120.53824124,22.82924657],[120.54141963,22.82958275],[120.54219519,22.82935708],[120.54406781,22.82979732],[120.54653978,22.82903842],[120.54803106,22.82843581],[120.55001102,22.82848173],[120.55226114,22.82830665],[120.55420026,22.8288278],[120.55758681,22.8320973],[120.56153054,22.83382702],[120.56357487,22.83527495],[120.5655731,22.83709408],[120.56669656,22.83836119],[120.56821576,22.84100202],[120.56959404,22.84315885],[120.57069159,22.84437071],[120.5748127,22.84820603],[120.57640953,22.84938545],[120.58564272,22.85651924],[120.59405748,22.86270496],[120.59525965,22.86366593],[120.59809974,22.86687792],[120.60234065,22.87069421],[120.60582552,22.87321356],[120.61293732,22.87607674],[120.6150923,22.8767453],[120.61675494,22.87681712],[120.62063546,22.87558508],[120.62247985,22.87625442],[120.62601715,22.87830219],[120.62835314,22.87928213],[120.63040855,22.87991319],[120.63437522,22.88075013],[120.63576771,22.88139602],[120.63703605,22.88232737],[120.63808651,22.88267354],[120.64044207,22.88309814],[120.64306902,22.88419213],[120.64503365,22.88517811],[120.64650279,22.88379408],[120.64757112,22.88066946],[120.64793858,22.87787854],[120.64844169,22.87713287],[120.64943143,22.87695714],[120.65102574,22.87721526],[120.65181913,22.87812096],[120.65234854,22.87947147],[120.65319377,22.88036266],[120.65487801,22.88147538],[120.65648824,22.88134722],[120.65805591,22.87971016],[120.65832278,22.87848219],[120.65842471,22.87433801],[120.65937906,22.87148878],[120.65966294,22.86995025],[120.658651,22.86607234],[120.65934162,22.86417151],[120.65948572,22.86192054],[120.66048565,22.86000274],[120.66091013,22.8596724],[120.66429985,22.85880862],[120.66555391,22.85868772],[120.66655458,22.85891377],[120.6685754,22.85871602],[120.66934654,22.85735371],[120.66988799,22.85686833],[120.67211793,22.8563539],[120.67479411,22.85670476],[120.67672734,22.85725615],[120.67810641,22.85949356],[120.67885335,22.86270394],[120.67919067,22.86295292],[120.68190235,22.86315411],[120.68404143,22.86351506],[120.68622474,22.86466514],[120.6895861,22.86472857],[120.6905438,22.8648746],[120.69102269,22.86556279],[120.69195209,22.86765796],[120.69198158,22.86845418],[120.69789976,22.87306313],[120.69959826,22.87505603],[120.70136916,22.8764835],[120.70197701,22.87738149],[120.70254214,22.87924173],[120.70454345,22.880669],[120.70575084,22.88117272],[120.70825658,22.88164659],[120.70978497,22.88110265],[120.71105968,22.88120023],[120.71350033,22.88083388],[120.71712455,22.88097038],[120.72051076,22.88199853],[120.7220964,22.88130448],[120.72502265,22.88083343],[120.72700619,22.87901598],[120.73005228,22.8767862],[120.73094272,22.8762565],[120.73324705,22.87533098],[120.73538236,22.8748967],[120.73747339,22.87429755],[120.74107785,22.87409605],[120.74268254,22.87355314],[120.74348314,22.87204593],[120.74418607,22.87118303],[120.74579968,22.86983604],[120.74634922,22.86915184],[120.74658795,22.86778455],[120.74796703,22.86683544],[120.74926425,22.86568285],[120.7510072,22.86495446],[120.75229914,22.86469775],[120.75393234,22.86518118],[120.75529445,22.86444582],[120.75589509,22.86297539],[120.7565598,22.86222315],[120.75877153,22.86092636],[120.76215898,22.85681363],[120.7630092,22.85458555],[120.76376175,22.85172878],[120.76400046,22.84928718],[120.764383,22.84886206],[120.76592685,22.84870374],[120.76851475,22.84520255],[120.76991828,22.84455455],[120.77074341,22.84350255],[120.7715378,22.84186985],[120.77289442,22.84109622],[120.77390924,22.83845136],[120.77441296,22.83765276],[120.77598957,22.83649642],[120.77871486,22.83520389],[120.77997055,22.83536688],[120.78206908,22.83646007],[120.7843802,22.83872823],[120.78584292,22.83990312],[120.78871727,22.84021373],[120.79020825,22.84014529],[120.79269501,22.8411193],[120.79299422,22.84229973],[120.79278971,22.84336679],[120.79209887,22.84523452],[120.79170386,22.84837284],[120.79266138,22.85083561],[120.7933508,22.85203184],[120.79412735,22.85219727],[120.79568452,22.85175346],[120.79796219,22.85171475],[120.79984964,22.85100951],[120.80108178,22.85102924],[120.80264402,22.85237129],[120.803589,22.85290702],[120.80508196,22.85335803],[120.80707702,22.85486722],[120.81186034,22.85706299],[120.81340259,22.85732838],[120.81381105,22.85766261],[120.81370154,22.85902326],[120.81418723,22.86045003],[120.81516753,22.86165767],[120.81589046,22.86211195],[120.81909192,22.86234602],[120.82014001,22.86306035],[120.8215901,22.86457561],[120.82295995,22.86572244],[120.82434034,22.86636333],[120.82612713,22.86639376],[120.8283248,22.86579523],[120.83011454,22.86584625],[120.83260214,22.86633357],[120.83304109,22.86627407],[120.83487043,22.86483707],[120.83613077,22.86435632],[120.83725103,22.86423469],[120.83881871,22.86250645],[120.83988065,22.86168722],[120.84094611,22.86038293],[120.84161669,22.8589074],[120.84119545,22.85728632],[120.84224747,22.85572715],[120.84298139,22.85421124],[120.84384882,22.85343503],[120.84717615,22.85196732],[120.84835807,22.85194777],[120.84896836,22.85329374],[120.85145106,22.85558521],[120.85318828,22.85762296],[120.85450845,22.85611109],[120.8561997,22.85512946],[120.85699579,22.85300081],[120.85884697,22.85219492],[120.85993027,22.85146309],[120.85935549,22.84946438],[120.8597309,22.84875077],[120.86252118,22.84681276],[120.8627851,22.84550617],[120.86356435,22.8440751],[120.86456828,22.84308204],[120.86488083,22.84530032],[120.86557849,22.84709034],[120.86774071,22.84963088],[120.86827957,22.85050212],[120.86818614,22.85132838],[120.86660954,22.85335011],[120.86721639,22.85467745],[120.86929078,22.85661298],[120.86943486,22.85795461],[120.86871486,22.85838432],[120.86563782,22.85963295],[120.86165408,22.86139689],[120.85957978,22.86290504],[120.85915406,22.86344714],[120.85980591,22.8641374],[120.86221556,22.86572534],[120.86349983,22.86606544],[120.86420206,22.86666757],[120.86554854,22.86966471],[120.86497756,22.87117864],[120.86498212,22.87221468],[120.86252562,22.87514417],[120.86122185,22.87614834],[120.85973028,22.87836852],[120.85841461,22.87834133],[120.85516151,22.87871987],[120.85209148,22.87809772],[120.85083526,22.87844061],[120.84790608,22.87961066],[120.84198352,22.88121868],[120.84052847,22.88194939],[120.83988576,22.88261066],[120.83884437,22.8846385],[120.83871982,22.88768428],[120.83822939,22.88989394],[120.8369099,22.89145852],[120.835213,22.89275496],[120.8346598,22.89397063],[120.83423805,22.8961582],[120.83319999,22.89823448],[120.83354047,22.89981493],[120.83212231,22.90102008],[120.83064332,22.90175235],[120.82925707,22.90312488],[120.82866508,22.90397421],[120.82853832,22.90520828],[120.82996199,22.90952589],[120.83044925,22.91025752],[120.83228224,22.91100129],[120.83329127,22.91226865],[120.83261003,22.91383653],[120.83154228,22.91956651],[120.8310407,22.92015714],[120.8291618,22.9207843],[120.82864941,22.92295694],[120.82783177,22.9256118],[120.82663507,22.92859354],[120.82537677,22.92975973],[120.82471246,22.93131584],[120.82351553,22.93318704],[120.82194166,22.93499421],[120.82215982,22.93668815],[120.82153345,22.93886682],[120.82199708,22.94318783],[120.82178056,22.94512429],[120.822648,22.94821526],[120.82328236,22.94918429],[120.82357036,22.95053179],[120.82459618,22.95178258],[120.82475504,22.95245502],[120.82419113,22.95390032],[120.82305207,22.95492095],[120.82283319,22.95639975],[120.82092301,22.9609493],[120.8208644,22.96235069],[120.8223231,22.96371928],[120.82218214,22.96463379],[120.82497066,22.96648657],[120.82573345,22.96727289],[120.82781121,22.96832731],[120.8301464,22.96999109],[120.82978988,22.9713562],[120.82915493,22.97244564],[120.8289317,22.97353805],[120.82929217,22.97514474],[120.83068878,22.97582607],[120.83157027,22.97788321],[120.83222749,22.9800621],[120.83291992,22.98075473],[120.83450983,22.98075791],[120.83583385,22.98180561],[120.83870373,22.98268666],[120.84002892,22.98361469],[120.84118423,22.98400151],[120.84173134,22.98499222],[120.84192542,22.98786094],[120.84137095,22.9899111],[120.84217957,22.9912075],[120.8453136,22.99238258],[120.84703312,22.99285593],[120.84769334,22.99396742],[120.84864739,22.99431243],[120.85014268,22.9964187],[120.85078525,22.99824794],[120.85206703,22.99990581],[120.85221771,23.00188304],[120.85200971,23.00334943],[120.85101071,23.00502864],[120.85384164,23.00491084],[120.85446751,23.00540579],[120.85632141,23.00481944],[120.85823665,23.00505608],[120.86065936,23.0080514],[120.86077962,23.00875284],[120.86051758,23.01046651],[120.86127237,23.01320386],[120.8612235,23.01493044],[120.86156835,23.01665809],[120.86141981,23.01788518],[120.86189748,23.01894441],[120.86173172,23.02017864],[120.86197769,23.02206862],[120.86109235,23.02443727],[120.86068407,23.02598762],[120.86070267,23.02790395],[120.86097957,23.02940738],[120.86161575,23.03076991],[120.86343037,23.03226207],[120.86433894,23.03254966],[120.86619735,23.03231068],[120.87007006,23.03350105],[120.87111304,23.03413361],[120.8726396,23.0345016],[120.87636223,23.0342256],[120.87813928,23.03431173],[120.87946505,23.03466656],[120.88011226,23.03608172],[120.88082247,23.0399871],[120.88137188,23.04192999],[120.8812604,23.04419758],[120.88015274,23.0456757],[120.87975118,23.04777525],[120.87867304,23.04900176],[120.87719071,23.04962282],[120.87447897,23.05111995],[120.87453125,23.05243283],[120.87372519,23.05342779],[120.87238321,23.0544873],[120.87132548,23.05505257],[120.86997673,23.05780037],[120.86931564,23.0599274],[120.87051551,23.06141763],[120.87314497,23.06590304],[120.87424929,23.06696542],[120.87534716,23.06854471],[120.87597075,23.07052969],[120.8764886,23.07290242],[120.87692182,23.07572452],[120.87807649,23.07823303],[120.879035,23.07906597],[120.87941738,23.07993893],[120.8805254,23.08081518],[120.8813081,23.08211747],[120.88258673,23.08333292],[120.8835983,23.08656285],[120.88513861,23.08832261],[120.88575782,23.08961861],[120.88555145,23.09263118],[120.88663247,23.09492046],[120.88782137,23.09668642],[120.88806814,23.09781672],[120.88878707,23.09909347],[120.88915281,23.10049353],[120.88875238,23.10238116],[120.88814232,23.10420675],[120.88861323,23.10554939],[120.88870964,23.10667049],[120.88909998,23.10713746],[120.88938499,23.10868169],[120.88940264,23.11044077],[120.88865422,23.11156422],[120.88747537,23.11251099],[120.88677601,23.11361499],[120.88629222,23.11646687],[120.88510289,23.11852328],[120.88504969,23.12001747],[120.88772846,23.1217737],[120.8880592,23.12243951],[120.88783318,23.12323918],[120.88646215,23.12618849],[120.88596178,23.12804615],[120.88586092,23.12951609],[120.88626671,23.13072465],[120.88622757,23.13187628],[120.88787248,23.13637694],[120.88783703,23.13706451],[120.88655194,23.14080899],[120.88562039,23.14462387],[120.88364224,23.14511714],[120.88106143,23.14651932],[120.87953833,23.14858786],[120.87807453,23.14958236],[120.87660088,23.15094691],[120.87668372,23.15155423],[120.87938833,23.15264677],[120.88333426,23.15343779],[120.88652407,23.15581321],[120.88697161,23.15793277],[120.88735136,23.15824281],[120.89057415,23.15857237],[120.89201127,23.15905574],[120.89500506,23.16071962],[120.89482972,23.16257616],[120.89498116,23.16371715],[120.89556186,23.16557762],[120.89548904,23.16847144],[120.89585704,23.17143422],[120.89639447,23.17230136],[120.89831053,23.1731251],[120.89860499,23.17400017],[120.89844202,23.17625675],[120.89872455,23.17666511],[120.90018931,23.17712096],[120.90167008,23.17858376],[120.90389545,23.17952166],[120.90590689,23.18057796],[120.90684459,23.18048852],[120.90905169,23.17980084],[120.9098841,23.18021582],[120.91126045,23.18280964],[120.91153354,23.18536461],[120.91246259,23.18675902],[120.91089299,23.19216898],[120.90969782,23.19352815],[120.90814905,23.19465125],[120.90644071,23.19671367],[120.90574851,23.19955475],[120.90660879,23.20019247],[120.9071534,23.20113317],[120.90650313,23.20333503],[120.90657405,23.205359],[120.90763409,23.20706168],[120.90881992,23.20772329],[120.91045794,23.20813552],[120.91139047,23.20889035],[120.91171462,23.2102141],[120.91175692,23.21322381],[120.91203484,23.21702091],[120.91171261,23.22085413],[120.91212572,23.22514576],[120.91155054,23.22719758],[120.91175695,23.22843071],[120.91430246,23.23254385],[120.9151313,23.2357244],[120.91546131,23.23751187],[120.9159651,23.23810356],[120.91718162,23.23832269],[120.91778822,23.23959523],[120.91941149,23.24098106],[120.92132146,23.24107117],[120.92170872,23.24167096],[120.92369625,23.24180843],[120.92445591,23.2428084],[120.926084,23.2443732],[120.92720685,23.24463916],[120.92956449,23.24281181],[120.93060516,23.24246327],[120.93174598,23.24257976],[120.93401999,23.24378404],[120.93527769,23.24391534],[120.93633767,23.24451024],[120.93789715,23.24495058],[120.93833946,23.24754733],[120.93964658,23.24918934],[120.94125114,23.25194793],[120.94590169,23.2527602],[120.94669288,23.25311537],[120.94770415,23.25488121],[120.94900975,23.25588141],[120.94973736,23.25772367],[120.95110388,23.25951047],[120.95250455,23.26054564],[120.95355206,23.26081565],[120.95483497,23.26215383],[120.95737959,23.26415994],[120.95816417,23.26537362],[120.95852247,23.26739529],[120.95883859,23.26805764],[120.95912146,23.26980689],[120.95967805,23.27084076],[120.96186863,23.27140023],[120.96336383,23.27210125],[120.964715,23.2747266],[120.96611345,23.27658414],[120.96768731,23.27760806],[120.96867063,23.27785808],[120.97027913,23.28060661],[120.97079981,23.28115392],[120.97262948,23.28218848],[120.9736617,23.28180161],[120.97720178,23.2819311],[120.97899271,23.28226775],[120.98086933,23.28155591],[120.98414568,23.28105675],[120.986084,23.28032342],[120.98776298,23.28082902],[120.99035629,23.28390303],[120.99111748,23.28423831],[120.99402336,23.28444176],[120.99551289,23.28525509],[120.99925426,23.28691603],[121.00138441,23.28737691],[121.00236316,23.28821481],[121.00564279,23.29060483],[121.00691385,23.2912117],[121.00836785,23.29125797],[121.00984422,23.29249813],[121.01077956,23.29276968],[121.0142466,23.29273507],[121.01721556,23.29284905],[121.01899561,23.29344812],[121.02010366,23.29456773],[121.02374601,23.29370614],[121.02465265,23.29443437],[121.02558999,23.29602006],[121.02650416,23.29661744],[121.02832344,23.2971228],[121.02989977,23.29836675],[121.03136473,23.30043367],[121.03202749,23.30257751],[121.03189539,23.30367234],[121.03427498,23.30420946],[121.03623013,23.3037611],[121.04046986,23.3060551],[121.04170961,23.30704782],[121.04420341,23.30747645],[121.04575578,23.30817633],[121.04644369,23.30911284],[121.04643375,23.31033386],[121.04693934,23.31205491],[121.04775412,23.3130302],[121.04810775,23.31456998],[121.04783905,23.31687235],[121.04715942,23.32000811],[121.04877862,23.32290608],[121.04901594,23.32468295],[121.04816329,23.32588303],[121.04672051,23.32661314],[121.04561855,23.3274735],[121.04364352,23.328083],[121.04182371,23.32800687],[121.03941962,23.32913471],[121.03895589,23.32970147],[121.03790163,23.33209768],[121.03645012,23.33350608],[121.03486481,23.33388459],[121.03278414,23.33393773],[121.03215634,23.33453244],[121.03148624,23.33640345],[121.0310075,23.33695412],[121.02998882,23.33726461],[121.02822358,23.33718819],[121.0269963,23.3376233],[121.02474566,23.3398635],[121.02331272,23.3433527],[121.02239296,23.34608652],[121.02226503,23.34826581],[121.02066835,23.3495077],[121.02004538,23.35038384],[121.01827746,23.35024523],[121.017546,23.34808182],[121.01519337,23.34634178],[121.01169439,23.34584821],[121.010404,23.34581424],[121.00883498,23.34710304],[121.00754369,23.34918103],[121.00801655,23.35041709],[121.00757407,23.35202593],[121.00334581,23.3545199],[121.00287208,23.35503271],[121.00005671,23.35652138],[120.99882909,23.35675337],[120.99466226,23.35637182],[120.99223206,23.35717108],[120.99119681,23.35718363],[120.98898531,23.35826204],[120.98709501,23.35873194],[120.98696744,23.36085611],[120.98656462,23.36342529],[120.98677476,23.36576594],[120.98811036,23.37067665],[120.99008359,23.37091409],[120.99117785,23.3714229],[120.99232256,23.37295638],[120.99242273,23.37365906],[120.99388705,23.37593997],[120.99676701,23.37874625],[120.99760815,23.37996652],[120.99933261,23.38113826],[121.00009425,23.38237274],[121.00293272,23.38307635],[121.00531006,23.3833918],[121.00694802,23.38400777],[121.00771754,23.38466535],[121.00791086,23.385487],[121.00768881,23.38666027],[121.00702966,23.38734419],[121.00479149,23.3882483],[121.00371661,23.38893681],[121.00286665,23.3900446],[121.00113269,23.39174563],[121.00321092,23.39478832],[121.00500082,23.39601707],[121.00643416,23.39655605],[121.00803399,23.39660098],[121.00878894,23.39554599],[121.01046271,23.39509805],[121.01173727,23.39591044],[121.01464228,23.3965828],[121.0154762,23.3971053],[121.01670803,23.39883268],[121.01810206,23.40011097],[121.01914345,23.40143764],[121.02004288,23.40134055],[121.02123863,23.40072673],[121.02174553,23.39996803],[121.02264067,23.40027339],[121.02443553,23.40156006],[121.02597032,23.40293066],[121.02705624,23.40299889],[121.02834611,23.40376342],[121.02812794,23.40452514],[121.02665131,23.40604187],[121.02727479,23.4080754],[121.02741444,23.40968083],[121.02686515,23.41184276],[121.02687044,23.41309818],[121.02519068,23.41416001],[121.02491074,23.41460295],[121.0262709,23.41505152],[121.02774126,23.41625281],[121.0283932,23.4185343],[121.02938291,23.42023639],[121.02948511,23.42218264],[121.02924733,23.42279058],[121.02740867,23.42318313],[121.02601358,23.42414458],[121.02272031,23.42481179],[121.02231731,23.4255323],[121.02234551,23.42735537],[121.02107208,23.42936138],[121.01984172,23.42965604],[121.01899749,23.43032954],[121.01731192,23.43046699],[121.01658968,23.4309664],[121.01415503,23.43093445],[121.01323774,23.43261144],[121.0130716,23.43336555],[121.01391614,23.43377511],[121.01446341,23.43499341],[121.01526824,23.43541038]]]},"properties":{"gml_id":"layer_city_boundary_pg.34","Name":"高雄市","layer":"市","code":"710600000000","grade":2}},
{"type":"Feature","geometry":{"type":"MultiPolygon","coordinates":[[[[122.07835575,25.63314732],[122.07377083,25.63209024],[122.07251169,25.62956006],[122.07229258,25.62812801],[122.07298034,25.62678085],[122.07424778973315,25.625665903192743],[122.0746986,25.62587332],[122.07573845,25.6253606],[122.07687328,25.62519709],[122.07728158,25.62361687],[122.07827401,25.62313261],[122.08065503,25.62330022],[122.08163858,25.62368548],[122.08186516,25.62456787],[122.08101062,25.62543819],[122.08241588,25.62594133],[122.08439307,25.62762436],[122.08426556,25.62871656],[122.08509991,25.62932176],[122.08492514,25.63089262],[122.08441677,25.63121053],[122.08447756,25.63236823],[122.08394738,25.63319376],[122.08302435,25.63332798],[122.08246678,25.63277069],[122.08061764,25.63335103],[122.08009815,25.63291421],[122.07835575,25.63314732]]],[[[122.10696141,25.48736277],[122.10524044,25.48777027],[122.10447481,25.48733127],[122.10451032,25.48598912],[122.10326088,25.48601927],[122.10372404,25.48455596],[122.10350614,25.48347884],[122.10385339,25.48300948],[122.1055052,25.48198698],[122.10615939,25.48229033],[122.10616821,25.48313279],[122.10781068,25.48432161],[122.10694513,25.4851821],[122.10747673,25.4868423],[122.10696141,25.48736277]]],[[[121.80350023,25.13620576],[121.80330912,25.13644432],[121.80425492,25.13781387],[121.80407022,25.1392457],[121.80290553,25.14109372],[121.80307701,25.14195598],[121.8044807,25.14241712],[121.8038584,25.14312364],[121.80455888,25.14447447],[121.80596256,25.14479376],[121.80654756,25.14607073],[121.80785223,25.14649454],[121.80814616,25.14774406],[121.80702538,25.14913931],[121.80294181,25.14811111],[121.80187428,25.14838033],[121.80053689,25.14753592],[121.79813803,25.14762142],[121.79720401,25.14818438],[121.79533582,25.14806192],[121.79489898,25.14684182],[121.79319118,25.14687629],[121.79129762,25.14822316],[121.7891466,25.14816141],[121.78567987,25.14954596],[121.78505767,25.14955669],[121.78456461,25.1509144],[121.78394343,25.15164611],[121.78197021,25.15274376],[121.77985073,25.1532095],[121.77897362,25.15264404],[121.77793198,25.15145331],[121.77703244,25.15184955],[121.77688027,25.15244251],[121.77552427,25.15414056],[121.77473005,25.15596335],[121.77379421,25.1553588],[121.77269093,25.15558958],[121.77341306,25.15644968],[121.77666283,25.15798007],[121.77681424,25.15890838],[121.77907692,25.15873769],[121.77881093,25.15931238],[121.7767948,25.15952052],[121.77481322,25.16047464],[121.77288375,25.16088723],[121.77027479,25.16026952],[121.77017317,25.16128718],[121.76891326,25.16214213],[121.76742161,25.16241683],[121.76554749,25.16343166],[121.76346025,25.16380698],[121.76230613,25.16347175],[121.76243136,25.16274133],[121.76164083,25.16223449],[121.76254957,25.1615896],[121.76194384,25.16027242],[121.76031006,25.16040056],[121.75994803,25.16126011],[121.75796343,25.16091252],[121.75764973,25.15979526],[121.75615526,25.15952124],[121.75556275,25.16217922],[121.7549198,25.16226746],[121.75298228,25.15851537],[121.7484933,25.15625283],[121.74739781,25.15666374],[121.7470607,25.15726203],[121.74528819,25.15681182],[121.74262053,25.15727027],[121.73966262,25.15952374],[121.73992727,25.16033314],[121.73889314,25.16094573],[121.73817172,25.16092397],[121.73732992,25.16031146],[121.7368248,25.1594146],[121.73558694,25.1593312],[121.73477598,25.15894739],[121.7341632,25.15818431],[121.73359449,25.15857543],[121.734841,25.16052456],[121.73392723,25.16145792],[121.73125776,25.16269613],[121.73027162,25.1640027],[121.72946968,25.16359532],[121.72831347,25.16412566],[121.7274357,25.16406427],[121.72602889,25.16464006],[121.72534259,25.16553849],[121.72466732,25.16578421],[121.72365447,25.1651701],[121.71852276,25.16590751],[121.71737487,25.16596898],[121.71744246,25.16695167],[121.71636212,25.16713605],[121.71575433,25.16609197],[121.71271576,25.16603075],[121.71254308,25.16540268],[121.7111627,25.16492534],[121.70859675,25.16517119],[121.70724634,25.16603123],[121.70866441,25.16756654],[121.70840654,25.16916248],[121.70923428,25.16981756],[121.71008251,25.17002321],[121.70988002,25.17100595],[121.70893471,25.17180446],[121.70846461,25.17268312],[121.70881354,25.17379518],[121.70994767,25.17413821],[121.71015029,25.17604205],[121.70964946,25.1765653],[121.70931083,25.17598065],[121.7090207,25.17564312],[121.7070219,25.17419422],[121.70597365,25.17382858],[121.7039841,25.17406404],[121.70347318,25.17367059],[121.70223954,25.17352037],[121.70219335,25.17254584],[121.70104299,25.17070574],[121.70094929,25.16934851],[121.70046567,25.16890699],[121.69911104,25.16893739],[121.69894002,25.16721979],[121.69754119,25.16677747],[121.69653026,25.16717107],[121.69565226,25.16645107],[121.69496747,25.16667446],[121.69271118,25.16635642],[121.69128603,25.16632694],[121.69106737,25.16481796],[121.68955931,25.16400649],[121.68882372,25.1640927],[121.68785175,25.16279544],[121.68759036,25.16188977],[121.68532793,25.16060916],[121.68482184,25.16010559],[121.68331145,25.16064481],[121.68250438,25.15925993],[121.68133875,25.15928565],[121.67839503,25.15743607],[121.67765027,25.1558113],[121.67635992,25.15546547],[121.67576641,25.15575398],[121.67411442,25.15543315],[121.67146189,25.15556673],[121.67045133,25.15478659],[121.66962219,25.15462441],[121.66918879,25.15339986],[121.6675923,25.15292651],[121.66595546,25.15291739],[121.66381718,25.15219372],[121.66231513,25.15260194],[121.66106393,25.15214482],[121.65811953,25.15215537],[121.65722003,25.15143026],[121.6566613,25.15008303],[121.65577896,25.14921667],[121.65298668,25.14825159],[121.65201105,25.14841526],[121.65144843,25.14796529],[121.65114339,25.147041],[121.64986302,25.14510162],[121.64910486,25.14494722],[121.64627021,25.14576968],[121.6440052,25.14575514],[121.64238889,25.14496718],[121.63956502,25.14568631],[121.63885533,25.14439487],[121.63675974,25.14361803],[121.6355029,25.14354116],[121.63452294,25.14389614],[121.63205162,25.14261668],[121.63100122,25.14256885],[121.62930091,25.14176213],[121.62679079,25.13973876],[121.62678621,25.13964283],[121.62775922,25.13716985],[121.62784868,25.13609773],[121.62866098,25.13468024],[121.63264903,25.13222292],[121.633056,25.13109408],[121.63464784,25.13046803],[121.63793915,25.13082225],[121.64076754,25.12959486],[121.641811,25.12808461],[121.64302464,25.12782956],[121.6443698,25.12501731],[121.64489208,25.12337226],[121.64467915,25.12220079],[121.64510092,25.12151284],[121.64623558,25.12105618],[121.64625031,25.12004244],[121.64567733,25.11903527],[121.6459575,25.11829877],[121.64602242,25.11591335],[121.64574159,25.11540687],[121.64622925,25.11362808],[121.6476593,25.11189474],[121.64881985,25.11117419],[121.64935747,25.11009001],[121.65015029,25.10964203],[121.65047154,25.10807625],[121.65163533,25.10614822],[121.65222584,25.10468189],[121.65167394,25.10342807],[121.65022701,25.10336238],[121.64892977,25.10190954],[121.65037344,25.10054305],[121.6507254,25.099805],[121.65057192,25.09872448],[121.65106447,25.09818138],[121.65208489,25.09792452],[121.65292682,25.09733753],[121.6534632,25.09631832],[121.65536688,25.09562132],[121.65617558,25.09456057],[121.65568545,25.09361575],[121.65765575,25.09274888],[121.65837561,25.09158241],[121.66011217,25.09082207],[121.66090203,25.09088843],[121.66123045,25.08995134],[121.66193404,25.08935194],[121.663067,25.08961356],[121.66427645,25.0894338],[121.66491251,25.08872283],[121.66636023,25.08799794],[121.66681582,25.08681355],[121.66790465,25.08576021],[121.6690333,25.08560189],[121.66950972,25.08506118],[121.67249598,25.08382276],[121.6740213,25.08292258],[121.67496399,25.08344262],[121.67678036,25.08522583],[121.67860952,25.08724884],[121.68056184,25.08827995],[121.68120199,25.08802323],[121.68172797,25.0871144],[121.68153262,25.08441989],[121.68020524,25.08450066],[121.67986223,25.08374441],[121.6804859,25.08188606],[121.67969952,25.08000834],[121.67896112,25.07946503],[121.67921626,25.07854134],[121.68019877,25.07809208],[121.68040399,25.07706263],[121.68149536,25.07704287],[121.68385099,25.0748726],[121.68479516,25.07454106],[121.68577803,25.07351434],[121.68775702,25.07238719],[121.68841204,25.07174127],[121.69006297,25.07175279],[121.6916401,25.07045869],[121.69495847,25.07000167],[121.69648047,25.07009913],[121.69737487,25.06945229],[121.69935046,25.06744997],[121.70038389,25.06733912],[121.70238575,25.06778371],[121.70425857,25.06793208],[121.70524755,25.06692742],[121.70686838,25.06659006],[121.7092863,25.0676937],[121.71066926,25.06802531],[121.71236064,25.06803685],[121.71497401,25.06639283],[121.71673482,25.06456638],[121.71781546,25.06381793],[121.71899638,25.06164314],[121.72079817,25.06042092],[121.72198319,25.06011426],[121.72213294,25.05889392],[121.72269334,25.05846898],[121.72555532,25.05841833],[121.72619942,25.05811983],[121.72693308,25.056721],[121.72838911,25.05475656],[121.7296638,25.05400591],[121.73005332,25.05335329],[121.73229247,25.05276996],[121.73280453,25.05332552],[121.73479444,25.05415909],[121.73599392,25.05424701],[121.73722011,25.05473826],[121.73783024,25.05465929],[121.73939157,25.05366226],[121.73978749,25.05306114],[121.74235603,25.05293625],[121.74292295,25.05249064],[121.74371025,25.05312902],[121.74590453,25.05299745],[121.74668694,25.05357951],[121.74761913,25.05371957],[121.74817416,25.0550502],[121.74914114,25.05540288],[121.75082082,25.05704058],[121.75214643,25.05761926],[121.75558397,25.05828892],[121.75670077,25.05925428],[121.75794138,25.0590227],[121.75928559,25.05945176],[121.76055171,25.05796327],[121.76182672,25.05776941],[121.76232884,25.0569828],[121.76402485,25.05744466],[121.76467873,25.05851097],[121.76480463,25.05954549],[121.76590581,25.05999022],[121.7673408,25.06182716],[121.76999913,25.06348833],[121.77171945,25.06320878],[121.77214698,25.0638163],[121.77304572,25.06683907],[121.77454992,25.06841337],[121.77569486,25.07000011],[121.77456403,25.07137668],[121.77363619,25.07306845],[121.77215815,25.07412484],[121.77130634,25.07614111],[121.76941307,25.07790612],[121.76844752,25.07847528],[121.76708246,25.07877387],[121.76387854,25.07864509],[121.76167779,25.07839354],[121.76002335,25.08102486],[121.7591209,25.08447893],[121.75957301,25.08677915],[121.75913457,25.08780972],[121.75917793,25.08866827],[121.75981232,25.09024273],[121.75897881,25.09188562],[121.75849636,25.09341361],[121.75835633,25.09477785],[121.75943751,25.09628687],[121.75929119,25.09756576],[121.75960141,25.10078634],[121.75676868,25.10188757],[121.75669101,25.10275527],[121.75749101,25.10270974],[121.75801891,25.10337004],[121.75745438,25.10413727],[121.7572509,25.1053506],[121.75739752,25.10663557],[121.75680651,25.10710727],[121.75604915,25.10840947],[121.75483878,25.10878639],[121.75388828,25.10867656],[121.75288951,25.10716069],[121.75088198,25.10774612],[121.75007044,25.1091644],[121.75002448,25.1097261],[121.75177446,25.11100053],[121.75394198,25.11071866],[121.75488478,25.11041966],[121.75582542,25.11057867],[121.75700832,25.11013124],[121.75756853,25.11099411],[121.75938173,25.11259012],[121.7614438,25.11239239],[121.76327696,25.11344518],[121.76545391,25.11324976],[121.7668991,25.11252615],[121.76798329,25.11394783],[121.7686969,25.11411093],[121.76971898,25.11496817],[121.77048008,25.11680516],[121.7714069,25.11749673],[121.77155781,25.11852191],[121.77296592,25.12011035],[121.77369097,25.12027909],[121.77489659,25.11989542],[121.77610154,25.11860224],[121.77716045,25.11861844],[121.77938792,25.11757375],[121.78055741,25.11765777],[121.78352666,25.11659697],[121.78498278,25.11778911],[121.78601658,25.11812067],[121.78724386,25.11588722],[121.78937023,25.11306279],[121.79014729,25.1122657],[121.79159317,25.11276337],[121.79291782,25.11290334],[121.79467238,25.11257459],[121.79568032,25.11374647],[121.79775892,25.1143165],[121.79759767,25.11506665],[121.79793494,25.11611807],[121.79757502,25.1177218],[121.79872263,25.1184294],[121.79883341,25.11933699],[121.79760831,25.11982115],[121.79706861,25.12128547],[121.79625857,25.12170846],[121.79419731,25.12335271],[121.79452969,25.12420967],[121.79424377,25.12529025],[121.79464677,25.12641926],[121.79626308,25.12539503],[121.79761217,25.12502074],[121.7980888,25.12429312],[121.79890459,25.12437644],[121.79979961,25.12312578],[121.80070077,25.12305635],[121.80236084,25.12176937],[121.80316546,25.12222335],[121.80360651,25.12384172],[121.80485847,25.12506618],[121.80498407,25.12579418],[121.8038474,25.12723149],[121.80423372,25.12848012],[121.80531765,25.12934784],[121.8053449,25.1311227],[121.80413768,25.13284908],[121.80391052,25.13354896],[121.80251829,25.13433245],[121.80350023,25.13620576]]]]},"properties":{"gml_id":"layer_city_boundary_pg.35","Name":"基隆市","layer":"市","code":"710700000000","grade":2}},
{"type":"Feature","geometry":{"type":"Polygon","coordinates":[[[120.93542097,24.71259659],[120.93600197,24.71363236],[120.93602578,24.71468987],[120.93669928,24.71496075],[120.93861906,24.71661397],[120.93815546,24.71832419],[120.9386493,24.71892275],[120.93883443,24.72041814],[120.93834631,24.72115107],[120.93843448,24.72207296],[120.93901953,24.72260794],[120.93863826,24.72479397],[120.93926624,24.72542025],[120.9381312,24.72751395],[120.93891586,24.72794468],[120.93846733,24.72907628],[120.93875312,24.7298057],[120.93967175,24.72949137],[120.94060996,24.72843614],[120.9418144,24.72855986],[120.9423226,24.73044398],[120.94111745,24.73191689],[120.9398911,24.73248703],[120.94069606,24.73403502],[120.94168197,24.73501131],[120.94191131,24.73601695],[120.94177635,24.73728504],[120.94320122,24.7390452],[120.94303725,24.73976377],[120.94365,24.74132479],[120.94381924,24.743741],[120.94429881,24.74442982],[120.94614241,24.74528191],[120.94715713,24.7448509],[120.94810175,24.74523286],[120.9491193,24.74443366],[120.95112204,24.74451548],[120.95194949,24.74379241],[120.95270709,24.74412204],[120.95389383,24.74342091],[120.95492796,24.74432733],[120.95595355,24.74458221],[120.95653646,24.7452163],[120.95747868,24.74528047],[120.95779314,24.74610056],[120.95759718,24.74756688],[120.9571726,24.74825445],[120.95750154,24.74964817],[120.95855556,24.74921626],[120.96032068,24.75027241],[120.96094805,24.75116578],[120.96154803,24.75138287],[120.96187915,24.75281673],[120.96284592,24.75434426],[120.96270957,24.75491247],[120.96355875,24.75554665],[120.96434398,24.75519027],[120.96531993,24.75620299],[120.96652691,24.75583745],[120.96740489,24.75646549],[120.96768686,24.7575025],[120.96745394,24.75853612],[120.96754175,24.76059702],[120.96810101,24.7610846],[120.9686446,24.76222376],[120.96900918,24.7637789],[120.9698331,24.76516471],[120.9709853,24.76574076],[120.97161215,24.76468457],[120.97332266,24.76423751],[120.97441517,24.7650016],[120.97494417,24.76402944],[120.97650762,24.76441377],[120.97712158,24.76311188],[120.978643,24.76353697],[120.97948057,24.76330733],[120.98046356,24.76412916],[120.98062745,24.76546184],[120.98216326,24.76751684],[120.98321112,24.76741142],[120.9840337,24.76801864],[120.98700475,24.76842203],[120.98832296,24.76845618],[120.98702692,24.77017846],[120.98689484,24.77113552],[120.9862747,24.77274791],[120.98522196,24.77302937],[120.98392379,24.77297104],[120.98319698,24.77324134],[120.98426322,24.77464972],[120.98516435,24.77520188],[120.98477005,24.77587241],[120.98561671,24.77620287],[120.98583274,24.77690939],[120.98817099,24.77742159],[120.98919393,24.77693173],[120.99059242,24.77715682],[120.99167231,24.77903294],[120.99293565,24.78054908],[120.99469491,24.78035375],[120.99597745,24.77998617],[120.99788289,24.77892908],[120.99969527,24.77826088],[121.0045921,24.77517236],[121.00673045,24.7742879],[121.00820331,24.77444603],[121.00987583,24.77367713],[121.01054507,24.77294569],[121.0135526,24.77093672],[121.01588855,24.76718061],[121.01705439,24.76573055],[121.0169417,24.7648666],[121.01833029,24.76380188],[121.01873989,24.76255313],[121.01885381,24.76091333],[121.0193205,24.75899327],[121.0202066,24.75685371],[121.02086968,24.75655945],[121.02256747,24.75693335],[121.02382503,24.75683253],[121.0245278,24.75724276],[121.02826434,24.75835393],[121.02910382,24.75966937],[121.03059065,24.76120345],[121.03239799,24.76169305],[121.03344269,24.76343179],[121.03301482,24.76491921],[121.03050418,24.76590126],[121.02988536,24.76647091],[121.02967471,24.76798802],[121.02915934,24.76894313],[121.02945413,24.7696279],[121.02932504,24.77104856],[121.03015604,24.77142193],[121.03031392,24.77214355],[121.02920517,24.7728662],[121.02838851,24.77296786],[121.02825427,24.77369389],[121.02966545,24.77644892],[121.02749008,24.77721514],[121.02798528,24.7786508],[121.02600039,24.77894991],[121.02494723,24.77999025],[121.02600174,24.78034134],[121.0269512,24.78119038],[121.0275156,24.78271086],[121.02476044,24.78435169],[121.02326451,24.78494279],[121.02332048,24.78567114],[121.02494684,24.78609968],[121.02429749,24.78770282],[121.02451135,24.78926035],[121.0235073,24.79052086],[121.02213754,24.79042128],[121.02061295,24.79410265],[121.02155135,24.79513986],[121.02304355,24.79575781],[121.02059975,24.79880811],[121.02205238,24.7985115],[121.02433459,24.79893448],[121.0256981,24.79900262],[121.02361114,24.80034304],[121.02130795,24.80160995],[121.02067497,24.80322045],[121.01963971,24.80437995],[121.01815114,24.80735079],[121.01715591,24.807916],[121.01512764,24.80856454],[121.0102786,24.81383188],[121.00827053,24.81621618],[121.00688814,24.81702275],[121.00437253,24.81927035],[121.0022606,24.82017139],[121.00131426,24.82134189],[121.00038358,24.82206115],[120.99554943,24.82335932],[120.99273902,24.8234606],[120.99034661,24.82433331],[120.98904375,24.82515309],[120.98768425,24.82556582],[120.98702107,24.82643161],[120.98624427,24.82816491],[120.98542429,24.82939481],[120.98388787,24.8305758],[120.98145072,24.83123249],[120.97922665,24.82999501],[120.97757407,24.82969179],[120.97463786,24.82995776],[120.96917873,24.83217374],[120.96736681,24.83264213],[120.96328216,24.83249517],[120.96030569,24.83294114],[120.95790952,24.83364979],[120.95703409,24.833577],[120.95528414,24.83436348],[120.95277928,24.83620769],[120.94748759,24.83988242],[120.9448096,24.8410689],[120.94404004,24.844148],[120.94315031,24.84650748],[120.94167149,24.84853043],[120.9404418,24.84996464],[120.93930824,24.85059872],[120.93565743,24.85223211],[120.93394418,24.85271192],[120.93126725,24.85262103],[120.92522126,24.85481376],[120.92272335,24.85409209],[120.92124021,24.85346833],[120.91638394,24.85279824],[120.91418521,24.85404867],[120.91296088,24.85408044],[120.91326583,24.85195132],[120.91675202,24.84874825],[120.91552465,24.84581153],[120.91585738,24.84273736],[120.91574782,24.841129],[120.91483118,24.83898092],[120.91312348,24.83655578],[120.91222544,24.83576604],[120.91076335,24.83575839],[120.90930541,24.83423246],[120.90831951,24.83159417],[120.90738806,24.83018818],[120.90576566,24.82851548],[120.90470847,24.8270537],[120.90280564,24.82407093],[120.90097796,24.8201853],[120.89960322,24.81652319],[120.89925644,24.81401485],[120.89788302,24.81136885],[120.89694143,24.80922058],[120.89662852,24.80736268],[120.89683801,24.805328],[120.89613896,24.80082478],[120.892639,24.79436368],[120.89210583,24.79193685],[120.89252321,24.78838509],[120.89251387,24.78700293],[120.89281751,24.78612962],[120.89270433,24.78472752],[120.89292463,24.78352809],[120.89284864,24.78194235],[120.89319998,24.78078439],[120.8928915,24.77890574],[120.89239551,24.77836947],[120.89142537,24.77609909],[120.89131218,24.77511416],[120.89174632,24.77326108],[120.89266916,24.77318751],[120.89284231,24.77204946],[120.89257426,24.77110306],[120.89274321,24.76931993],[120.89335556,24.76858943],[120.89466454,24.76787116],[120.89525634,24.7657174],[120.89620111,24.76780191],[120.89675252,24.76806515],[120.89751148,24.76622283],[120.89777135,24.76468474],[120.89706893,24.76386924],[120.8960522,24.76353723],[120.89460285,24.76263848],[120.89318573,24.76136257],[120.8918998,24.7587144],[120.89029448,24.75738324],[120.88840083,24.75415876],[120.88511547,24.75059462],[120.88262218,24.74647365],[120.8808871,24.74570354],[120.87941323,24.74392527],[120.87775793,24.74259435],[120.8745294,24.73832278],[120.88102853,24.73329109],[120.88318836,24.7344087],[120.88370795,24.73447885],[120.88479266,24.73279036],[120.88691902,24.73341945],[120.88756924,24.73383252],[120.89094972,24.73177498],[120.89246942,24.73283632],[120.89361306,24.73231899],[120.8952256,24.73268034],[120.89722829,24.73336685],[120.89906973,24.73451187],[120.90174117,24.73674511],[120.90376744,24.73895318],[120.90479041,24.73940689],[120.90586302,24.74068184],[120.90779922,24.74107395],[120.90852879,24.74059131],[120.90869189,24.73950106],[120.90836468,24.73730059],[120.90902276,24.73575498],[120.91053029,24.73439017],[120.91206216,24.73231332],[120.91281849,24.73040645],[120.91313791,24.72844185],[120.91417415,24.72706385],[120.91374811,24.72432058],[120.91478227,24.72299783],[120.91627261,24.72153446],[120.9155823,24.72004599],[120.9144554,24.71910252],[120.9143395,24.71801974],[120.91371181,24.7175248],[120.91489656,24.71681539],[120.91783543,24.71623033],[120.91959948,24.71695021],[120.92098713,24.71654041],[120.92119201,24.7159231],[120.92261304,24.71480847],[120.92386469,24.71456917],[120.92522873,24.71543791],[120.92688166,24.71504852],[120.92793653,24.71571337],[120.92883133,24.71528764],[120.92995735,24.71648118],[120.93068091,24.71519099],[120.93157514,24.71426715],[120.93303653,24.71328863],[120.93512741,24.71297423],[120.93542097,24.71259659]]]},"properties":{"gml_id":"layer_city_boundary_pg.36","Name":"新竹市","layer":"市","code":"710800000000","grade":2}},
{"type":"Feature","geometry":{"type":"Polygon","coordinates":[[[120.44758126,23.51818865],[120.44676264,23.5184298],[120.44516731,23.51815238],[120.44448114,23.5173336],[120.44249614,23.51807712],[120.44065094,23.51798333],[120.44209997,23.51365916],[120.44203546,23.5129829],[120.44049821,23.51193967],[120.43905121,23.51224047],[120.4371364,23.51403556],[120.43735724,23.51514874],[120.43640042,23.51630289],[120.43503751,23.51726922],[120.43376588,23.51722463],[120.43346258,23.51649644],[120.43401857,23.51602361],[120.4335291,23.51434466],[120.43256773,23.51344271],[120.43371177,23.51140849],[120.43373691,23.50969516],[120.43317864,23.50891933],[120.43152376,23.50874225],[120.42786256,23.5092455],[120.4262753,23.50876089],[120.42498836,23.50644288],[120.42426805,23.50619533],[120.42096603,23.50605847],[120.41955008,23.50573863],[120.41758631,23.50558293],[120.41661855,23.50527858],[120.41542029,23.5038376],[120.41341614,23.50240769],[120.41258814,23.49975924],[120.41198364,23.49901701],[120.40959993,23.49844665],[120.40845284,23.49844038],[120.40788015,23.50198895],[120.40807545,23.50403615],[120.40880063,23.5065739],[120.4063967,23.50417772],[120.40568341,23.50372104],[120.40382339,23.50373884],[120.40327306,23.50323503],[120.40100387,23.50187301],[120.40021607,23.49995491],[120.40019896,23.49875754],[120.39926339,23.49876697],[120.39744522,23.49973985],[120.39497634,23.50071971],[120.39151108,23.50026935],[120.39001624,23.49935929],[120.38933268,23.49859485],[120.38995144,23.49794426],[120.38919018,23.49715086],[120.3893538,23.49600722],[120.38926727,23.4939826],[120.38977945,23.49135271],[120.39041285,23.49118798],[120.39471622,23.49074898],[120.39393084,23.48895095],[120.39406905,23.48684395],[120.39364291,23.48620792],[120.39333395,23.48366239],[120.3934327,23.4823789],[120.39396229,23.48201357],[120.39441307,23.48076768],[120.39690477,23.48044275],[120.39688231,23.47953443],[120.39799694,23.47950954],[120.39878931,23.47797052],[120.3984797,23.47595867],[120.39880174,23.4756742],[120.39849883,23.47400847],[120.39925856,23.47103285],[120.39799127,23.47036243],[120.39664061,23.46774465],[120.3952725,23.46745326],[120.39421546,23.46619918],[120.39416729,23.46252149],[120.3971691,23.46258897],[120.40016984,23.46324456],[120.40186348,23.46341623],[120.40372886,23.46330452],[120.40651238,23.46360287],[120.4081294,23.46437038],[120.40925692,23.46428542],[120.40986605,23.46462258],[120.41127403,23.46478668],[120.41214299,23.46454391],[120.41302617,23.4636591],[120.41299674,23.46242964],[120.41345786,23.46172476],[120.41515549,23.46027673],[120.42173899,23.46109991],[120.42208281,23.46093334],[120.42409046,23.4613655],[120.42481418,23.46091926],[120.42603945,23.46074788],[120.42929265,23.46104288],[120.43013856,23.45254632],[120.43284451,23.45010965],[120.43445934,23.45069039],[120.43514934,23.44890916],[120.43601741,23.44815683],[120.43703125,23.44643176],[120.43776765,23.44669896],[120.43855757,23.4457114],[120.43804819,23.44473965],[120.43595583,23.44419643],[120.43586987,23.44356167],[120.43670767,23.44333379],[120.43714091,23.44241003],[120.43873673,23.44116193],[120.43882247,23.44047874],[120.43957039,23.43955756],[120.44166429,23.44016733],[120.44529785,23.44244758],[120.44712274,23.44340424],[120.44877107,23.44363148],[120.45023687,23.44345349],[120.4516549,23.44403604],[120.45286373,23.44486773],[120.45460487,23.44832202],[120.45470862,23.45032033],[120.45542189,23.45033115],[120.45731255,23.45284733],[120.45898742,23.45420133],[120.46024201,23.45449926],[120.46106503,23.4553412],[120.46331637,23.45530599],[120.46447228,23.45558144],[120.46471251,23.45753767],[120.46451804,23.45824426],[120.46562306,23.45894805],[120.46632815,23.45985866],[120.46865077,23.46159978],[120.47089954,23.46191958],[120.47204986,23.46185837],[120.47539559,23.46212125],[120.47698954,23.46192252],[120.48002118,23.46039696],[120.48076634,23.45986467],[120.48169327,23.45807328],[120.48443978,23.45640828],[120.48599025,23.45524181],[120.48940105,23.45235308],[120.49013306,23.45211264],[120.49490875,23.4527841],[120.49614276,23.4546675],[120.49706477,23.45534173],[120.49688924,23.45611829],[120.49752905,23.45787035],[120.49851842,23.45841152],[120.49947713,23.45976385],[120.5004571,23.46054972],[120.5007345,23.46141145],[120.50044559,23.46303255],[120.49992142,23.46464221],[120.49996447,23.46554415],[120.50122171,23.46603771],[120.50176185,23.46691737],[120.50383845,23.4672541],[120.50505223,23.46960398],[120.50655694,23.4700927],[120.5072582,23.47179216],[120.50856139,23.47136508],[120.50919981,23.47213205],[120.50936819,23.47416962],[120.5092338,23.47484253],[120.50713438,23.47658811],[120.50700233,23.47713353],[120.50496385,23.47881105],[120.5039764,23.47875922],[120.50407371,23.48097902],[120.50188625,23.4808979],[120.5017652,23.48171002],[120.50242368,23.48188601],[120.50246884,23.48290453],[120.50305715,23.48325321],[120.50337316,23.48543436],[120.50257258,23.48548191],[120.50190332,23.48632923],[120.50187664,23.48710885],[120.50096128,23.48859742],[120.50130819,23.48981957],[120.50015896,23.49067771],[120.49903282,23.49078958],[120.49715816,23.490605],[120.49603948,23.49009826],[120.49424426,23.49018588],[120.49361013,23.49112848],[120.49219469,23.49134933],[120.49155849,23.49115254],[120.48906448,23.49156894],[120.48780132,23.49193642],[120.48725348,23.49269822],[120.48610331,23.49334009],[120.48433217,23.49513031],[120.48363894,23.49656057],[120.4836767,23.49824119],[120.48459726,23.49886686],[120.48440376,23.50001975],[120.48468838,23.50136527],[120.48403515,23.50385139],[120.48343039,23.50432354],[120.48315041,23.50536399],[120.48130264,23.50438673],[120.47967402,23.50440735],[120.47813855,23.50490294],[120.4764106,23.5059942],[120.47474824,23.50681952],[120.4734968,23.50684907],[120.47258059,23.50520143],[120.47082354,23.5038214],[120.47058378,23.50205622],[120.47012136,23.50021468],[120.46924331,23.49943056],[120.46746768,23.49878279],[120.46549477,23.49874218],[120.46384863,23.49940541],[120.46261956,23.50073692],[120.46204998,23.5020682],[120.46205951,23.50326713],[120.46148877,23.50468677],[120.46007235,23.50704181],[120.45917513,23.50802605],[120.45777136,23.50891736],[120.45630315,23.51177123],[120.45621694,23.51283605],[120.45738322,23.51364024],[120.45736712,23.51529169],[120.45631635,23.51601251],[120.45327306,23.51587882],[120.45113007,23.51685039],[120.44940207,23.51710819],[120.44758126,23.51818865]]]},"properties":{"gml_id":"layer_city_boundary_pg.37","Name":"嘉义市","layer":"市","code":"710900000000","grade":2}},
{"type":"Feature","geometry":{"type":"Polygon","coordinates":[[[121.40303894,24.59170819],[121.40142859,24.59151645],[121.39984016,24.59035074],[121.39853165,24.59004887],[121.39728635,24.58929927],[121.39573421,24.58893416],[121.39460102,24.58744522],[121.39132504,24.58645865],[121.38755941,24.58649745],[121.38303638,24.58944194],[121.37685157,24.59225317],[121.37277592,24.59374763],[121.37220392,24.5949179],[121.37196388,24.59684633],[121.37089543,24.59752758],[121.3693066,24.59797921],[121.36733296,24.59877004],[121.36617687,24.59998782],[121.36596222,24.60071438],[121.36332397,24.60312857],[121.36347488,24.60413106],[121.364314,24.60586193],[121.36368285,24.6078788],[121.36121789,24.61008458],[121.36133943,24.61194244],[121.36113271,24.61245346],[121.35948699,24.61383756],[121.35952793,24.61464948],[121.35879881,24.61667988],[121.35885003,24.61737486],[121.36010422,24.61854017],[121.36188807,24.62072704],[121.36305453,24.62067207],[121.36333318,24.62177802],[121.36326795,24.62300482],[121.36374881,24.62458132],[121.36477591,24.62645015],[121.3653716,24.62831352],[121.36561792,24.63175403],[121.36346922,24.63245604],[121.3609805,24.63379029],[121.3591397,24.63356406],[121.35780755,24.63371287],[121.35738905,24.63485685],[121.35738172,24.6375989],[121.35677304,24.63938029],[121.35592058,24.64105462],[121.35535841,24.64151192],[121.3539185,24.64197956],[121.35289366,24.64272597],[121.3523883,24.64354161],[121.35222491,24.64509828],[121.35300687,24.64878476],[121.35263488,24.64975371],[121.35276392,24.65061215],[121.35221456,24.65275059],[121.35232163,24.65404905],[121.35318772,24.65481402],[121.3534923,24.65565543],[121.35285392,24.65621576],[121.35381002,24.65904919],[121.35309311,24.66021486],[121.35310313,24.66127106],[121.35350904,24.66189198],[121.35328548,24.66291971],[121.35370493,24.66473887],[121.35322707,24.66529373],[121.35322184,24.66632253],[121.35371681,24.6671148],[121.3531843,24.66775018],[121.35196974,24.66633872],[121.35134298,24.66606959],[121.3504528,24.66651908],[121.34948753,24.66770448],[121.34828633,24.66782348],[121.3457474,24.66649268],[121.34484822,24.66673599],[121.34432923,24.66894306],[121.34310426,24.66925465],[121.34244395,24.66885278],[121.34040438,24.66643768],[121.33968023,24.6662332],[121.33909156,24.66674285],[121.33961142,24.66823615],[121.33930545,24.66933995],[121.3398398,24.67039097],[121.33965842,24.6731621],[121.33910914,24.67500275],[121.33935221,24.67566815],[121.33898449,24.67907272],[121.33829307,24.68033217],[121.33753944,24.68095041],[121.33573957,24.68378091],[121.33392206,24.68589204],[121.33113781,24.68940386],[121.32939161,24.69132668],[121.32635811,24.69367124],[121.32416071,24.69497323],[121.32305648,24.69536879],[121.32102203,24.69554944],[121.31940101,24.69635791],[121.31902123,24.69735207],[121.31817215,24.69799137],[121.31717662,24.69813883],[121.31474622,24.69805348],[121.31319733,24.69766319],[121.31171053,24.69680284],[121.30973155,24.69591077],[121.30681311,24.69407689],[121.30389613,24.69291817],[121.30175667,24.69348573],[121.30081166,24.69396111],[121.299478,24.69556789],[121.29947225,24.69626416],[121.30034964,24.69839105],[121.3015458,24.70026698],[121.30225503,24.70190915],[121.30241307,24.70291712],[121.30217158,24.70387795],[121.30302607,24.70572065],[121.30327247,24.70838969],[121.30443905,24.71010676],[121.3056521,24.7113961],[121.30639902,24.71308434],[121.30659682,24.71518045],[121.30723038,24.71696957],[121.30760939,24.71990579],[121.30688937,24.72118958],[121.30564704,24.72405903],[121.30527934,24.72609831],[121.30386521,24.72654508],[121.30146093,24.72863139],[121.30065852,24.72966877],[121.29866187,24.73071188],[121.29811165,24.73323363],[121.29841464,24.73454795],[121.29955422,24.73698261],[121.30019327,24.73772287],[121.30028191,24.73927346],[121.30084416,24.7413959],[121.30153462,24.74264001],[121.30400158,24.7452096],[121.30527844,24.74628288],[121.30555164,24.74750047],[121.30509892,24.75020291],[121.30596093,24.75208288],[121.30668219,24.75270826],[121.30770762,24.7549835],[121.30749905,24.75529129],[121.30558915,24.75608519],[121.30461912,24.75686353],[121.30380491,24.75791078],[121.30185479,24.76148247],[121.30153562,24.76301022],[121.30029411,24.76355631],[121.29858765,24.7629257],[121.29628556,24.76334704],[121.29386532,24.76404397],[121.29301074,24.76557364],[121.29263616,24.76751491],[121.29171879,24.76804736],[121.2881876,24.76852748],[121.28714455,24.76890817],[121.28601599,24.76983104],[121.28428929,24.77036746],[121.28245458,24.77040292],[121.27741534,24.77092532],[121.27671406,24.77124877],[121.27522077,24.7733109],[121.27354411,24.77459399],[121.27129208,24.77481967],[121.27142242,24.77657519],[121.27116076,24.77787546],[121.27059262,24.77835291],[121.26840819,24.77942875],[121.26781238,24.77995442],[121.26623146,24.77970268],[121.26462241,24.78138322],[121.26326015,24.78115],[121.26006778,24.78191236],[121.25963995,24.78374323],[121.25848583,24.78508406],[121.25859604,24.78642371],[121.25951335,24.78695298],[121.26042553,24.78791879],[121.26120158,24.79032284],[121.26095989,24.79171272],[121.26030592,24.79321943],[121.2597402,24.79368537],[121.25778611,24.79283388],[121.25506967,24.79362481],[121.25358775,24.79364784],[121.25213159,24.79395656],[121.2510812,24.79449852],[121.25036143,24.79566953],[121.24783445,24.79661997],[121.24685917,24.79845888],[121.24663615,24.80019072],[121.24754243,24.80109083],[121.24769682,24.80240926],[121.24743444,24.80349425],[121.24646459,24.80520379],[121.24571607,24.80558191],[121.24541593,24.80696319],[121.24343428,24.80869237],[121.24289695,24.80847352],[121.24225298,24.80707817],[121.24089033,24.8058714],[121.23976979,24.80565544],[121.2382367,24.80465522],[121.23638819,24.80456819],[121.23591272,24.80422612],[121.23439207,24.80426301],[121.23322932,24.80386804],[121.23104189,24.80360116],[121.23003362,24.80306963],[121.22804708,24.80275493],[121.22519069,24.80094815],[121.22156456,24.79941654],[121.22113335,24.80113584],[121.22127886,24.8016768],[121.22085278,24.80299611],[121.21961931,24.80408061],[121.21959492,24.80588924],[121.21993101,24.80743991],[121.21875275,24.80851982],[121.21877881,24.80953989],[121.21972027,24.81093343],[121.21967359,24.81169448],[121.2184516,24.81188843],[121.21703233,24.81241706],[121.21602526,24.81203442],[121.21488874,24.81197271],[121.21282087,24.81049563],[121.2116015,24.81038119],[121.21077162,24.80976811],[121.2095812,24.80951496],[121.20934411,24.80879979],[121.20841379,24.80818671],[121.20830359,24.80736952],[121.20763873,24.80698993],[121.20642476,24.80708487],[121.20591441,24.80750354],[121.20466158,24.80724964],[121.20447899,24.80835454],[121.20355368,24.80945579],[121.20283721,24.80988243],[121.20303294,24.81078434],[121.20427545,24.81191715],[121.20571933,24.81217454],[121.20565244,24.8130477],[121.20343897,24.81413026],[121.20305163,24.81487252],[121.20314057,24.81572048],[121.20233087,24.81670014],[121.20330591,24.81731541],[121.20174855,24.81791163],[121.20083742,24.8178345],[121.19933372,24.81606938],[121.19974113,24.81549005],[121.19891439,24.81492299],[121.19693307,24.81666874],[121.19651034,24.81781372],[121.19204534,24.81996479],[121.18908211,24.82208531],[121.18590205,24.82382368],[121.18311893,24.82505409],[121.17961817,24.8261278],[121.1768302,24.82729028],[121.1754308,24.82760517],[121.17374637,24.82765361],[121.17403919,24.82886238],[121.17583376,24.8310391],[121.17629636,24.8319957],[121.17449212,24.83232198],[121.17383203,24.83344211],[121.17207132,24.83417158],[121.17137146,24.83415859],[121.16991443,24.83480807],[121.16885242,24.8339713],[121.16765263,24.8348973],[121.16650439,24.83618066],[121.16580361,24.83589448],[121.16358688,24.83683792],[121.16259039,24.83694738],[121.16167994,24.83747992],[121.16017959,24.83733933],[121.15950801,24.83857978],[121.15627965,24.8408454],[121.15606919,24.84189951],[121.1549125,24.84219314],[121.15423611,24.84414535],[121.15206896,24.84381154],[121.15007902,24.84427487],[121.15086284,24.84512141],[121.15282843,24.84616636],[121.15355302,24.84740056],[121.15348205,24.84848153],[121.15381476,24.84899972],[121.15547167,24.84986454],[121.15603564,24.85127713],[121.15605421,24.8520851],[121.15707594,24.85255515],[121.15695741,24.8532814],[121.15631544,24.85375538],[121.15689542,24.85536655],[121.15676168,24.85614211],[121.15768454,24.85695626],[121.1589666,24.85761463],[121.16137668,24.85947088],[121.16038461,24.86075503],[121.1606776,24.86174919],[121.15994783,24.86231524],[121.16078282,24.86314137],[121.16014496,24.86464856],[121.16002708,24.86654197],[121.15962161,24.86817912],[121.15878415,24.87047217],[121.15788825,24.8721204],[121.1572105,24.87281008],[121.1563674,24.87448765],[121.15790977,24.87444784],[121.15817128,24.87556254],[121.15787728,24.87727282],[121.15700879,24.87817248],[121.15631713,24.87981183],[121.15566249,24.88071138],[121.15433592,24.8801879],[121.15363158,24.88043255],[121.15234933,24.88021642],[121.15084029,24.88101312],[121.14967741,24.88063059],[121.14927282,24.88122376],[121.14755764,24.88085983],[121.14556469,24.88082058],[121.14500429,24.8802221],[121.14259618,24.88168781],[121.14182383,24.88187393],[121.14105977,24.88145676],[121.13954949,24.88238181],[121.13884615,24.88236489],[121.1367829,24.88096526],[121.13645481,24.87974849],[121.13567671,24.87903996],[121.13562059,24.8780754],[121.13440166,24.87832588],[121.13353823,24.87950066],[121.13122562,24.88007393],[121.1294056,24.87981695],[121.12814253,24.8809546],[121.12592884,24.88061017],[121.12488787,24.88004986],[121.12396841,24.87993452],[121.12275776,24.88031541],[121.12032303,24.880716],[121.11970995,24.8810721],[121.11709489,24.88180386],[121.11626472,24.88170115],[121.11500562,24.88254861],[121.11348841,24.88255999],[121.1121974,24.88373876],[121.10872227,24.88595449],[121.10812792,24.8866855],[121.10927636,24.88746845],[121.10916108,24.88807835],[121.10988624,24.88866142],[121.11097526,24.89099106],[121.11038378,24.89402559],[121.10983939,24.89565443],[121.11010683,24.8960766],[121.10907169,24.89773827],[121.10474343,24.8961674],[121.10130569,24.89515456],[121.0982472,24.89462232],[121.09652072,24.89415312],[121.09259773,24.89340393],[121.09127197,24.89336262],[121.08942151,24.89538439],[121.08654428,24.89651979],[121.08559077,24.89775091],[121.08490919,24.89790861],[121.0834416,24.89885437],[121.08195298,24.89900101],[121.08086924,24.89839116],[121.07872342,24.89875433],[121.07710774,24.89869062],[121.0761449,24.89940824],[121.07515383,24.89942954],[121.07361107,24.89990857],[121.07236017,24.89955263],[121.07105499,24.89950958],[121.07095514,24.90096808],[121.07032126,24.90205628],[121.06803336,24.90319519],[121.0669301,24.90326417],[121.06420224,24.90380714],[121.06244533,24.90459946],[121.06141278,24.90380963],[121.06026292,24.90388754],[121.05978576,24.90452443],[121.05828586,24.90521566],[121.05758073,24.90583387],[121.05911284,24.9071814],[121.05917157,24.90805331],[121.0581332,24.91034874],[121.05823121,24.91390447],[121.05906424,24.9157877],[121.05966063,24.91653678],[121.060412,24.91854924],[121.06084748,24.92033679],[121.06008864,24.92067892],[121.0606726,24.92166422],[121.0609369,24.92340943],[121.06074522,24.92452171],[121.05965528,24.92576345],[121.05920033,24.92763366],[121.05835765,24.93007834],[121.05756638,24.93056746],[121.05830113,24.93255142],[121.05764995,24.93303465],[121.05854783,24.93516055],[121.05819623,24.93674531],[121.05711032,24.93684484],[121.05544059,24.93624271],[121.05371291,24.93716316],[121.05176667,24.93862731],[121.05024411,24.93865192],[121.04963382,24.93918604],[121.0480864,24.93992888],[121.04794291,24.94126495],[121.04709604,24.94162009],[121.04610315,24.94265163],[121.04628461,24.94355017],[121.0445123,24.94352201],[121.04238736,24.94416434],[121.04081434,24.94329886],[121.03915617,24.94452169],[121.03865692,24.94599824],[121.0379336,24.94638257],[121.03694085,24.94611886],[121.03453339,24.94491084],[121.03160359,24.94434815],[121.0309285,24.94393133],[121.03019836,24.94423829],[121.02974696,24.94506266],[121.02877978,24.94509907],[121.02817708,24.94402737],[121.02638794,24.94217883],[121.02593532,24.94056844],[121.02233617,24.94135758],[121.02118759,24.94137832],[121.01936163,24.94041882],[121.01874128,24.94070553],[121.01787534,24.9417382],[121.01596107,24.94159529],[121.01267592,24.943145],[121.01193048,24.94479772],[121.00955667,24.94425704],[121.00743795,24.94603469],[121.00660644,24.94594165],[121.00425081,24.94312645],[121.00312799,24.94025991],[121.00221818,24.93995889],[120.99974221,24.94049871],[120.99905744,24.94092266],[120.99756548,24.94051778],[120.99674536,24.93975794],[120.99419236,24.93913968],[120.99324797,24.93822054],[120.99265723,24.93689139],[120.99273542,24.93508347],[120.99177854,24.93502957],[120.99065131,24.93543188],[120.98990587,24.93603198],[120.9886434,24.9378378],[120.98737742,24.93904907],[120.98587268,24.93922261],[120.98202546,24.93997647],[120.98079759,24.93906938],[120.98045249,24.93832315],[120.97472956,24.93322866],[120.97330211,24.93210292],[120.97279249,24.93138959],[120.96966591,24.92846782],[120.96808975,24.92560969],[120.96626371,24.9218415],[120.96449367,24.91577946],[120.96208528,24.9105567],[120.96130846,24.90857968],[120.95888081,24.90286622],[120.95792202,24.90129031],[120.95471229,24.89777527],[120.95416351,24.89693672],[120.95260511,24.89537837],[120.95199782,24.89392416],[120.95172821,24.8906636],[120.95129008,24.8896982],[120.94935378,24.88700268],[120.94734838,24.88382846],[120.94654011,24.87865601],[120.94553089,24.87704604],[120.94381236,24.87474725],[120.94295271,24.87219984],[120.94073734,24.86902521],[120.93924817,24.86718281],[120.93484295,24.86304008],[120.93396925,24.86251018],[120.93351228,24.86166307],[120.93090497,24.86023887],[120.92903927,24.85996156],[120.92780895,24.85954072],[120.92736393,24.85898607],[120.92750896,24.85680447],[120.92693999,24.85540647],[120.92522126,24.85481376],[120.93126725,24.85262103],[120.93394418,24.85271192],[120.93565743,24.85223211],[120.93930824,24.85059872],[120.9404418,24.84996464],[120.94167149,24.84853043],[120.94315031,24.84650748],[120.94404004,24.844148],[120.9448096,24.8410689],[120.94748759,24.83988242],[120.95277928,24.83620769],[120.95528414,24.83436348],[120.95703409,24.833577],[120.95790952,24.83364979],[120.96030569,24.83294114],[120.96328216,24.83249517],[120.96736681,24.83264213],[120.96917873,24.83217374],[120.97463786,24.82995776],[120.97757407,24.82969179],[120.97922665,24.82999501],[120.98145072,24.83123249],[120.98388787,24.8305758],[120.98542429,24.82939481],[120.98624427,24.82816491],[120.98702107,24.82643161],[120.98768425,24.82556582],[120.98904375,24.82515309],[120.99034661,24.82433331],[120.99273902,24.8234606],[120.99554943,24.82335932],[121.00038358,24.82206115],[121.00131426,24.82134189],[121.0022606,24.82017139],[121.00437253,24.81927035],[121.00688814,24.81702275],[121.00827053,24.81621618],[121.0102786,24.81383188],[121.01512764,24.80856454],[121.01715591,24.807916],[121.01815114,24.80735079],[121.01963971,24.80437995],[121.02067497,24.80322045],[121.02130795,24.80160995],[121.02361114,24.80034304],[121.0256981,24.79900262],[121.02433459,24.79893448],[121.02205238,24.7985115],[121.02059975,24.79880811],[121.02304355,24.79575781],[121.02155135,24.79513986],[121.02061295,24.79410265],[121.02213754,24.79042128],[121.0235073,24.79052086],[121.02451135,24.78926035],[121.02429749,24.78770282],[121.02494684,24.78609968],[121.02332048,24.78567114],[121.02326451,24.78494279],[121.02476044,24.78435169],[121.0275156,24.78271086],[121.0269512,24.78119038],[121.02600174,24.78034134],[121.02494723,24.77999025],[121.02600039,24.77894991],[121.02798528,24.7786508],[121.02749008,24.77721514],[121.02966545,24.77644892],[121.02825427,24.77369389],[121.02838851,24.77296786],[121.02920517,24.7728662],[121.03031392,24.77214355],[121.03015604,24.77142193],[121.02932504,24.77104856],[121.02945413,24.7696279],[121.02915934,24.76894313],[121.02967471,24.76798802],[121.02988536,24.76647091],[121.03050418,24.76590126],[121.03301482,24.76491921],[121.03344269,24.76343179],[121.03239799,24.76169305],[121.03059065,24.76120345],[121.02910382,24.75966937],[121.02826434,24.75835393],[121.0245278,24.75724276],[121.02382503,24.75683253],[121.02256747,24.75693335],[121.02086968,24.75655945],[121.0202066,24.75685371],[121.0193205,24.75899327],[121.01885381,24.76091333],[121.01873989,24.76255313],[121.01833029,24.76380188],[121.0169417,24.7648666],[121.01705439,24.76573055],[121.01588855,24.76718061],[121.0135526,24.77093672],[121.01054507,24.77294569],[121.00987583,24.77367713],[121.00820331,24.77444603],[121.00673045,24.7742879],[121.0045921,24.77517236],[120.99969527,24.77826088],[120.99788289,24.77892908],[120.99597745,24.77998617],[120.99469491,24.78035375],[120.99293565,24.78054908],[120.99167231,24.77903294],[120.99059242,24.77715682],[120.98919393,24.77693173],[120.98817099,24.77742159],[120.98583274,24.77690939],[120.98561671,24.77620287],[120.98477005,24.77587241],[120.98516435,24.77520188],[120.98426322,24.77464972],[120.98319698,24.77324134],[120.98392379,24.77297104],[120.98522196,24.77302937],[120.9862747,24.77274791],[120.98689484,24.77113552],[120.98702692,24.77017846],[120.98832296,24.76845618],[120.98700475,24.76842203],[120.9840337,24.76801864],[120.98321112,24.76741142],[120.98216326,24.76751684],[120.98062745,24.76546184],[120.98046356,24.76412916],[120.97948057,24.76330733],[120.978643,24.76353697],[120.97712158,24.76311188],[120.97650762,24.76441377],[120.97494417,24.76402944],[120.97441517,24.7650016],[120.97332266,24.76423751],[120.97161215,24.76468457],[120.9709853,24.76574076],[120.9698331,24.76516471],[120.96900918,24.7637789],[120.9686446,24.76222376],[120.96810101,24.7610846],[120.96754175,24.76059702],[120.96745394,24.75853612],[120.96768686,24.7575025],[120.96740489,24.75646549],[120.96652691,24.75583745],[120.96531993,24.75620299],[120.96434398,24.75519027],[120.96355875,24.75554665],[120.96270957,24.75491247],[120.96284592,24.75434426],[120.96187915,24.75281673],[120.96154803,24.75138287],[120.96094805,24.75116578],[120.96032068,24.75027241],[120.95855556,24.74921626],[120.95750154,24.74964817],[120.9571726,24.74825445],[120.95759718,24.74756688],[120.95779314,24.74610056],[120.95747868,24.74528047],[120.95653646,24.7452163],[120.95595355,24.74458221],[120.95492796,24.74432733],[120.95389383,24.74342091],[120.95270709,24.74412204],[120.95194949,24.74379241],[120.95112204,24.74451548],[120.9491193,24.74443366],[120.94810175,24.74523286],[120.94715713,24.7448509],[120.94614241,24.74528191],[120.94429881,24.74442982],[120.94381924,24.743741],[120.94365,24.74132479],[120.94303725,24.73976377],[120.94320122,24.7390452],[120.94177635,24.73728504],[120.94191131,24.73601695],[120.94168197,24.73501131],[120.94069606,24.73403502],[120.9398911,24.73248703],[120.94111745,24.73191689],[120.9423226,24.73044398],[120.9418144,24.72855986],[120.94060996,24.72843614],[120.93967175,24.72949137],[120.93875312,24.7298057],[120.93846733,24.72907628],[120.93891586,24.72794468],[120.9381312,24.72751395],[120.93926624,24.72542025],[120.93863826,24.72479397],[120.93901953,24.72260794],[120.93843448,24.72207296],[120.93834631,24.72115107],[120.93883443,24.72041814],[120.9386493,24.71892275],[120.93815546,24.71832419],[120.93861906,24.71661397],[120.93669928,24.71496075],[120.93602578,24.71468987],[120.93600197,24.71363236],[120.93542097,24.71259659],[120.93648417,24.7108277],[120.93737555,24.71085088],[120.93780357,24.70978831],[120.93853035,24.70908371],[120.93995835,24.70831636],[120.940481,24.70838304],[120.94191841,24.70735435],[120.94406269,24.70758519],[120.94518377,24.70795985],[120.94543642,24.70976077],[120.94635043,24.70978721],[120.94815569,24.71121641],[120.94978991,24.71119938],[120.95074476,24.70975078],[120.95094713,24.70770181],[120.95195496,24.70751106],[120.95252134,24.70633527],[120.95329389,24.70607035],[120.95291912,24.70510326],[120.95296847,24.70411749],[120.95478016,24.70435141],[120.95543671,24.7048813],[120.95678328,24.70657337],[120.95934259,24.70665873],[120.960924,24.70927912],[120.96230353,24.70969821],[120.96246519,24.71103129],[120.96390651,24.71155592],[120.96472574,24.71052201],[120.96637238,24.7096968],[120.96857824,24.71121114],[120.97030732,24.71086236],[120.97094546,24.71218885],[120.97175913,24.71242855],[120.9738716,24.71182344],[120.97422469,24.71121359],[120.97527978,24.71071897],[120.97576396,24.70931927],[120.97456874,24.70864271],[120.97579059,24.70713256],[120.97666191,24.70650849],[120.97582476,24.70494467],[120.97464105,24.70436801],[120.97337183,24.70454143],[120.97237812,24.70408155],[120.97218705,24.70328255],[120.97313953,24.70232762],[120.97405111,24.69938821],[120.97354407,24.69676973],[120.97248404,24.69702537],[120.97180149,24.6967173],[120.97159717,24.69588786],[120.9705578,24.69521141],[120.97054878,24.69451841],[120.96978854,24.69375763],[120.96842485,24.69318741],[120.96790517,24.69194586],[120.96646831,24.6912608],[120.96600728,24.69037657],[120.96644034,24.68932088],[120.96516345,24.6881092],[120.96675337,24.68622084],[120.96569367,24.68478473],[120.96553503,24.6841161],[120.96705641,24.68436087],[120.96995499,24.6844656],[120.97057463,24.68421296],[120.97164915,24.68548926],[120.97253424,24.68583267],[120.9735909,24.68581034],[120.97434741,24.68485526],[120.97556198,24.68456603],[120.97642059,24.68314188],[120.97638556,24.680925],[120.9767961,24.68055314],[120.97672665,24.67927871],[120.97751046,24.67819139],[120.97651697,24.67542438],[120.97756537,24.67397233],[120.97899396,24.67381262],[120.97990001,24.67341811],[120.98174736,24.67178481],[120.98169996,24.67108399],[120.98319008,24.66981328],[120.98318302,24.66719577],[120.98488534,24.66694758],[120.98542534,24.66659904],[120.98574567,24.66508874],[120.986766,24.66376761],[120.98790116,24.66319735],[120.98937068,24.66321697],[120.99010325,24.66476134],[120.99066961,24.66475176],[120.99044595,24.66170575],[120.99063059,24.66039394],[120.99155438,24.65959316],[120.99467427,24.65954217],[120.99610871,24.65808595],[120.99551105,24.65729955],[120.99608878,24.65548849],[120.99710839,24.65466561],[121.00028431,24.65476774],[121.00330404,24.65623587],[121.00433001,24.65641653],[121.00604901,24.65526713],[121.00696707,24.65576024],[121.01030414,24.65615699],[121.01088136,24.65450634],[121.01076085,24.65260621],[121.00951136,24.65154842],[121.00874945,24.65156972],[121.00808517,24.65037866],[121.00895197,24.64756974],[121.00816789,24.64479486],[121.00815361,24.64474917],[121.00813362,24.64457214],[121.00813933,24.64449647],[121.00816931,24.64440796],[121.00818359,24.64437798],[121.01014435,24.64395121],[121.01094204,24.64350451],[121.01181316,24.64251687],[121.01438115,24.64085205],[121.01670019,24.64062539],[121.0184732,24.64076011],[121.02277734,24.6417912],[121.02361903,24.64180889],[121.02533162,24.64125654],[121.02592363,24.63973931],[121.02515372,24.63781753],[121.02572994,24.63617876],[121.02626948,24.63556951],[121.02814655,24.6342014],[121.02937291,24.6328718],[121.03047633,24.6324047],[121.03129003,24.63257972],[121.03355918,24.63201226],[121.03697121,24.62978935],[121.03926865,24.62935198],[121.04053427,24.62696816],[121.04101425,24.62685929],[121.04322882,24.62722991],[121.04411397,24.62634098],[121.04476647,24.62483976],[121.0455931,24.62450063],[121.04645042,24.62301101],[121.046397,24.62246213],[121.04824982,24.61983502],[121.04936503,24.61861985],[121.05037324,24.61839585],[121.05171989,24.61727467],[121.05176291,24.61512737],[121.05319474,24.6154045],[121.05489237,24.61685004],[121.05547953,24.61795788],[121.05691583,24.61834288],[121.05844702,24.61995693],[121.06029624,24.62080175],[121.06151808,24.62176858],[121.06256249,24.62175228],[121.06277758,24.62102519],[121.06391374,24.61952955],[121.06474904,24.61945062],[121.06589642,24.61824885],[121.06692107,24.61615022],[121.06808005,24.61486583],[121.07039768,24.61407966],[121.07181996,24.61392898],[121.07378881,24.61319797],[121.07492218,24.61230371],[121.07545185,24.6112814],[121.07609126,24.60863862],[121.07539374,24.60672419],[121.07524718,24.6055357],[121.0755804,24.603839],[121.07634963,24.60306533],[121.07743509,24.60250152],[121.07983318,24.60159377],[121.08127155,24.60057068],[121.08237508,24.59553643],[121.08281828,24.59465099],[121.08257585,24.59254606],[121.08302755,24.58975962],[121.08104283,24.58846304],[121.07964831,24.58822775],[121.0793671,24.58778077],[121.07895059,24.58424504],[121.07863161,24.58358941],[121.07747967,24.58240918],[121.07545745,24.58103227],[121.0751524,24.5788494],[121.07433994,24.57546067],[121.07273818,24.57278556],[121.07252862,24.5708136],[121.07199995,24.56789477],[121.0714972,24.56613395],[121.0706685,24.56436645],[121.07058504,24.56335751],[121.06836039,24.56240028],[121.06253018,24.55742054],[121.06176684,24.55952144],[121.06139858,24.56000318],[121.05842036,24.56063532],[121.0581995,24.55791121],[121.05890209,24.55715642],[121.06218587,24.55615492],[121.06281947,24.55505848],[121.06454139,24.55430999],[121.06657389,24.55315314],[121.06998676,24.5505829],[121.07346069,24.54942053],[121.07445912,24.54839828],[121.07424662,24.54714211],[121.07604769,24.54403627],[121.07681439,24.54338598],[121.07831328,24.54277645],[121.08023757,24.54144448],[121.08055328,24.5408579],[121.08004532,24.53885366],[121.08011633,24.53792831],[121.07915444,24.53587535],[121.07779839,24.53423708],[121.07866541,24.53250523],[121.07845739,24.53140423],[121.07839986,24.52921459],[121.07743026,24.52820837],[121.07558841,24.52776791],[121.07217307,24.52635335],[121.0699411,24.52498237],[121.06864814,24.52394979],[121.06702211,24.52298274],[121.06668399,24.52077812],[121.0675125,24.5193908],[121.06851208,24.51645798],[121.06854941,24.51244999],[121.0693125,24.50933215],[121.06919672,24.50865774],[121.0682012,24.50684127],[121.07031806,24.50608024],[121.07085816,24.50467793],[121.07206311,24.50344063],[121.07211124,24.50131256],[121.07168911,24.5005039],[121.07205819,24.49841362],[121.07521787,24.49942975],[121.07793521,24.49904271],[121.0789152,24.49906873],[121.08395459,24.50120212],[121.08555146,24.50130829],[121.08713339,24.50034024],[121.08774807,24.49939894],[121.0890687,24.49884051],[121.09041651,24.49785774],[121.09245604,24.49742373],[121.09454069,24.49658154],[121.0977502,24.4963819],[121.09851382,24.49661916],[121.09978745,24.4979644],[121.10089509,24.49837989],[121.10245575,24.49825191],[121.10305879,24.49912175],[121.10463082,24.49980858],[121.10532376,24.50060686],[121.10804068,24.50067611],[121.10917269,24.50118792],[121.11014489,24.50262426],[121.1107011,24.50294973],[121.11333146,24.50646523],[121.11622569,24.5080584],[121.11731626,24.50846342],[121.1207271,24.50835546],[121.12218799,24.50917959],[121.12301615,24.51012608],[121.1236964,24.51007506],[121.12561322,24.50838001],[121.12744806,24.50825621],[121.12920572,24.50693061],[121.12999948,24.5066501],[121.13325901,24.50679649],[121.13699107,24.50665454],[121.13976514,24.50823546],[121.14164135,24.50961187],[121.14252625,24.51000471],[121.14344245,24.51092833],[121.14502105,24.51192026],[121.14569296,24.51017355],[121.14711698,24.50872512],[121.15058163,24.50609167],[121.15448971,24.50682277],[121.15532561,24.50673064],[121.15706876,24.50609391],[121.1579441,24.50524367],[121.16191085,24.50349364],[121.16433309,24.50355912],[121.16632406,24.50323412],[121.16913323,24.50258852],[121.17057565,24.50411757],[121.17216848,24.50460225],[121.17434405,24.50476166],[121.17612255,24.50585496],[121.17698545,24.50703345],[121.1779127,24.50765171],[121.17983255,24.5080361],[121.18286509,24.50799237],[121.1834926,24.50769282],[121.18435847,24.50652675],[121.18592135,24.50595594],[121.18677013,24.50538045],[121.19175168,24.50747951],[121.1944307,24.50702754],[121.19528245,24.50704505],[121.19645339,24.5076173],[121.19806522,24.50883743],[121.19989146,24.51100206],[121.20051754,24.51145866],[121.20240365,24.51173901],[121.20318144,24.51250737],[121.20473111,24.51220517],[121.20540102,24.51277251],[121.20696612,24.51286349],[121.20804211,24.51171312],[121.20916038,24.51144861],[121.20993828,24.51162726],[121.21397218,24.51478067],[121.2152294,24.51544957],[121.21653399,24.51521367],[121.21757565,24.51403552],[121.21766517,24.51130037],[121.21736593,24.50988033],[121.21774244,24.50944712],[121.21979747,24.50833554],[121.22213707,24.50750705],[121.22339291,24.506706],[121.22346222,24.50600796],[121.22208818,24.505038],[121.22163352,24.5037072],[121.22098278,24.50272966],[121.22096096,24.50145034],[121.21983627,24.50086676],[121.2186671,24.49826251],[121.21993945,24.49727766],[121.22141626,24.49645264],[121.22240674,24.49529137],[121.22350035,24.49439272],[121.22523001,24.49361976],[121.22861803,24.49249392],[121.22971855,24.48985106],[121.22974724,24.48911586],[121.23054703,24.48855085],[121.23342545,24.48745626],[121.23464204,24.48774175],[121.23463423,24.48383736],[121.23548035,24.48312324],[121.23844434,24.48136264],[121.23919824,24.48026877],[121.24228778,24.47847669],[121.24329314,24.4772947],[121.24397195,24.4755638],[121.24451508,24.47172017],[121.24439078,24.47005795],[121.24642014,24.46876493],[121.2490507,24.46601166],[121.25284173,24.46454762],[121.25488165,24.46440358],[121.25716674,24.46370946],[121.25808582,24.46324154],[121.25813161,24.457313],[121.26001134,24.45634992],[121.26151016,24.4559806],[121.26262122,24.45513145],[121.26092466,24.45250152],[121.26060622,24.45141091],[121.260678,24.45006491],[121.26137967,24.44820906],[121.2621695,24.44810508],[121.26181474,24.44711445],[121.26087554,24.44564664],[121.26159626,24.44403533],[121.26047932,24.44225694],[121.25893366,24.44072416],[121.25892816,24.43803612],[121.25980751,24.43698608],[121.25994445,24.43461779],[121.25962811,24.43155008],[121.25914213,24.43088973],[121.25979987,24.42937727],[121.26081534,24.42863539],[121.26232189,24.42849179],[121.26450068,24.42870742],[121.26611823,24.42822584],[121.26765737,24.42810291],[121.26989537,24.42737574],[121.27105684,24.4279561],[121.27133551,24.42957971],[121.27687678,24.42924815],[121.27911342,24.42941762],[121.28100818,24.42989496],[121.28461989,24.43057349],[121.28610636,24.43042274],[121.28895269,24.43089371],[121.29045912,24.43083491],[121.29127964,24.43115275],[121.29246498,24.43090286],[121.29318528,24.43107116],[121.29381426,24.43193616],[121.29467709,24.43253684],[121.29762884,24.4330928],[121.30224092,24.4330541],[121.3057036,24.43264902],[121.30748488,24.43365256],[121.30825431,24.4347268],[121.31032132,24.43637545],[121.31274842,24.43671331],[121.31383894,24.43738137],[121.31630501,24.43983931],[121.31765886,24.44148941],[121.31810172,24.44220023],[121.31873584,24.44406731],[121.31955473,24.44503909],[121.32019894,24.44800844],[121.3219714,24.45154202],[121.3230136,24.45485164],[121.32378916,24.45672211],[121.3249355,24.45856254],[121.32609911,24.46004255],[121.32843312,24.46200861],[121.32956855,24.46265305],[121.32985299,24.46426205],[121.33104888,24.46527372],[121.33248967,24.46553003],[121.3332493,24.46611727],[121.33498853,24.46669477],[121.33599378,24.46736678],[121.33594877,24.47030273],[121.33557416,24.47168482],[121.33594306,24.4723526],[121.33831487,24.4741509],[121.34006687,24.47485228],[121.34124643,24.47697489],[121.34163577,24.47802369],[121.34169985,24.47957539],[121.34241095,24.48171434],[121.34301298,24.48242557],[121.34424605,24.48271863],[121.34566331,24.48432687],[121.34712965,24.48482864],[121.34865805,24.48472436],[121.35002322,24.48427125],[121.35133905,24.48460093],[121.35277073,24.48549519],[121.35645483,24.48610783],[121.35774332,24.48660962],[121.35900981,24.48823793],[121.36169035,24.49054736],[121.36272223,24.49212091],[121.36281195,24.4933704],[121.36384392,24.49495771],[121.36502905,24.49585545],[121.36729734,24.49648414],[121.3691578,24.49744685],[121.37066,24.49787056],[121.37172224,24.49925538],[121.37252663,24.50221426],[121.37284659,24.50504553],[121.37279788,24.50680892],[121.37334674,24.50989661],[121.37360806,24.51007273],[121.37602404,24.51005484],[121.37775925,24.50965975],[121.37927931,24.509531],[121.38036399,24.50990516],[121.3820069,24.50974636],[121.38371935,24.51035556],[121.3841964,24.51158604],[121.38527688,24.51336345],[121.38555068,24.51456904],[121.38510939,24.51682151],[121.38547131,24.51708682],[121.38781005,24.51725003],[121.38852642,24.51780133],[121.38955765,24.51992045],[121.3899231,24.52165783],[121.39051578,24.52292932],[121.39186601,24.5241123],[121.394113,24.52466765],[121.39664462,24.52464231],[121.397807,24.524913],[121.39849936,24.52587015],[121.39958488,24.52650783],[121.40162657,24.52923942],[121.40150104,24.53021874],[121.39916474,24.53215149],[121.39833903,24.53411348],[121.39851342,24.53563334],[121.39829272,24.53669767],[121.39716762,24.53835755],[121.39673962,24.53982352],[121.39696756,24.54168721],[121.39821333,24.54516777],[121.39871556,24.54731986],[121.39875507,24.54820416],[121.39831197,24.5494262],[121.39714882,24.55066566],[121.3955533,24.55280189],[121.39467297,24.55557525],[121.39487364,24.55612971],[121.39647086,24.55766032],[121.39764639,24.55967229],[121.39929347,24.56112234],[121.40112297,24.56186486],[121.40149789,24.56266637],[121.40119788,24.56397789],[121.40168665,24.56553613],[121.40336194,24.56764913],[121.40392738,24.56897526],[121.40565946,24.56979382],[121.40733797,24.56986685],[121.40905261,24.57162526],[121.41147531,24.57261363],[121.41215475,24.5731039],[121.41214573,24.57455046],[121.41151725,24.57634514],[121.41080924,24.5776136],[121.4104474,24.57889759],[121.40920337,24.58120574],[121.40620713,24.58528902],[121.40454755,24.58775598],[121.40301214,24.59105762],[121.40303894,24.59170819]]]},"properties":{"gml_id":"layer_city_boundary_pg.38","Name":"新竹县","layer":"市","code":"711000000000","grade":2}},
{"type":"Feature","geometry":{"type":"Polygon","coordinates":[[[120.93542097,24.71259659],[120.93512741,24.71297423],[120.93303653,24.71328863],[120.93157514,24.71426715],[120.93068091,24.71519099],[120.92995735,24.71648118],[120.92883133,24.71528764],[120.92793653,24.71571337],[120.92688166,24.71504852],[120.92522873,24.71543791],[120.92386469,24.71456917],[120.92261304,24.71480847],[120.92119201,24.7159231],[120.92098713,24.71654041],[120.91959948,24.71695021],[120.91783543,24.71623033],[120.91489656,24.71681539],[120.91371181,24.7175248],[120.9143395,24.71801974],[120.9144554,24.71910252],[120.9155823,24.72004599],[120.91627261,24.72153446],[120.91478227,24.72299783],[120.91374811,24.72432058],[120.91417415,24.72706385],[120.91313791,24.72844185],[120.91281849,24.73040645],[120.91206216,24.73231332],[120.91053029,24.73439017],[120.90902276,24.73575498],[120.90836468,24.73730059],[120.90869189,24.73950106],[120.90852879,24.74059131],[120.90779922,24.74107395],[120.90586302,24.74068184],[120.90479041,24.73940689],[120.90376744,24.73895318],[120.90174117,24.73674511],[120.89906973,24.73451187],[120.89722829,24.73336685],[120.8952256,24.73268034],[120.89361306,24.73231899],[120.89246942,24.73283632],[120.89094972,24.73177498],[120.88756924,24.73383252],[120.88691902,24.73341945],[120.88479266,24.73279036],[120.88370795,24.73447885],[120.88318836,24.7344087],[120.88102853,24.73329109],[120.8745294,24.73832278],[120.87309887,24.73635929],[120.87039561,24.73332541],[120.86748195,24.73044231],[120.86655264,24.72919516],[120.86478868,24.72722541],[120.86237719,24.72360553],[120.86132572,24.72165112],[120.86155545,24.72108886],[120.86090208,24.7199187],[120.85971102,24.71690304],[120.85924275,24.71464531],[120.85827698,24.71256419],[120.85773411,24.71034148],[120.85760267,24.70896013],[120.85772123,24.70667326],[120.85616454,24.7025068],[120.85530926,24.70158644],[120.85156139,24.69944623],[120.84863706,24.69669951],[120.84756437,24.69593348],[120.84613274,24.69450843],[120.84232361,24.69011352],[120.84150711,24.68889903],[120.84039321,24.68785911],[120.83792424,24.68642185],[120.83258334,24.68240856],[120.82993779,24.6799329],[120.82755875,24.67684863],[120.82408732,24.67337561],[120.8230531,24.67267765],[120.82083128,24.67284948],[120.8138689,24.67175632],[120.80937587,24.67123179],[120.80651797,24.67057577],[120.80471873,24.66966868],[120.80279912,24.66909434],[120.79791701,24.66844806],[120.79337044,24.66766113],[120.79158568,24.66781698],[120.78858808,24.66700239],[120.78640306,24.66621357],[120.78439029,24.66522864],[120.78223106,24.66449677],[120.77870585,24.66256733],[120.77710178,24.66121377],[120.7764355,24.66089349],[120.771298,24.65552269],[120.76922371,24.6537768],[120.76892235,24.65197926],[120.76777352,24.65044913],[120.76646926,24.64973801],[120.76421989,24.64952504],[120.76357944,24.6490722],[120.76246341,24.64691948],[120.76084705,24.64312418],[120.75971745,24.64240039],[120.75852899,24.64212283],[120.75768762,24.64152282],[120.75707713,24.64014381],[120.75687174,24.63633843],[120.7563668,24.63254648],[120.7559461,24.63147479],[120.75400848,24.63120241],[120.75388844,24.63025435],[120.75236717,24.62740669],[120.74892163,24.62595575],[120.74582848,24.62173553],[120.74283988,24.62120752],[120.74117942,24.62123044],[120.73819217,24.62086244],[120.73496766,24.61739757],[120.7326746,24.6132973],[120.72995783,24.61084635],[120.7282411,24.61009221],[120.72598826,24.60943316],[120.72376842,24.60822512],[120.72166645,24.60614715],[120.72025194,24.60415585],[120.71828119,24.60286592],[120.71580609,24.60097346],[120.71345968,24.59488318],[120.71264926,24.59348222],[120.71132131,24.59294252],[120.70975758,24.59102062],[120.70910338,24.58886369],[120.70909281,24.58754856],[120.70859441,24.58456715],[120.70807797,24.5824549],[120.70721229,24.58039072],[120.7053293,24.57759028],[120.70500339,24.57587686],[120.70391134,24.57516391],[120.70464995,24.57385484],[120.7045419,24.57283768],[120.70202624,24.56900048],[120.70136243,24.56253076],[120.70117961,24.56153683],[120.70043543,24.56060402],[120.69823321,24.55848014],[120.69687532,24.55576696],[120.69664403,24.55340053],[120.69560536,24.55311031],[120.69540954,24.55205916],[120.69583954,24.55117526],[120.69418286,24.55012282],[120.69336117,24.54887004],[120.69303692,24.54737362],[120.69131086,24.54078408],[120.69104716,24.53904685],[120.68868062,24.53667204],[120.68829714,24.53556477],[120.68806578,24.53318651],[120.68808151,24.53047453],[120.68754316,24.52873907],[120.68467484,24.52138991],[120.68252049,24.5189905],[120.68104997,24.51778776],[120.67938571,24.51577397],[120.67762764,24.51452745],[120.67426655,24.50955021],[120.67254858,24.50551106],[120.67127273,24.50210959],[120.67047727,24.50100498],[120.66843238,24.49981759],[120.66784395,24.4980592],[120.66763192,24.49652708],[120.66775672,24.49340174],[120.66657999,24.49147562],[120.66529268,24.48976777],[120.66609551,24.48884954],[120.66573993,24.48793204],[120.66503203,24.48717677],[120.66529909,24.48675872],[120.66499983,24.48448403],[120.66539414,24.48360943],[120.66182323,24.48378271],[120.66011224,24.48063547],[120.65948517,24.47873966],[120.65848719,24.47730427],[120.65265301,24.47073976],[120.65045208,24.46877463],[120.64849384,24.4674946],[120.64375947,24.46260479],[120.64031044,24.46071683],[120.63960545,24.46001189],[120.63944818,24.45908566],[120.63961604,24.45666879],[120.63776052,24.45418587],[120.63523725,24.45250888],[120.63418828,24.45094757],[120.63258044,24.44976796],[120.63135207,24.44763541],[120.62789019,24.44570157],[120.62543378,24.44302784],[120.62279636,24.44113393],[120.62185385,24.44028939],[120.62628817,24.43914327],[120.6279447,24.4381579],[120.62859303,24.43803895],[120.62941035,24.43615491],[120.63035601,24.43497339],[120.63099677,24.43461428],[120.63180885,24.43275663],[120.633429,24.431579],[120.63440429,24.43118685],[120.63638197,24.4297855],[120.63757498,24.42924169],[120.63965763,24.42776903],[120.64023219,24.4253868],[120.64021494,24.4243597],[120.6410893,24.42312437],[120.64209752,24.42253075],[120.64316943,24.42133232],[120.64286525,24.41846372],[120.64291631,24.4168747],[120.64344235,24.41617444],[120.64333709,24.41534512],[120.64387897,24.41485952],[120.64527903,24.41453432],[120.64606284,24.41218899],[120.64752515,24.41181175],[120.64829657,24.411166],[120.64813791,24.41029133],[120.64873736,24.4095472],[120.65043266,24.40939289],[120.65194751,24.40830402],[120.65377916,24.40773612],[120.65529031,24.40754519],[120.65570833,24.4070191],[120.65688325,24.40716254],[120.65820109,24.40660237],[120.6591135,24.40571058],[120.66210591,24.40354389],[120.66362205,24.40231446],[120.66572658,24.40027755],[120.66615984,24.39890629],[120.66740004,24.39783219],[120.66757504,24.39600998],[120.66903186,24.3944679],[120.66956119,24.39277327],[120.6701014,24.39195893],[120.67134737,24.39105731],[120.67227207,24.39134095],[120.67355836,24.39065751],[120.67421855,24.38976052],[120.67687525,24.38778331],[120.67864206,24.38707245],[120.67727113,24.38415913],[120.67997534,24.38243082],[120.68567821,24.37892583],[120.68736023,24.3769658],[120.68853014,24.3749735],[120.68976721,24.37450032],[120.69056762,24.37236311],[120.69121102,24.37121029],[120.69195897,24.36828363],[120.69231892,24.36754447],[120.69336323,24.36676225],[120.69472889,24.36633781],[120.69609581,24.36561406],[120.69827001,24.36484668],[120.70009312,24.36317404],[120.70340756,24.36180111],[120.70745703,24.3616546],[120.70722824,24.36045586],[120.70729005,24.35786793],[120.71099316,24.35701282],[120.71395086,24.35658906],[120.71689489,24.35600089],[120.71779006,24.35596037],[120.72061963,24.35512665],[120.72314631,24.3546742],[120.72432546,24.35410738],[120.72839421,24.35284133],[120.73039939,24.3518107],[120.73169183,24.35044759],[120.73444988,24.34794255],[120.73847702,24.34506975],[120.74155564,24.34252972],[120.74327789,24.34051089],[120.74435189,24.33978076],[120.74625648,24.33802133],[120.74861053,24.3361555],[120.75223387,24.33417168],[120.75372904,24.33241448],[120.75850481,24.32865236],[120.75964234,24.32846939],[120.76145696,24.32736289],[120.76325617,24.32593131],[120.7659012,24.32552751],[120.76651352,24.3257178],[120.76745452,24.32534632],[120.77145586,24.32258613],[120.77460974,24.32111085],[120.77766588,24.32062621],[120.77839566,24.32011022],[120.78003964,24.31995256],[120.78237361,24.31917967],[120.78382135,24.31835459],[120.78666837,24.3181393],[120.78773718,24.31836967],[120.79131629,24.31738947],[120.79203551,24.31761079],[120.79431784,24.31701163],[120.79614994,24.31636994],[120.79906857,24.31617556],[120.80229815,24.31620892],[120.80550801,24.31596661],[120.80744685,24.31515015],[120.80979715,24.31274506],[120.811861,24.31156086],[120.8152986,24.30872329],[120.81756607,24.30742238],[120.81879684,24.30552235],[120.81952516,24.30383588],[120.82284003,24.29958241],[120.82530883,24.29678254],[120.82815659,24.2950474],[120.82944302,24.29365441],[120.83064541,24.29319628],[120.8321029,24.29207551],[120.83265681,24.29114693],[120.83356053,24.2904747],[120.83651509,24.28957149],[120.8381448,24.2892783],[120.84148611,24.28921548],[120.84415385,24.28878876],[120.84550297,24.28884927],[120.84695092,24.2886192],[120.84946344,24.28852775],[120.85481483,24.28880284],[120.85722488,24.28911093],[120.8596244,24.29023923],[120.86069512,24.29056639],[120.86572517,24.29268441],[120.8688647,24.29361381],[120.87489918,24.29489595],[120.87750268,24.29505457],[120.8816201,24.29488246],[120.88483,24.29438649],[120.88823007,24.29417544],[120.89157687,24.2940815],[120.89536713,24.29332181],[120.8998297,24.29275604],[120.90198826,24.29226573],[120.90453024,24.2922285],[120.90608113,24.29268198],[120.90886746,24.29392388],[120.91172711,24.29398082],[120.9161004,24.29826754],[120.91676908,24.29901296],[120.91988321,24.30070376],[120.92147659,24.30203734],[120.92244175,24.30359621],[120.92249569,24.30471254],[120.92197724,24.3062796],[120.9205778,24.30865807],[120.92009433,24.31119438],[120.92006797,24.31520341],[120.92065151,24.3181397],[120.92049826,24.32010881],[120.91964895,24.3242247],[120.91810834,24.32858842],[120.91793233,24.32961591],[120.91669495,24.33269581],[120.91636985,24.33419301],[120.91700704,24.33572439],[120.91964303,24.33713863],[120.9226475,24.33791698],[120.92631164,24.33864927],[120.92873763,24.33968762],[120.9328404,24.3420622],[120.93391226,24.34252411],[120.93563894,24.34291696],[120.93672724,24.34222167],[120.93797633,24.341803],[120.93996301,24.34000006],[120.9424538,24.33913734],[120.9449256,24.33977618],[120.9465175,24.33910255],[120.94964033,24.33917848],[120.95230829,24.33907452],[120.95408661,24.33860409],[120.95598654,24.33929177],[120.95678112,24.33929932],[120.95920339,24.33664613],[120.96015559,24.33505564],[120.96265238,24.33477313],[120.96623705,24.33351712],[120.96880278,24.33339819],[120.9700524,24.33359377],[120.97235964,24.33350781],[120.97393055,24.3339926],[120.97721449,24.33473299],[120.97993921,24.33447447],[120.98197956,24.33590462],[120.98265644,24.33557263],[120.98383566,24.33443396],[120.98540924,24.33182572],[120.98677875,24.33139866],[120.99102268,24.32976395],[120.99252024,24.32965026],[120.99505303,24.32991012],[120.99596565,24.33025083],[120.99725824,24.33005319],[120.99837648,24.33073534],[120.99947526,24.33203364],[121.00047609,24.33266224],[121.00229763,24.33282384],[121.0035659,24.33252483],[121.00471321,24.33196071],[121.00821043,24.32686223],[121.00956188,24.32580167],[121.01068682,24.32456035],[121.01156351,24.32397305],[121.01236193,24.32233981],[121.01449037,24.32011405],[121.0150124,24.3186728],[121.01574096,24.31755636],[121.01719456,24.31375384],[121.01755715,24.31209367],[121.01801382,24.31129563],[121.02001854,24.30924399],[121.02376453,24.30763996],[121.02620014,24.30674805],[121.02780173,24.30584847],[121.02936171,24.30470741],[121.03168939,24.30199952],[121.03256235,24.30041931],[121.03310977,24.29882412],[121.03412888,24.29781669],[121.03528728,24.29717918],[121.03812843,24.2963791],[121.04105748,24.29611925],[121.04385443,24.2956774],[121.04518703,24.29532528],[121.04707871,24.29613986],[121.04943767,24.29612171],[121.05134574,24.29782095],[121.05209491,24.29901113],[121.0521088,24.3018654],[121.05255784,24.30424089],[121.05367707,24.30560066],[121.0540586,24.3066706],[121.0549138,24.30766404],[121.05527921,24.3103104],[121.05760419,24.31142613],[121.05839521,24.31272855],[121.06016622,24.31294279],[121.06149307,24.31341895],[121.06427527,24.31520045],[121.06562216,24.31567656],[121.06932325,24.31552449],[121.07020801,24.31575918],[121.07090872,24.31682065],[121.07162614,24.31695648],[121.07259367,24.31842919],[121.07360071,24.3188201],[121.07390448,24.31954144],[121.07342184,24.32230659],[121.0736034,24.32285102],[121.07530181,24.32260371],[121.07888228,24.32289232],[121.08101584,24.32405306],[121.08157351,24.32404869],[121.08338133,24.3212932],[121.08507703,24.31970445],[121.08575192,24.31841617],[121.08660354,24.3176011],[121.08750386,24.31753941],[121.08828021,24.31832518],[121.09007501,24.31870247],[121.0919206,24.31862957],[121.09434675,24.31981089],[121.09509273,24.32084469],[121.09522089,24.32197706],[121.09824894,24.32368907],[121.09968672,24.32376985],[121.10225115,24.32458359],[121.10369318,24.32672229],[121.10528642,24.3281513],[121.10616619,24.32847305],[121.10863685,24.3310008],[121.1112403,24.32994805],[121.11486829,24.32863702],[121.11713396,24.32955146],[121.11854542,24.33036984],[121.12157446,24.33067875],[121.12182963,24.33185049],[121.12143639,24.33384938],[121.12205501,24.33635015],[121.12282752,24.33823232],[121.12412102,24.34055392],[121.1252935,24.34198997],[121.12625461,24.34160698],[121.12811474,24.34191076],[121.12874127,24.34252581],[121.1301923,24.34471114],[121.13091603,24.34743575],[121.13134766,24.34824838],[121.13117979,24.34927676],[121.13176464,24.34967529],[121.13356898,24.35167436],[121.13558283,24.35254693],[121.13643766,24.35313201],[121.13776277,24.35463866],[121.13759986,24.35535899],[121.13795995,24.3562711],[121.14000477,24.35833723],[121.14095483,24.35964325],[121.14410672,24.35827822],[121.14598719,24.35792463],[121.1492594,24.3579668],[121.15091306,24.35871207],[121.15330053,24.3588301],[121.15376582,24.35905384],[121.15553234,24.35904186],[121.1594094,24.36079685],[121.16225588,24.36056285],[121.16466509,24.36098892],[121.16647601,24.3606044],[121.16797586,24.3607288],[121.16886531,24.36152192],[121.169,24.36431334],[121.1706777,24.36556388],[121.17109152,24.36613261],[121.17244329,24.36680549],[121.1730581,24.36838101],[121.17413653,24.36902541],[121.17304469,24.37067807],[121.17330173,24.37309087],[121.17469082,24.37385113],[121.17639821,24.37575867],[121.17696358,24.37666326],[121.17851101,24.3779156],[121.18167098,24.3788607],[121.18244247,24.38023913],[121.18329209,24.38101138],[121.18473533,24.3814892],[121.18658624,24.38118498],[121.1882664,24.3814407],[121.18945142,24.3813227],[121.19023049,24.38162149],[121.19113829,24.38394214],[121.19299169,24.38583388],[121.19530143,24.39002415],[121.19641084,24.39109346],[121.19690617,24.39199318],[121.19713529,24.394036],[121.1971814,24.39658824],[121.20070803,24.39760992],[121.20329081,24.39756504],[121.20437123,24.39785319],[121.207192,24.39790547],[121.2088131,24.396584],[121.20972969,24.3964079],[121.21062332,24.39571743],[121.21075948,24.39357398],[121.21042607,24.39190313],[121.21059334,24.39073277],[121.21124374,24.38839214],[121.21186013,24.38697635],[121.2133307,24.38435828],[121.21352979,24.38367216],[121.21342936,24.38210697],[121.21418802,24.38107219],[121.21587007,24.37945477],[121.21680611,24.38050155],[121.21816388,24.38116978],[121.22216629,24.38198103],[121.22333882,24.38249082],[121.2256144,24.38302611],[121.2271011,24.38298058],[121.22892308,24.38341015],[121.23134947,24.38368378],[121.23214587,24.38429669],[121.23159748,24.38751642],[121.23462874,24.3911247],[121.23497103,24.39201521],[121.23496351,24.39390166],[121.23459484,24.39586838],[121.23465556,24.39733715],[121.23573305,24.39859673],[121.23801854,24.40028569],[121.2382081,24.40160531],[121.24013384,24.40353949],[121.2413575,24.40421516],[121.24258964,24.40456445],[121.24356334,24.40571771],[121.24325018,24.40808677],[121.24289823,24.40908133],[121.24337281,24.41088643],[121.24290763,24.4128323],[121.24200515,24.41398904],[121.24272642,24.41472354],[121.2435901,24.41660748],[121.24328405,24.41823877],[121.24389169,24.42007627],[121.24564603,24.42235255],[121.24663881,24.42303233],[121.249141,24.42379298],[121.24999193,24.42490691],[121.2510716,24.42506971],[121.25286307,24.42489589],[121.25760764,24.42504666],[121.25817315,24.42584747],[121.25888091,24.42771481],[121.25892816,24.43803612],[121.25893366,24.44072416],[121.26047932,24.44225694],[121.26159626,24.44403533],[121.26087554,24.44564664],[121.26181474,24.44711445],[121.2621695,24.44810508],[121.26137967,24.44820906],[121.260678,24.45006491],[121.26060622,24.45141091],[121.26092466,24.45250152],[121.26262122,24.45513145],[121.26151016,24.4559806],[121.26001134,24.45634992],[121.25813161,24.457313],[121.25808582,24.46324154],[121.25716674,24.46370946],[121.25488165,24.46440358],[121.25284173,24.46454762],[121.2490507,24.46601166],[121.24642014,24.46876493],[121.24439078,24.47005795],[121.24451508,24.47172017],[121.24397195,24.4755638],[121.24329314,24.4772947],[121.24228778,24.47847669],[121.23919824,24.48026877],[121.23844434,24.48136264],[121.23548035,24.48312324],[121.23463423,24.48383736],[121.23464204,24.48774175],[121.23342545,24.48745626],[121.23054703,24.48855085],[121.22974724,24.48911586],[121.22971855,24.48985106],[121.22861803,24.49249392],[121.22523001,24.49361976],[121.22350035,24.49439272],[121.22240674,24.49529137],[121.22141626,24.49645264],[121.21993945,24.49727766],[121.2186671,24.49826251],[121.21983627,24.50086676],[121.22096096,24.50145034],[121.22098278,24.50272966],[121.22163352,24.5037072],[121.22208818,24.505038],[121.22346222,24.50600796],[121.22339291,24.506706],[121.22213707,24.50750705],[121.21979747,24.50833554],[121.21774244,24.50944712],[121.21736593,24.50988033],[121.21766517,24.51130037],[121.21757565,24.51403552],[121.21653399,24.51521367],[121.2152294,24.51544957],[121.21397218,24.51478067],[121.20993828,24.51162726],[121.20916038,24.51144861],[121.20804211,24.51171312],[121.20696612,24.51286349],[121.20540102,24.51277251],[121.20473111,24.51220517],[121.20318144,24.51250737],[121.20240365,24.51173901],[121.20051754,24.51145866],[121.19989146,24.51100206],[121.19806522,24.50883743],[121.19645339,24.5076173],[121.19528245,24.50704505],[121.1944307,24.50702754],[121.19175168,24.50747951],[121.18677013,24.50538045],[121.18592135,24.50595594],[121.18435847,24.50652675],[121.1834926,24.50769282],[121.18286509,24.50799237],[121.17983255,24.5080361],[121.1779127,24.50765171],[121.17698545,24.50703345],[121.17612255,24.50585496],[121.17434405,24.50476166],[121.17216848,24.50460225],[121.17057565,24.50411757],[121.16913323,24.50258852],[121.16632406,24.50323412],[121.16433309,24.50355912],[121.16191085,24.50349364],[121.1579441,24.50524367],[121.15706876,24.50609391],[121.15532561,24.50673064],[121.15448971,24.50682277],[121.15058163,24.50609167],[121.14711698,24.50872512],[121.14569296,24.51017355],[121.14502105,24.51192026],[121.14344245,24.51092833],[121.14252625,24.51000471],[121.14164135,24.50961187],[121.13976514,24.50823546],[121.13699107,24.50665454],[121.13325901,24.50679649],[121.12999948,24.5066501],[121.12920572,24.50693061],[121.12744806,24.50825621],[121.12561322,24.50838001],[121.1236964,24.51007506],[121.12301615,24.51012608],[121.12218799,24.50917959],[121.1207271,24.50835546],[121.11731626,24.50846342],[121.11622569,24.5080584],[121.11333146,24.50646523],[121.1107011,24.50294973],[121.11014489,24.50262426],[121.10917269,24.50118792],[121.10804068,24.50067611],[121.10532376,24.50060686],[121.10463082,24.49980858],[121.10305879,24.49912175],[121.10245575,24.49825191],[121.10089509,24.49837989],[121.09978745,24.4979644],[121.09851382,24.49661916],[121.0977502,24.4963819],[121.09454069,24.49658154],[121.09245604,24.49742373],[121.09041651,24.49785774],[121.0890687,24.49884051],[121.08774807,24.49939894],[121.08713339,24.50034024],[121.08555146,24.50130829],[121.08395459,24.50120212],[121.0789152,24.49906873],[121.07793521,24.49904271],[121.07521787,24.49942975],[121.07205819,24.49841362],[121.07168911,24.5005039],[121.07211124,24.50131256],[121.07206311,24.50344063],[121.07085816,24.50467793],[121.07031806,24.50608024],[121.0682012,24.50684127],[121.06919672,24.50865774],[121.0693125,24.50933215],[121.06854941,24.51244999],[121.06851208,24.51645798],[121.0675125,24.5193908],[121.06668399,24.52077812],[121.06702211,24.52298274],[121.06864814,24.52394979],[121.0699411,24.52498237],[121.07217307,24.52635335],[121.07558841,24.52776791],[121.07743026,24.52820837],[121.07839986,24.52921459],[121.07845739,24.53140423],[121.07866541,24.53250523],[121.07779839,24.53423708],[121.07915444,24.53587535],[121.08011633,24.53792831],[121.08004532,24.53885366],[121.08055328,24.5408579],[121.08023757,24.54144448],[121.07831328,24.54277645],[121.07681439,24.54338598],[121.07604769,24.54403627],[121.07424662,24.54714211],[121.07445912,24.54839828],[121.07346069,24.54942053],[121.06998676,24.5505829],[121.06657389,24.55315314],[121.06454139,24.55430999],[121.06281947,24.55505848],[121.06218587,24.55615492],[121.05890209,24.55715642],[121.0581995,24.55791121],[121.05842036,24.56063532],[121.06139858,24.56000318],[121.06176684,24.55952144],[121.06253018,24.55742054],[121.06836039,24.56240028],[121.07058504,24.56335751],[121.0706685,24.56436645],[121.0714972,24.56613395],[121.07199995,24.56789477],[121.07252862,24.5708136],[121.07273818,24.57278556],[121.07433994,24.57546067],[121.0751524,24.5788494],[121.07545745,24.58103227],[121.07747967,24.58240918],[121.07863161,24.58358941],[121.07895059,24.58424504],[121.0793671,24.58778077],[121.07964831,24.58822775],[121.08104283,24.58846304],[121.08302755,24.58975962],[121.08257585,24.59254606],[121.08281828,24.59465099],[121.08237508,24.59553643],[121.08127155,24.60057068],[121.07983318,24.60159377],[121.07743509,24.60250152],[121.07634963,24.60306533],[121.0755804,24.603839],[121.07524718,24.6055357],[121.07539374,24.60672419],[121.07609126,24.60863862],[121.07545185,24.6112814],[121.07492218,24.61230371],[121.07378881,24.61319797],[121.07181996,24.61392898],[121.07039768,24.61407966],[121.06808005,24.61486583],[121.06692107,24.61615022],[121.06589642,24.61824885],[121.06474904,24.61945062],[121.06391374,24.61952955],[121.06277758,24.62102519],[121.06256249,24.62175228],[121.06151808,24.62176858],[121.06029624,24.62080175],[121.05844702,24.61995693],[121.05691583,24.61834288],[121.05547953,24.61795788],[121.05489237,24.61685004],[121.05319474,24.6154045],[121.05176291,24.61512737],[121.05171989,24.61727467],[121.05037324,24.61839585],[121.04936503,24.61861985],[121.04824982,24.61983502],[121.046397,24.62246213],[121.04645042,24.62301101],[121.0455931,24.62450063],[121.04476647,24.62483976],[121.04411397,24.62634098],[121.04322882,24.62722991],[121.04101425,24.62685929],[121.04053427,24.62696816],[121.03926865,24.62935198],[121.03697121,24.62978935],[121.03355918,24.63201226],[121.03129003,24.63257972],[121.03047633,24.6324047],[121.02937291,24.6328718],[121.02814655,24.6342014],[121.02626948,24.63556951],[121.02572994,24.63617876],[121.02515372,24.63781753],[121.02592363,24.63973931],[121.02533162,24.64125654],[121.02361903,24.64180889],[121.02277734,24.6417912],[121.0184732,24.64076011],[121.01670019,24.64062539],[121.01438115,24.64085205],[121.01181316,24.64251687],[121.01094204,24.64350451],[121.01014435,24.64395121],[121.00818359,24.64437798],[121.00816931,24.64440796],[121.00813933,24.64449647],[121.00813362,24.64457214],[121.00815361,24.64474917],[121.00816789,24.64479486],[121.00895197,24.64756974],[121.00808517,24.65037866],[121.00874945,24.65156972],[121.00951136,24.65154842],[121.01076085,24.65260621],[121.01088136,24.65450634],[121.01030414,24.65615699],[121.00696707,24.65576024],[121.00604901,24.65526713],[121.00433001,24.65641653],[121.00330404,24.65623587],[121.00028431,24.65476774],[120.99710839,24.65466561],[120.99608878,24.65548849],[120.99551105,24.65729955],[120.99610871,24.65808595],[120.99467427,24.65954217],[120.99155438,24.65959316],[120.99063059,24.66039394],[120.99044595,24.66170575],[120.99066961,24.66475176],[120.99010325,24.66476134],[120.98937068,24.66321697],[120.98790116,24.66319735],[120.986766,24.66376761],[120.98574567,24.66508874],[120.98542534,24.66659904],[120.98488534,24.66694758],[120.98318302,24.66719577],[120.98319008,24.66981328],[120.98169996,24.67108399],[120.98174736,24.67178481],[120.97990001,24.67341811],[120.97899396,24.67381262],[120.97756537,24.67397233],[120.97651697,24.67542438],[120.97751046,24.67819139],[120.97672665,24.67927871],[120.9767961,24.68055314],[120.97638556,24.680925],[120.97642059,24.68314188],[120.97556198,24.68456603],[120.97434741,24.68485526],[120.9735909,24.68581034],[120.97253424,24.68583267],[120.97164915,24.68548926],[120.97057463,24.68421296],[120.96995499,24.6844656],[120.96705641,24.68436087],[120.96553503,24.6841161],[120.96569367,24.68478473],[120.96675337,24.68622084],[120.96516345,24.6881092],[120.96644034,24.68932088],[120.96600728,24.69037657],[120.96646831,24.6912608],[120.96790517,24.69194586],[120.96842485,24.69318741],[120.96978854,24.69375763],[120.97054878,24.69451841],[120.9705578,24.69521141],[120.97159717,24.69588786],[120.97180149,24.6967173],[120.97248404,24.69702537],[120.97354407,24.69676973],[120.97405111,24.69938821],[120.97313953,24.70232762],[120.97218705,24.70328255],[120.97237812,24.70408155],[120.97337183,24.70454143],[120.97464105,24.70436801],[120.97582476,24.70494467],[120.97666191,24.70650849],[120.97579059,24.70713256],[120.97456874,24.70864271],[120.97576396,24.70931927],[120.97527978,24.71071897],[120.97422469,24.71121359],[120.9738716,24.71182344],[120.97175913,24.71242855],[120.97094546,24.71218885],[120.97030732,24.71086236],[120.96857824,24.71121114],[120.96637238,24.7096968],[120.96472574,24.71052201],[120.96390651,24.71155592],[120.96246519,24.71103129],[120.96230353,24.70969821],[120.960924,24.70927912],[120.95934259,24.70665873],[120.95678328,24.70657337],[120.95543671,24.7048813],[120.95478016,24.70435141],[120.95296847,24.70411749],[120.95291912,24.70510326],[120.95329389,24.70607035],[120.95252134,24.70633527],[120.95195496,24.70751106],[120.95094713,24.70770181],[120.95074476,24.70975078],[120.94978991,24.71119938],[120.94815569,24.71121641],[120.94635043,24.70978721],[120.94543642,24.70976077],[120.94518377,24.70795985],[120.94406269,24.70758519],[120.94191841,24.70735435],[120.940481,24.70838304],[120.93995835,24.70831636],[120.93853035,24.70908371],[120.93780357,24.70978831],[120.93737555,24.71085088],[120.93648417,24.7108277],[120.93542097,24.71259659]]]},"properties":{"gml_id":"layer_city_boundary_pg.39","Name":"苗栗县","layer":"市","code":"711100000000","grade":2}},
{"type":"Feature","geometry":{"type":"Polygon","coordinates":[[[120.45655266,24.2071862],[120.45646193,24.20690345],[120.45350374,24.20364143],[120.45316123,24.20203968],[120.45117956679059,24.19874980943748],[120.4474148,24.18529721],[120.42204543,24.15710955],[120.40916656808565,24.143398350403817],[120.40900752,24.14266111],[120.40711234,24.1395594],[120.40532742075126,24.139311085882223],[120.39973610723924,24.13335841583436],[120.39996991,24.13173631],[120.40118594,24.12993519],[120.40113775,24.12897214],[120.40017656,24.12788009],[120.39928035,24.12478003],[120.39824113,24.12341341],[120.39725378,24.12109418],[120.39682643,24.11749614],[120.38530246,24.10200244],[120.37993753,24.09507734],[120.38005553,24.09451525],[120.3818112,24.09685662],[120.38304529,24.09702667],[120.38633895,24.09704564],[120.38622603,24.09503538],[120.3858138,24.09287682],[120.38491348,24.09190021],[120.38480159,24.08916774],[120.38416402,24.08767477],[120.38237559,24.0864794],[120.37886099,24.08492669],[120.37726014,24.08377733],[120.37544659,24.08301818],[120.3741832,24.08279898],[120.37081854,24.08169415],[120.36557737,24.08149494],[120.36504235454228,24.08139292390323],[120.35372869,24.06190992],[120.3378311,24.02973781],[120.33730963399447,24.028880368529467],[120.33675966,24.0235698],[120.33606064,24.01789464],[120.33528568,24.01574594],[120.33413527,24.01394153],[120.33243444,24.01259614],[120.32993285,24.01146842],[120.32850713,24.01035301],[120.32678134,24.00869739],[120.32356669161194,24.0062829823127],[120.3121198,23.98746097],[120.30842286875027,23.976873408722543],[120.30837683,23.97525997],[120.30770192,23.97314507],[120.30675800445587,23.97210543995471],[120.30101738,23.95566499],[120.2865742,23.94324859],[120.27987102743187,23.936254488544513],[120.27954185,23.93489698],[120.27880418,23.9335974],[120.27611384984823,23.932334243177245],[120.27425002,23.93038952],[120.26614346,23.91330517],[120.26455518,23.90467306],[120.25505063,23.86442437],[120.25147187,23.85439488],[120.24175405,23.84312234],[120.24160888458182,23.84307713935502],[120.2447491,23.84061315],[120.24918234,23.83750153],[120.25185106,23.83591827],[120.25501185,23.83425479],[120.25787945,23.83340465],[120.26601102,23.83123726],[120.27726319,23.82829374],[120.29230007,23.82443167],[120.29350377,23.82418721],[120.29768392,23.82302238],[120.3081189,23.8203045],[120.30953991,23.82030965],[120.31639449,23.82006124],[120.33313716,23.82228838],[120.33885751,23.82219939],[120.35238813,23.8223237],[120.35742903,23.82284056],[120.3581294,23.82281559],[120.36010718,23.82325946],[120.37031725,23.82856183],[120.37359714,23.82861833],[120.38280188,23.82854427],[120.39362955,23.82765842],[120.40789849,23.82659117],[120.41032834,23.82637877],[120.41281805,23.82670547],[120.41665066,23.8267975],[120.41842896,23.82701159],[120.4192213,23.82746774],[120.42495457,23.83017618],[120.42590875,23.83033528],[120.43310245,23.83015092],[120.43447025,23.82963152],[120.4360669,23.82859425],[120.43952327,23.82686804],[120.44093629,23.8250278],[120.44236966,23.82356518],[120.44401926,23.82215743],[120.44555436,23.82134693],[120.44723987,23.82076217],[120.44854751,23.81974866],[120.45064485,23.81866118],[120.45196344,23.81728547],[120.45649238,23.81650855],[120.45811655,23.81612655],[120.46571244,23.8128757],[120.46995619,23.81122482],[120.47525618,23.80903674],[120.48316004,23.80657133],[120.48726041,23.80582389],[120.49353574,23.80447043],[120.49840253,23.80361033],[120.50116672,23.80255748],[120.50750528,23.80074415],[120.51104748,23.80009521],[120.51769341,23.79979884],[120.5213434,23.79977242],[120.52781154,23.79906192],[120.52910199,23.79919344],[120.53052496,23.79976803],[120.53490823,23.80124112],[120.53792924,23.80126618],[120.54059853,23.80101829],[120.54591505,23.80148184],[120.54877303,23.80112242],[120.55074458,23.80117479],[120.55478916,23.80034505],[120.55817584,23.79943682],[120.5602814,23.79814766],[120.56728239,23.79724984],[120.57100836,23.79662038],[120.57328038,23.7963603],[120.57802126,23.79527897],[120.58268674,23.79376342],[120.58424407,23.79296562],[120.58669453,23.79198928],[120.59258719,23.7910697],[120.60815152,23.79118203],[120.6091968,23.79126898],[120.61251238,23.7911571],[120.61499792,23.79136439],[120.61785336,23.79082666],[120.62468238,23.79007446],[120.628226,23.79002072],[120.6302389,23.78979175],[120.63312648,23.78889363],[120.63501452,23.78677229],[120.64036777,23.7860509],[120.64154253,23.78562444],[120.642536,23.78574655],[120.64467384,23.78680191],[120.64661304,23.78713833],[120.6521042,23.78908261],[120.65357639,23.7894467],[120.65813142,23.79104308],[120.66237913,23.79172544],[120.66416483,23.79228942],[120.66663687,23.79357229],[120.66875409,23.79516432],[120.66965093,23.79612108],[120.67303077,23.79818967],[120.67392794,23.79908971],[120.67510043,23.7998031],[120.67836763,23.80112556],[120.67989879,23.80162291],[120.68142742,23.801686],[120.68389082,23.80135462],[120.68390313,23.80335888],[120.68340832,23.80542024],[120.68249399,23.80607277],[120.67977378,23.80575331],[120.67897881,23.80594538],[120.67840982,23.80839987],[120.6785091,23.81115007],[120.67797452,23.81407831],[120.67881376,23.81629687],[120.67779047,23.81736022],[120.67634935,23.81928903],[120.67453063,23.82004586],[120.67347376,23.81978654],[120.67266843,23.81921335],[120.67178532,23.81936864],[120.67136423,23.81871306],[120.66993082,23.81852356],[120.66797751,23.8173475],[120.66758142,23.81660263],[120.66472712,23.81631218],[120.66504483,23.81503884],[120.66370957,23.81540196],[120.66243977,23.81537646],[120.66040929,23.81462782],[120.65864897,23.81452821],[120.65728378,23.81361726],[120.6555998,23.81281284],[120.65332097,23.81279215],[120.65192455,23.81245894],[120.65069533,23.81271909],[120.6500594,23.81436435],[120.64874799,23.81605621],[120.64656049,23.81725535],[120.64458214,23.81755319],[120.64251165,23.81931153],[120.64068676,23.82022574],[120.6400201,23.82029865],[120.64027502,23.82157753],[120.6387337,23.82263496],[120.63858262,23.82399277],[120.63919042,23.8245181],[120.63690188,23.82474463],[120.63634576,23.82554128],[120.63701633,23.82585626],[120.63794851,23.82538158],[120.6398318,23.82505065],[120.63990821,23.82575466],[120.63866706,23.82592765],[120.63919093,23.82675141],[120.63882124,23.82759951],[120.63747395,23.82732395],[120.63606271,23.82788842],[120.63817934,23.82891944],[120.63676508,23.83006546],[120.63604093,23.83164711],[120.63720008,23.83218097],[120.63692619,23.83286498],[120.63452131,23.83319225],[120.6332316,23.8328978],[120.63132722,23.83164675],[120.63050651,23.83243036],[120.62812513,23.83120878],[120.62748811,23.83130349],[120.62430016,23.82942971],[120.62373465,23.82935208],[120.62294197,23.83026281],[120.62380365,23.83069456],[120.62395603,23.83148968],[120.62493735,23.83189563],[120.62657858,23.83204164],[120.62777564,23.83192597],[120.62875354,23.83214271],[120.63051153,23.83293604],[120.63346503,23.83388046],[120.63323843,23.8345154],[120.63014205,23.83464753],[120.63105277,23.83564666],[120.63007207,23.835876],[120.62826658,23.83582482],[120.62995474,23.83686275],[120.62992352,23.83735715],[120.62835887,23.83707089],[120.62583146,23.83686021],[120.62555593,23.83765504],[120.62740599,23.83762922],[120.62834798,23.83789201],[120.62706589,23.83973849],[120.6265002,23.83988562],[120.62601995,23.84191528],[120.62446884,23.84059572],[120.62396652,23.83968068],[120.62240709,23.83995281],[120.62086632,23.83945308],[120.62093118,23.84021192],[120.62213206,23.84085427],[120.6211159,23.84174883],[120.61860199,23.84049216],[120.61832382,23.83897174],[120.61773838,23.83839764],[120.61633358,23.83942124],[120.61680829,23.84005893],[120.61607021,23.84118841],[120.61749524,23.84123462],[120.61886486,23.84168699],[120.61960566,23.84264567],[120.61963843,23.84347575],[120.62028462,23.844217],[120.62132324,23.8445849],[120.62124484,23.84564026],[120.62241603,23.84682516],[120.6233014,23.84672473],[120.62366596,23.84727693],[120.62292214,23.8479948],[120.62096872,23.84850494],[120.62138034,23.84939224],[120.62270277,23.84870665],[120.62350452,23.8489913],[120.62367304,23.85016637],[120.62486158,23.85107229],[120.62442429,23.85200551],[120.62561621,23.85197311],[120.62646929,23.85511495],[120.62607071,23.8557773],[120.62720436,23.85665709],[120.62643359,23.85859766],[120.62486181,23.85847099],[120.62427606,23.85911346],[120.6244733,23.8597275],[120.6234232,23.85998412],[120.62281718,23.86055668],[120.62354167,23.86197039],[120.62248795,23.86254247],[120.62195243,23.86355751],[120.62060258,23.86371784],[120.6205188,23.86509122],[120.62012991,23.86570648],[120.62059118,23.86795633],[120.62048643,23.86881247],[120.62139912,23.86877093],[120.62178733,23.86970766],[120.62324767,23.86941612],[120.62434149,23.8714248],[120.62508897,23.87209165],[120.62580102,23.8734669],[120.62576034,23.87524693],[120.62495868,23.87615867],[120.62481884,23.87711455],[120.62667461,23.87942083],[120.62701565,23.88234601],[120.62752394,23.88358467],[120.62819111,23.88344875],[120.62863194,23.88419571],[120.62958892,23.88481198],[120.62895564,23.88570235],[120.62952981,23.88688337],[120.62915689,23.88790792],[120.62951812,23.88942704],[120.63046395,23.8898117],[120.63196998,23.88941637],[120.63226243,23.89042776],[120.63404145,23.8919061],[120.63234711,23.89204903],[120.63313487,23.89319817],[120.6343622,23.89341638],[120.63417325,23.89524109],[120.63313572,23.89557737],[120.63293476,23.89672448],[120.634122,23.89672816],[120.63505865,23.89860122],[120.63370717,23.90037582],[120.63466265,23.90080616],[120.63348474,23.90263908],[120.63207951,23.90335828],[120.63302586,23.90421451],[120.63216853,23.90529902],[120.63235203,23.90642891],[120.63354244,23.9066283],[120.63358007,23.90803791],[120.63184069,23.90841281],[120.63260113,23.9092391],[120.6317661,23.9104486],[120.62984037,23.91036592],[120.62980704,23.91118137],[120.63214652,23.91068397],[120.63333029,23.91167294],[120.63345773,23.91300446],[120.63296495,23.91332019],[120.63305263,23.9142034],[120.63429823,23.91325254],[120.63408606,23.91456719],[120.63337383,23.91523199],[120.63358467,23.91631798],[120.63488962,23.91775612],[120.63455203,23.91849851],[120.6348107,23.91993079],[120.636575,23.91996914],[120.63574463,23.92113184],[120.6359411,23.92155601],[120.63724126,23.92189875],[120.63693797,23.92345826],[120.63725897,23.9245631],[120.63589666,23.92544432],[120.63549441,23.92624556],[120.63421015,23.92662861],[120.63274468,23.92839595],[120.63123501,23.92879415],[120.6309766,23.92934085],[120.62975967,23.92946782],[120.6284989,23.93016454],[120.62786509,23.93083288],[120.62849193,23.93137108],[120.62975655,23.93121],[120.63040137,23.93259475],[120.63093627,23.93215175],[120.63213245,23.93287685],[120.63270172,23.93417626],[120.63277043,23.93564699],[120.63380751,23.93588426],[120.63571718,23.93725058],[120.63631903,23.93631153],[120.63685824,23.93711202],[120.63529211,23.93874714],[120.63384976,23.93956287],[120.63271801,23.94118506],[120.63014938,23.94305651],[120.63069062,23.94389465],[120.63170407,23.94377679],[120.63335962,23.94288387],[120.63459699,23.94379631],[120.63305923,23.945387],[120.63272427,23.94599058],[120.62898152,23.94982998],[120.62756474,23.95202276],[120.62817901,23.95267858],[120.62937597,23.95212508],[120.63054579,23.95260922],[120.63120776,23.95341188],[120.63286832,23.95299555],[120.63383914,23.95336699],[120.63277683,23.95439481],[120.63161582,23.95477956],[120.63088962,23.95445216],[120.62948701,23.95530318],[120.62777167,23.95585039],[120.62764158,23.95654839],[120.63020391,23.9560748],[120.630965,23.95635051],[120.63148095,23.95559924],[120.63271419,23.95507896],[120.63414022,23.95417441],[120.63504481,23.95321182],[120.63525805,23.95238346],[120.63673883,23.95269763],[120.63836345,23.95427182],[120.63956477,23.9551421],[120.64033606,23.95616424],[120.64265277,23.95827397],[120.6428514,23.9595196],[120.64421774,23.96208322],[120.64471484,23.96252358],[120.64684666,23.96337944],[120.64658769,23.96503769],[120.64686173,23.96693512],[120.64679107,23.97034612],[120.64694402,23.97162906],[120.64630336,23.97297523],[120.64682521,23.97537679],[120.64859375,23.97970104],[120.65004198,23.98294581],[120.65008684,23.98492316],[120.64941612,23.98574581],[120.64730433,23.98754163],[120.64532005,23.98961926],[120.64355253,23.99081324],[120.640866,23.99218251],[120.63750417,23.99374082],[120.63634787,23.99550122],[120.63611104,23.99841393],[120.63710454,24.00101004],[120.63784271,24.00256263],[120.63822999,24.0040941],[120.63808866,24.00740619],[120.6384839,24.00738649],[120.64034186,24.00573194],[120.64153175,24.00814666],[120.64244677,24.0089451],[120.64327759,24.00834502],[120.64455479,24.00889618],[120.64637023,24.00912165],[120.64731364,24.00842298],[120.6489192,24.00837188],[120.64947941,24.00808318],[120.65083112,24.00849051],[120.66140345,24.00831649],[120.66614941,24.00774676],[120.66757867,24.00691129],[120.6694788,24.00666383],[120.67035884,24.00628883],[120.67124551,24.0065759],[120.67257579,24.00584918],[120.67371467,24.00772803],[120.67307882,24.00876995],[120.67104589,24.00986673],[120.67063844,24.01062546],[120.67303376,24.01026339],[120.67425456,24.01083442],[120.67456454,24.0104564],[120.67625857,24.01085227],[120.6774047,24.01207923],[120.67864076,24.01403333],[120.66842536,24.02073486],[120.66477602,24.02328912],[120.66455627,24.02393042],[120.66348696,24.02496809],[120.66122885,24.02570224],[120.65937615,24.02736735],[120.65813758,24.02824256],[120.6556551,24.03067491],[120.65190182,24.02858132],[120.65164421,24.02865338],[120.6496406,24.03076769],[120.64921378,24.03073168],[120.64655251,24.03394304],[120.64526628,24.03431286],[120.64460644,24.03343807],[120.64443216,24.03231169],[120.64483245,24.03106146],[120.64549538,24.03001728],[120.64565534,24.02871416],[120.64616926,24.02833777],[120.64620798,24.02667321],[120.64485852,24.02593093],[120.64318756,24.02636415],[120.64191913,24.0273697],[120.64026087,24.02728365],[120.63883044,24.02775477],[120.63709908,24.02885812],[120.63613993,24.03105283],[120.63398093,24.03108239],[120.63139829,24.03015509],[120.62865206,24.02962227],[120.62597346,24.02988043],[120.62515259,24.03018958],[120.62417285,24.03161075],[120.62410291,24.03267086],[120.62447018,24.03377928],[120.62631068,24.03577069],[120.62810707,24.0383528],[120.62771212,24.04021643],[120.6273506,24.04076171],[120.62601176,24.04162275],[120.62575249,24.04407903],[120.62579148,24.04681468],[120.62554376,24.04740055],[120.62448599,24.0482827],[120.62447607,24.04936675],[120.6234492,24.05196183],[120.62357944,24.05326711],[120.6248338,24.05570148],[120.6256851,24.05702809],[120.62552436,24.05972653],[120.62566586,24.0620935],[120.62533447,24.06536594],[120.62544434,24.06776004],[120.6253412,24.06895118],[120.62461386,24.07069365],[120.62398378,24.07148364],[120.62197311,24.07264369],[120.62067856,24.07232622],[120.61965934,24.07304606],[120.61865189,24.07509499],[120.61699758,24.07942442],[120.61667808,24.08091467],[120.61607244,24.08250431],[120.61515953,24.08429193],[120.61490572,24.08593677],[120.61510174,24.08672104],[120.61489434,24.0899907],[120.61451085,24.09215234],[120.61341086,24.09531319],[120.61315271,24.09733247],[120.61323491,24.09812363],[120.61248102,24.09919188],[120.61236205,24.10258167],[120.61010623,24.1021115],[120.60886342,24.10209178],[120.60802847,24.10272239],[120.6030853,24.10287018],[120.60221108,24.10318917],[120.60152347,24.10426502],[120.59995459,24.10518746],[120.59485215,24.10489851],[120.58894587,24.10610127],[120.5869215,24.10676017],[120.58552858,24.10757613],[120.58351754,24.10954991],[120.5766187,24.10958695],[120.57553245,24.10904289],[120.57350431,24.10841341],[120.57260746,24.10831773],[120.56559264,24.10981927],[120.55802456,24.11254471],[120.5536871,24.11281051],[120.55198834,24.11352987],[120.54968296,24.1138826],[120.5490078,24.1142222],[120.54657198,24.11609402],[120.5452242,24.11662495],[120.54144616,24.12238056],[120.54111145,24.12341102],[120.54034514,24.12396833],[120.53410157,24.12555976],[120.53310159,24.12605895],[120.53224409,24.12692236],[120.53071586,24.12901302],[120.52989382,24.13075597],[120.52760145,24.13416931],[120.52367871,24.13945794],[120.5232807,24.14095203],[120.52440026,24.14241283],[120.52524027,24.14426773],[120.52566495,24.14604178],[120.52586367,24.14854598],[120.52451413,24.15240627],[120.52361071,24.15344839],[120.5207907,24.15851194],[120.51899637,24.16314298],[120.51751866,24.1653257],[120.51518842,24.17091358],[120.51428601,24.17278242],[120.51110961,24.18064367],[120.50810394,24.18716648],[120.50438085,24.19114616],[120.49425021,24.19457443],[120.45655266,24.2071862]]]},"properties":{"gml_id":"layer_city_boundary_pg.40","Name":"彰化县","layer":"市","code":"711200000000","grade":2}},
{"type":"Feature","geometry":{"type":"Polygon","coordinates":[[[121.34301355,24.22355425],[121.34242185,24.22386593],[121.34076794,24.22548134],[121.33911737,24.22670376],[121.33733238,24.22754449],[121.33567963,24.22858991],[121.33294942,24.22986809],[121.33155928,24.2299395],[121.33021911,24.23115539],[121.32649176,24.2325284],[121.32443694,24.23300774],[121.32206738,24.23206176],[121.31939282,24.23194943],[121.31784002,24.23299251],[121.31644664,24.23438974],[121.31408837,24.23499711],[121.31211706,24.23507885],[121.30881686,24.23493725],[121.30740437,24.23447357],[121.30588907,24.23369944],[121.30366692,24.2337605],[121.30288947,24.23495395],[121.30234928,24.23645101],[121.30088262,24.2366372],[121.29888952,24.23577041],[121.29805107,24.23419546],[121.29872525,24.23348891],[121.2983356,24.23301277],[121.29702689,24.23301079],[121.29568123,24.23262738],[121.29498152,24.23200832],[121.29487018,24.23116962],[121.29409672,24.22968436],[121.29312914,24.22916366],[121.29101575,24.23015282],[121.28995044,24.22973303],[121.28935177,24.23014102],[121.28704295,24.22965493],[121.28577764,24.22913602],[121.28406018,24.22972367],[121.28367337,24.23065117],[121.28275194,24.23103563],[121.28089842,24.23063748],[121.27987879,24.22984094],[121.27921648,24.23090581],[121.27773358,24.23187514],[121.2771205,24.23493413],[121.27661397,24.23558113],[121.27514527,24.2354822],[121.27393382,24.23567774],[121.27326942,24.23644851],[121.27048629,24.2367884],[121.26891291,24.23791598],[121.26849404,24.23994837],[121.2665987,24.2405539],[121.26587934,24.24123264],[121.26638276,24.2424235],[121.26581999,24.24369752],[121.26541365,24.24566788],[121.26498038,24.2458647],[121.26148973,24.24570693],[121.25879066,24.24511633],[121.25680686,24.24440398],[121.2550675,24.24321857],[121.25318986,24.24102838],[121.25122044,24.23799217],[121.24873219,24.23251318],[121.24819331,24.23078716],[121.24712705,24.22821973],[121.2462077,24.22649859],[121.24486653,24.2249705],[121.2446063,24.22350328],[121.24416019,24.22249455],[121.24229429,24.22193325],[121.24073647,24.2217067],[121.23870252,24.22047813],[121.23795197,24.21970673],[121.23700557,24.22010606],[121.23589633,24.22124665],[121.23313874,24.22221984],[121.23250486,24.22230833],[121.23040882,24.22352624],[121.23091557,24.22515337],[121.23062357,24.22610529],[121.22843682,24.22596938],[121.22833804,24.22470518],[121.22712005,24.22563139],[121.22610484,24.22583954],[121.22372615,24.22701212],[121.2216403,24.22782556],[121.22057925,24.22884906],[121.21970789,24.22923946],[121.21805572,24.22818958],[121.21736645,24.22690375],[121.21580553,24.22534658],[121.21266714,24.22421492],[121.20997024,24.22260314],[121.20808823,24.22167143],[121.20626987,24.22171994],[121.20505457,24.22208514],[121.20156159,24.22164409],[121.19842405,24.22289332],[121.19669748,24.22314386],[121.19619443,24.22290749],[121.19505054,24.22159546],[121.19378767,24.2205863],[121.192313,24.21904088],[121.19177897,24.21807364],[121.19184022,24.21690883],[121.19018163,24.21568207],[121.18850558,24.21491479],[121.18518763,24.21445112],[121.18386372,24.21366682],[121.18239819,24.21230745],[121.18171057,24.212045],[121.18073561,24.21228007],[121.17852406,24.21401299],[121.17768071,24.21572841],[121.17667304,24.21645506],[121.17500263,24.21827972],[121.17348823,24.22032562],[121.17016752,24.22346024],[121.16769984,24.22538499],[121.1669163,24.22396856],[121.16601095,24.2233467],[121.16436934,24.22178655],[121.16394454,24.21963163],[121.16332105,24.21906607],[121.16259395,24.21739476],[121.16113244,24.21535274],[121.16020872,24.21490312],[121.15842358,24.21458436],[121.15651697,24.21473632],[121.15552199,24.21431565],[121.15184898,24.21317629],[121.15142573,24.21288252],[121.14959423,24.21318294],[121.14781889,24.21284768],[121.14614688,24.2089246],[121.14503693,24.2076561],[121.14409305,24.20706114],[121.14300111,24.20528074],[121.14316173,24.20431045],[121.14253768,24.20159579],[121.1413618,24.19964963],[121.14026955,24.19879442],[121.13780995,24.19760596],[121.13635496,24.19633849],[121.13529013,24.19621084],[121.1322717,24.19690134],[121.13063945,24.19671552],[121.12972021,24.19616974],[121.1287428,24.19610191],[121.12720687,24.19677111],[121.12500218,24.19654088],[121.12373023,24.19615549],[121.12255033,24.19608738],[121.12019415,24.19688877],[121.11875116,24.19721096],[121.11683363,24.19721312],[121.11340914,24.19684552],[121.11131329,24.1977076],[121.10931847,24.19801747],[121.10741708,24.19781518],[121.10568219,24.19721416],[121.10434353,24.19603289],[121.10197115,24.19579524],[121.10143165,24.19488211],[121.10013054,24.19401979],[121.0990817,24.1936599],[121.09632723,24.19207065],[121.09440936,24.19014825],[121.09398476,24.18788563],[121.09106317,24.18481609],[121.09149263,24.18379241],[121.09134529,24.18272991],[121.09042641,24.18175259],[121.08888082,24.18057583],[121.08711806,24.17797626],[121.08487598,24.175923],[121.08374995,24.1756296],[121.08122821,24.17555],[121.08080881,24.17462067],[121.07964788,24.17379253],[121.07909866,24.17305371],[121.07791778,24.17224161],[121.07662954,24.17170722],[121.07542379,24.17034892],[121.07466236,24.16997273],[121.07241789,24.16986998],[121.07016115,24.16839252],[121.0698542,24.16755494],[121.06863346,24.16698834],[121.06739537,24.16577913],[121.06633438,24.16551542],[121.0655383,24.16387698],[121.06429524,24.16289725],[121.06310684,24.16325545],[121.06135181,24.16325113],[121.05929235,24.16267998],[121.05879864,24.16026347],[121.05794759,24.15923462],[121.05649457,24.15819487],[121.05551021,24.15708826],[121.05258826,24.15476744],[121.05174641,24.15548551],[121.05069573,24.15810361],[121.04927977,24.15876303],[121.04758384,24.16002448],[121.0464633,24.16005219],[121.0441421,24.1596611],[121.04290689,24.15861054],[121.04076712,24.15858927],[121.03810599,24.15819554],[121.03777857,24.15788786],[121.03576841,24.15307064],[121.03582196,24.15120053],[121.03559421,24.15076342],[121.03341552,24.14857908],[121.03148137,24.14898069],[121.03088814,24.14962645],[121.03135911,24.1525738],[121.03121825,24.15352674],[121.03008021,24.15505996],[121.02983371,24.15710177],[121.02821841,24.15921583],[121.0255867,24.15810838],[121.0233391,24.15795677],[121.02080506,24.1587881],[121.01988614,24.15886902],[121.01742252,24.15698565],[121.01550882,24.15600774],[121.01436084,24.15439349],[121.01335546,24.15352046],[121.01224621,24.15332541],[121.01210336,24.15215491],[121.0113232,24.15097291],[121.01059659,24.15047348],[121.00971304,24.14830519],[121.00900874,24.14737221],[121.00816737,24.14704021],[121.00773201,24.1456224],[121.00710592,24.14489566],[121.00753281,24.14361442],[121.00702959,24.14263284],[121.00688954,24.14114409],[121.00594678,24.13999881],[121.0058058,24.13909584],[121.00457377,24.1375987],[121.00415721,24.13560189],[121.00348783,24.13388498],[121.00272944,24.13312587],[121.00050419,24.13241064],[121.00004647,24.13117183],[121.00016342,24.12996828],[120.99975915,24.12815296],[120.99862182,24.12691318],[120.99789515,24.12665028],[120.99599126,24.12659474],[120.99368664,24.1256335],[120.99219545,24.12534189],[120.99160025,24.12420163],[120.99218338,24.12220165],[120.99188836,24.12086198],[120.98943561,24.11896094],[120.98859377,24.11886551],[120.98769573,24.11947981],[120.98600061,24.12011589],[120.98522095,24.12018594],[120.98370868,24.11916142],[120.98123076,24.11882915],[120.97909308,24.11826307],[120.97795011,24.11753769],[120.97645965,24.11692893],[120.97522037,24.11695455],[120.97444467,24.118922],[120.97341398,24.11961872],[120.97268207,24.11953486],[120.97095418,24.12028329],[120.96837089,24.12018495],[120.96704395,24.12029768],[120.96398907,24.11987921],[120.96213934,24.12029884],[120.96120767,24.12015257],[120.96007189,24.12088578],[120.95799994,24.12333397],[120.95707741,24.12415991],[120.95539108,24.12523431],[120.95425455,24.125492],[120.95264411,24.12684815],[120.95010718,24.12786245],[120.94944836,24.12753621],[120.94837945,24.12493991],[120.94451259,24.12285054],[120.94203335,24.12059048],[120.94121978,24.12007053],[120.93892349,24.11784298],[120.93747106,24.11718949],[120.93611923,24.11596753],[120.93495603,24.1152559],[120.93304729,24.11344237],[120.93255207,24.1125814],[120.93186039,24.11221408],[120.92919498,24.11209449],[120.92714382,24.11172504],[120.92526513,24.11052678],[120.92307858,24.10990826],[120.9212305,24.10875557],[120.91988031,24.10744156],[120.91930441,24.10734637],[120.91675281,24.10774919],[120.91455164,24.10757408],[120.91323398,24.10898195],[120.91121237,24.1087774],[120.90956095,24.10923068],[120.90709329,24.11072452],[120.9068626,24.1123414],[120.90488476,24.11448667],[120.90284104,24.1146899],[120.89991005,24.1155626],[120.89870228,24.11555745],[120.89695129,24.11627063],[120.89491059,24.1165232],[120.89359454,24.11603659],[120.89264512,24.11622745],[120.89104321,24.11563863],[120.89016736,24.1142096],[120.89024145,24.11354771],[120.89107774,24.11223099],[120.8920018,24.11161254],[120.89375487,24.11110848],[120.89420001,24.11034763],[120.89372717,24.10931166],[120.89372911,24.10844559],[120.89420104,24.1065548],[120.89126939,24.10241344],[120.89094601,24.10113918],[120.89153422,24.09869611],[120.89107459,24.09744337],[120.89004854,24.09664997],[120.8879415,24.09589427],[120.88678919,24.09583814],[120.8858712,24.09541005],[120.88544439,24.09475407],[120.8849495,24.09300945],[120.88299679,24.09046796],[120.88200413,24.08832548],[120.88031843,24.08857867],[120.88037517,24.0878807],[120.87980544,24.08732984],[120.87924947,24.08583832],[120.87817521,24.08579726],[120.87756382,24.08764791],[120.87685772,24.09119326],[120.87818851,24.09349902],[120.8782215,24.09530379],[120.87895944,24.09683223],[120.87901013,24.09798583],[120.87975879,24.09931183],[120.88148809,24.10050632],[120.88044666,24.1033279],[120.880892,24.10388018],[120.8801212,24.10436965],[120.88017697,24.10537857],[120.87930442,24.10593966],[120.87887072,24.10771691],[120.87916117,24.10921916],[120.87764409,24.10977211],[120.87516169,24.11297368],[120.87424628,24.11341613],[120.8738465,24.11531423],[120.87281639,24.11588333],[120.87256384,24.11669701],[120.86958619,24.11710597],[120.86886393,24.11760265],[120.86736155,24.11629249],[120.86551543,24.1154829],[120.86442827,24.11536923],[120.86366689,24.11575761],[120.86016806,24.11588686],[120.85847739,24.11625914],[120.85720968,24.11730064],[120.85694944,24.11973781],[120.856358,24.12003927],[120.85615261,24.1215475],[120.85528255,24.12231046],[120.85524031,24.12297528],[120.85446349,24.12352191],[120.85386735,24.124511],[120.85035121,24.12452316],[120.84889618,24.12386063],[120.84696512,24.1239967],[120.84626864,24.12438924],[120.84484606,24.12452807],[120.842989,24.12305317],[120.84210977,24.121319],[120.84212068,24.12068389],[120.84048609,24.12021967],[120.83950937,24.11919479],[120.83860923,24.1190329],[120.83768992,24.11779468],[120.83627239,24.11695132],[120.83554772,24.1143932],[120.8344672,24.11293705],[120.83453508,24.11056213],[120.83407692,24.10956283],[120.83455132,24.10849247],[120.83450235,24.10761469],[120.83382723,24.10630074],[120.83209124,24.10420773],[120.8309004,24.10355542],[120.83031433,24.10213263],[120.8316181,24.10098452],[120.83245816,24.09940877],[120.83243492,24.09826355],[120.83162707,24.09689462],[120.82990096,24.09495863],[120.82852286,24.09448754],[120.82831242,24.09289877],[120.82855459,24.09045998],[120.8281281,24.08897939],[120.82808283,24.08689958],[120.82890684,24.08355577],[120.82849125,24.08222684],[120.82853999,24.07918001],[120.82825597,24.07816693],[120.82836587,24.07688199],[120.82911564,24.07416669],[120.82904142,24.07332622],[120.8294316,24.07226589],[120.82929646,24.07150995],[120.82688345,24.07115854],[120.82615699,24.07125574],[120.82371474,24.07069954],[120.8224282,24.06982232],[120.82047284,24.06967232],[120.8192432,24.06846584],[120.81634738,24.06846396],[120.81555107,24.06894078],[120.81498049,24.0698354],[120.8141314,24.06957077],[120.81368424,24.06854905],[120.81249313,24.06762661],[120.81177329,24.06600974],[120.80921222,24.06626106],[120.80798704,24.06537119],[120.80697334,24.06422394],[120.80727093,24.06302046],[120.80666415,24.06107544],[120.80627998,24.06043565],[120.80487993,24.05914465],[120.80430407,24.05727208],[120.80326902,24.05617298],[120.80354677,24.05549534],[120.80328524,24.05452298],[120.80368296,24.05354147],[120.80345305,24.05248081],[120.8026178,24.05165683],[120.80106936,24.05145268],[120.80139977,24.05044914],[120.80065014,24.04864829],[120.79921343,24.04668483],[120.79887429,24.04588011],[120.79702669,24.04367591],[120.796712,24.04223344],[120.79748715,24.04183813],[120.79724781,24.04094157],[120.79577859,24.03998889],[120.79463328,24.03859915],[120.79419504,24.03754546],[120.79347544,24.03721385],[120.79169093,24.03526272],[120.791587,24.03345081],[120.79284616,24.03239306],[120.79180223,24.03185816],[120.7915367,24.03067443],[120.79048322,24.03068791],[120.78946661,24.03122851],[120.78888637,24.03064253],[120.78755114,24.03034303],[120.78688721,24.02957136],[120.78547991,24.02867089],[120.78556634,24.02768155],[120.78478103,24.02761079],[120.78501201,24.02557883],[120.78428773,24.02407321],[120.78312227,24.02477748],[120.78291944,24.02367479],[120.78154727,24.02232338],[120.7797524,24.02110944],[120.77975819,24.02026519],[120.77811416,24.01951521],[120.77612219,24.01920384],[120.77512798,24.01846521],[120.77349517,24.01593592],[120.77229676,24.01471338],[120.77143484,24.01441789],[120.77110849,24.01347367],[120.77130107,24.0125262],[120.77109027,24.01134042],[120.77044393,24.01077648],[120.77097165,24.00957749],[120.77055928,24.00907492],[120.7684677,24.00920729],[120.76749616,24.00904768],[120.76670023,24.00832761],[120.76560308,24.00797757],[120.76448299,24.00709667],[120.76267158,24.00625798],[120.76093241,24.00616644],[120.76001183,24.00647123],[120.75778161,24.00586974],[120.75762356,24.00501137],[120.75613985,24.00447732],[120.75589247,24.00353239],[120.75442444,24.00332244],[120.75420402,24.00263981],[120.75313753,24.00234057],[120.75109476,24.00285531],[120.749668,24.00157807],[120.7487383,24.00101136],[120.74759989,23.99915012],[120.74603375,23.99856282],[120.74544059,23.99915281],[120.74364592,24.00217085],[120.73312397,24.00839396],[120.73172731,24.00900508],[120.72291541,24.00962302],[120.71923738,24.00966062],[120.70944969,24.00623129],[120.70637791,24.00519334],[120.69487763,24.00712024],[120.68884067,24.00927382],[120.68599099,24.01047398],[120.68311422,24.01206479],[120.67875761,24.01422472],[120.67864076,24.01403333],[120.6774047,24.01207923],[120.67625857,24.01085227],[120.67456454,24.0104564],[120.67425456,24.01083442],[120.67303376,24.01026339],[120.67063844,24.01062546],[120.67104589,24.00986673],[120.67307882,24.00876995],[120.67371467,24.00772803],[120.67257579,24.00584918],[120.67124551,24.0065759],[120.67035884,24.00628883],[120.6694788,24.00666383],[120.66757867,24.00691129],[120.66614941,24.00774676],[120.66140345,24.00831649],[120.65083112,24.00849051],[120.64947941,24.00808318],[120.6489192,24.00837188],[120.64731364,24.00842298],[120.64637023,24.00912165],[120.64455479,24.00889618],[120.64327759,24.00834502],[120.64244677,24.0089451],[120.64153175,24.00814666],[120.64034186,24.00573194],[120.6384839,24.00738649],[120.63808866,24.00740619],[120.63822999,24.0040941],[120.63784271,24.00256263],[120.63710454,24.00101004],[120.63611104,23.99841393],[120.63634787,23.99550122],[120.63750417,23.99374082],[120.640866,23.99218251],[120.64355253,23.99081324],[120.64532005,23.98961926],[120.64730433,23.98754163],[120.64941612,23.98574581],[120.65008684,23.98492316],[120.65004198,23.98294581],[120.64859375,23.97970104],[120.64682521,23.97537679],[120.64630336,23.97297523],[120.64694402,23.97162906],[120.64679107,23.97034612],[120.64686173,23.96693512],[120.64658769,23.96503769],[120.64684666,23.96337944],[120.64471484,23.96252358],[120.64421774,23.96208322],[120.6428514,23.9595196],[120.64265277,23.95827397],[120.64033606,23.95616424],[120.63956477,23.9551421],[120.63836345,23.95427182],[120.63673883,23.95269763],[120.63525805,23.95238346],[120.63504481,23.95321182],[120.63414022,23.95417441],[120.63271419,23.95507896],[120.63148095,23.95559924],[120.630965,23.95635051],[120.63020391,23.9560748],[120.62764158,23.95654839],[120.62777167,23.95585039],[120.62948701,23.95530318],[120.63088962,23.95445216],[120.63161582,23.95477956],[120.63277683,23.95439481],[120.63383914,23.95336699],[120.63286832,23.95299555],[120.63120776,23.95341188],[120.63054579,23.95260922],[120.62937597,23.95212508],[120.62817901,23.95267858],[120.62756474,23.95202276],[120.62898152,23.94982998],[120.63272427,23.94599058],[120.63305923,23.945387],[120.63459699,23.94379631],[120.63335962,23.94288387],[120.63170407,23.94377679],[120.63069062,23.94389465],[120.63014938,23.94305651],[120.63271801,23.94118506],[120.63384976,23.93956287],[120.63529211,23.93874714],[120.63685824,23.93711202],[120.63631903,23.93631153],[120.63571718,23.93725058],[120.63380751,23.93588426],[120.63277043,23.93564699],[120.63270172,23.93417626],[120.63213245,23.93287685],[120.63093627,23.93215175],[120.63040137,23.93259475],[120.62975655,23.93121],[120.62849193,23.93137108],[120.62786509,23.93083288],[120.6284989,23.93016454],[120.62975967,23.92946782],[120.6309766,23.92934085],[120.63123501,23.92879415],[120.63274468,23.92839595],[120.63421015,23.92662861],[120.63549441,23.92624556],[120.63589666,23.92544432],[120.63725897,23.9245631],[120.63693797,23.92345826],[120.63724126,23.92189875],[120.6359411,23.92155601],[120.63574463,23.92113184],[120.636575,23.91996914],[120.6348107,23.91993079],[120.63455203,23.91849851],[120.63488962,23.91775612],[120.63358467,23.91631798],[120.63337383,23.91523199],[120.63408606,23.91456719],[120.63429823,23.91325254],[120.63305263,23.9142034],[120.63296495,23.91332019],[120.63345773,23.91300446],[120.63333029,23.91167294],[120.63214652,23.91068397],[120.62980704,23.91118137],[120.62984037,23.91036592],[120.6317661,23.9104486],[120.63260113,23.9092391],[120.63184069,23.90841281],[120.63358007,23.90803791],[120.63354244,23.9066283],[120.63235203,23.90642891],[120.63216853,23.90529902],[120.63302586,23.90421451],[120.63207951,23.90335828],[120.63348474,23.90263908],[120.63466265,23.90080616],[120.63370717,23.90037582],[120.63505865,23.89860122],[120.634122,23.89672816],[120.63293476,23.89672448],[120.63313572,23.89557737],[120.63417325,23.89524109],[120.6343622,23.89341638],[120.63313487,23.89319817],[120.63234711,23.89204903],[120.63404145,23.8919061],[120.63226243,23.89042776],[120.63196998,23.88941637],[120.63046395,23.8898117],[120.62951812,23.88942704],[120.62915689,23.88790792],[120.62952981,23.88688337],[120.62895564,23.88570235],[120.62958892,23.88481198],[120.62863194,23.88419571],[120.62819111,23.88344875],[120.62752394,23.88358467],[120.62701565,23.88234601],[120.62667461,23.87942083],[120.62481884,23.87711455],[120.62495868,23.87615867],[120.62576034,23.87524693],[120.62580102,23.8734669],[120.62508897,23.87209165],[120.62434149,23.8714248],[120.62324767,23.86941612],[120.62178733,23.86970766],[120.62139912,23.86877093],[120.62048643,23.86881247],[120.62059118,23.86795633],[120.62012991,23.86570648],[120.6205188,23.86509122],[120.62060258,23.86371784],[120.62195243,23.86355751],[120.62248795,23.86254247],[120.62354167,23.86197039],[120.62281718,23.86055668],[120.6234232,23.85998412],[120.6244733,23.8597275],[120.62427606,23.85911346],[120.62486181,23.85847099],[120.62643359,23.85859766],[120.62720436,23.85665709],[120.62607071,23.8557773],[120.62646929,23.85511495],[120.62561621,23.85197311],[120.62442429,23.85200551],[120.62486158,23.85107229],[120.62367304,23.85016637],[120.62350452,23.8489913],[120.62270277,23.84870665],[120.62138034,23.84939224],[120.62096872,23.84850494],[120.62292214,23.8479948],[120.62366596,23.84727693],[120.6233014,23.84672473],[120.62241603,23.84682516],[120.62124484,23.84564026],[120.62132324,23.8445849],[120.62028462,23.844217],[120.61963843,23.84347575],[120.61960566,23.84264567],[120.61886486,23.84168699],[120.61749524,23.84123462],[120.61607021,23.84118841],[120.61680829,23.84005893],[120.61633358,23.83942124],[120.61773838,23.83839764],[120.61832382,23.83897174],[120.61860199,23.84049216],[120.6211159,23.84174883],[120.62213206,23.84085427],[120.62093118,23.84021192],[120.62086632,23.83945308],[120.62240709,23.83995281],[120.62396652,23.83968068],[120.62446884,23.84059572],[120.62601995,23.84191528],[120.6265002,23.83988562],[120.62706589,23.83973849],[120.62834798,23.83789201],[120.62740599,23.83762922],[120.62555593,23.83765504],[120.62583146,23.83686021],[120.62835887,23.83707089],[120.62992352,23.83735715],[120.62995474,23.83686275],[120.62826658,23.83582482],[120.63007207,23.835876],[120.63105277,23.83564666],[120.63014205,23.83464753],[120.63323843,23.8345154],[120.63346503,23.83388046],[120.63051153,23.83293604],[120.62875354,23.83214271],[120.62777564,23.83192597],[120.62657858,23.83204164],[120.62493735,23.83189563],[120.62395603,23.83148968],[120.62380365,23.83069456],[120.62294197,23.83026281],[120.62373465,23.82935208],[120.62430016,23.82942971],[120.62748811,23.83130349],[120.62812513,23.83120878],[120.63050651,23.83243036],[120.63132722,23.83164675],[120.6332316,23.8328978],[120.63452131,23.83319225],[120.63692619,23.83286498],[120.63720008,23.83218097],[120.63604093,23.83164711],[120.63676508,23.83006546],[120.63817934,23.82891944],[120.63606271,23.82788842],[120.63747395,23.82732395],[120.63882124,23.82759951],[120.63919093,23.82675141],[120.63866706,23.82592765],[120.63990821,23.82575466],[120.6398318,23.82505065],[120.63794851,23.82538158],[120.63701633,23.82585626],[120.63634576,23.82554128],[120.63690188,23.82474463],[120.63919042,23.8245181],[120.63858262,23.82399277],[120.6387337,23.82263496],[120.64027502,23.82157753],[120.6400201,23.82029865],[120.64068676,23.82022574],[120.64251165,23.81931153],[120.64458214,23.81755319],[120.64656049,23.81725535],[120.64874799,23.81605621],[120.6500594,23.81436435],[120.65069533,23.81271909],[120.65192455,23.81245894],[120.65332097,23.81279215],[120.6555998,23.81281284],[120.65728378,23.81361726],[120.65864897,23.81452821],[120.66040929,23.81462782],[120.66243977,23.81537646],[120.66370957,23.81540196],[120.66504483,23.81503884],[120.66472712,23.81631218],[120.66758142,23.81660263],[120.66797751,23.8173475],[120.66993082,23.81852356],[120.67136423,23.81871306],[120.67178532,23.81936864],[120.67266843,23.81921335],[120.67347376,23.81978654],[120.67453063,23.82004586],[120.67634935,23.81928903],[120.67779047,23.81736022],[120.67881376,23.81629687],[120.67797452,23.81407831],[120.6785091,23.81115007],[120.67840982,23.80839987],[120.67897881,23.80594538],[120.67977378,23.80575331],[120.68249399,23.80607277],[120.68340832,23.80542024],[120.68390313,23.80335888],[120.68389082,23.80135462],[120.68142742,23.801686],[120.67989879,23.80162291],[120.67836763,23.80112556],[120.67510043,23.7998031],[120.67392794,23.79908971],[120.67303077,23.79818967],[120.66965093,23.79612108],[120.66875409,23.79516432],[120.66663687,23.79357229],[120.66416483,23.79228942],[120.66237913,23.79172544],[120.65813142,23.79104308],[120.65357639,23.7894467],[120.6521042,23.78908261],[120.64661304,23.78713833],[120.64467384,23.78680191],[120.642536,23.78574655],[120.64154253,23.78562444],[120.64036777,23.7860509],[120.64171035,23.78294394],[120.64242758,23.78170115],[120.64433042,23.77932667],[120.64593391,23.77694442],[120.64758079,23.774868],[120.64849997,23.77321607],[120.64988003,23.7696156],[120.65553769,23.75547188],[120.6559673,23.75376441],[120.65462451,23.74831323],[120.65461204,23.74517068],[120.65435655,23.74208058],[120.65446332,23.73979241],[120.65528725,23.73761639],[120.65583779,23.73512146],[120.65542581,23.73451806],[120.65438204,23.73452082],[120.65196866,23.73578413],[120.65089272,23.73617129],[120.64994212,23.73571038],[120.64860278,23.73572929],[120.64785726,23.73604056],[120.64578952,23.73590597],[120.64462027,23.7366523],[120.64393984,23.73554291],[120.64344072,23.73327331],[120.64206344,23.73064485],[120.64155447,23.73038109],[120.64026906,23.73081875],[120.6398389,23.72901958],[120.64014354,23.72767231],[120.63973507,23.72662361],[120.64035626,23.72499737],[120.6413534,23.72432228],[120.64092899,23.72366719],[120.64167804,23.72228342],[120.6412333,23.72175006],[120.64099448,23.7203509],[120.64045829,23.71959268],[120.64073213,23.71757941],[120.64017699,23.71624276],[120.64042955,23.71525594],[120.63973248,23.7145037],[120.64070116,23.71424529],[120.64051711,23.71310724],[120.63967027,23.71211218],[120.63901365,23.71055743],[120.64002342,23.71030068],[120.64025525,23.70979199],[120.63971286,23.708779],[120.6403878,23.70823122],[120.64148695,23.70552637],[120.64287516,23.70538685],[120.6443108,23.70413284],[120.64512292,23.70391945],[120.64566808,23.70320707],[120.64528416,23.70192539],[120.64419036,23.70102817],[120.64344373,23.69983135],[120.64457038,23.69732549],[120.64569892,23.6959042],[120.6454414,23.6953574],[120.64604443,23.69340108],[120.64650017,23.69308053],[120.64659302,23.69173845],[120.64600893,23.69118055],[120.64551258,23.69007773],[120.64590026,23.68922735],[120.64557652,23.6885579],[120.645708,23.68721347],[120.64682429,23.68690819],[120.64701408,23.6862668],[120.64625066,23.68490739],[120.64675056,23.68410619],[120.6482619,23.68291722],[120.64770237,23.68208175],[120.64801244,23.68101238],[120.64700644,23.67906944],[120.64697291,23.67826661],[120.64615281,23.67733624],[120.64647948,23.67566583],[120.6460474,23.67503207],[120.64696364,23.67432901],[120.64705879,23.67323784],[120.64676872,23.67251489],[120.64509234,23.67180578],[120.64415823,23.66875794],[120.64438898,23.66760815],[120.64293009,23.66624068],[120.64197841,23.66604988],[120.64056701,23.66438285],[120.64000517,23.66093679],[120.63928449,23.66067683],[120.63847768,23.6596058],[120.63800545,23.65815938],[120.63680451,23.65658156],[120.63697468,23.65560955],[120.63601628,23.65305887],[120.6349671,23.65157464],[120.6353003,23.65066873],[120.63509394,23.6497125],[120.63605695,23.64874237],[120.63604219,23.64814818],[120.6348276,23.64708016],[120.63500344,23.64621137],[120.63467785,23.64544693],[120.63525993,23.64431132],[120.6352843,23.64313414],[120.63471158,23.64214308],[120.63355719,23.64109246],[120.63198916,23.64038356],[120.63164144,23.6387937],[120.63026671,23.63713613],[120.63013726,23.63653951],[120.62907321,23.63516642],[120.63000975,23.6338712],[120.629974,23.63195916],[120.62874614,23.62978025],[120.62989278,23.62743985],[120.63013853,23.62545372],[120.63057051,23.62428953],[120.63044514,23.62315036],[120.63101529,23.62174163],[120.63175407,23.62126914],[120.63353868,23.61921611],[120.63430179,23.61928454],[120.63540885,23.61988086],[120.6378007,23.62300863],[120.63873185,23.62474342],[120.63971865,23.6254273],[120.64072551,23.62571287],[120.64297208,23.62816133],[120.64386816,23.62824908],[120.64513228,23.63098623],[120.64668119,23.63100845],[120.64908375,23.62983896],[120.65146798,23.62989702],[120.6530005,23.62950764],[120.65360578,23.62876267],[120.65312913,23.62724824],[120.65303251,23.62580455],[120.65257219,23.62476587],[120.65244707,23.62259989],[120.65292068,23.62186662],[120.65231396,23.61922913],[120.65139013,23.61619764],[120.65355916,23.61576401],[120.65866742,23.61357603],[120.66003824,23.61136259],[120.66120083,23.61047219],[120.66258349,23.61067067],[120.66366,23.61116972],[120.66450939,23.61112095],[120.66718632,23.61007118],[120.66789818,23.60941492],[120.66913364,23.6093429],[120.67269106,23.60973679],[120.6736654,23.61016935],[120.67521483,23.61022086],[120.67777629,23.61105105],[120.6809423,23.61102781],[120.6822897,23.61080655],[120.68358756,23.61087652],[120.68540023,23.61267481],[120.6855907,23.61646693],[120.68607215,23.61717037],[120.68605571,23.61821133],[120.68828599,23.61899582],[120.68924559,23.61952689],[120.69154075,23.62039153],[120.69277591,23.61996625],[120.69467946,23.62029697],[120.69679412,23.62001303],[120.69791415,23.61907653],[120.69955299,23.618793],[120.7008727,23.61824836],[120.70177869,23.61753443],[120.70502677,23.61726994],[120.70688168,23.6186897],[120.70806341,23.61851083],[120.71028518,23.6191642],[120.71210269,23.62016862],[120.71406951,23.62101842],[120.71415079,23.62280916],[120.71345712,23.62561415],[120.71304391,23.62781295],[120.71409392,23.62863548],[120.71605274,23.6295312],[120.71754269,23.62958153],[120.71860755,23.62989584],[120.71973052,23.62825547],[120.72042733,23.62626256],[120.72191742,23.62457143],[120.72270731,23.62303512],[120.72382285,23.62190534],[120.72532216,23.62182001],[120.72585092,23.62145145],[120.72693663,23.61996703],[120.72819095,23.61975679],[120.73034176,23.61856361],[120.73076745,23.61808107],[120.73059307,23.6166849],[120.73129434,23.61436764],[120.73119983,23.61174861],[120.73086329,23.61080836],[120.7345388,23.61007517],[120.73585739,23.60954822],[120.73771987,23.60967884],[120.73901429,23.61014305],[120.74029152,23.61111313],[120.74106534,23.61207944],[120.74175072,23.61243277],[120.74438694,23.61266695],[120.74635371,23.612479],[120.74747909,23.61116519],[120.74900484,23.61201628],[120.75047118,23.61406746],[120.75145513,23.61463595],[120.75293516,23.61484924],[120.75431153,23.61464031],[120.75538251,23.61417005],[120.7580798,23.61248939],[120.76219478,23.61232882],[120.76326136,23.61251769],[120.76428142,23.61223882],[120.76689869,23.60976527],[120.76762668,23.60957166],[120.76963087,23.60807748],[120.76964568,23.60693354],[120.77021898,23.60596397],[120.77327941,23.60565545],[120.77457483,23.60520655],[120.77675052,23.60383342],[120.77732749,23.60267545],[120.77831043,23.60203426],[120.77956887,23.60160662],[120.78374269,23.60071652],[120.78744983,23.60127179],[120.79087068,23.60094535],[120.7914492,23.60062325],[120.79413651,23.59824201],[120.7949161,23.59724905],[120.79628439,23.59716587],[120.7980734,23.59744528],[120.79953756,23.59717437],[120.8010908,23.59662628],[120.80353086,23.59670377],[120.80404068,23.59765741],[120.80512343,23.59861842],[120.80641323,23.59876873],[120.80775746,23.59852998],[120.80979047,23.59868913],[120.81125816,23.6001358],[120.81390265,23.60095176],[120.81615781,23.59996115],[120.81762813,23.59960169],[120.8183148,23.5990607],[120.81861133,23.59824307],[120.81712107,23.59634102],[120.81686985,23.59560321],[120.81766034,23.59432357],[120.81866946,23.59371531],[120.81894932,23.59238662],[120.81988464,23.59043917],[120.82069114,23.58953789],[120.82202294,23.58861681],[120.82370416,23.58716035],[120.82538792,23.58653869],[120.82462724,23.58531841],[120.82469105,23.58420361],[120.8237048,23.58411692],[120.82295352,23.58351584],[120.82227542,23.58241228],[120.82176947,23.58224397],[120.8213158,23.58125446],[120.82163598,23.58011372],[120.82123055,23.57942681],[120.82031992,23.5788101],[120.81986766,23.57746051],[120.81957348,23.57486971],[120.82045363,23.57284903],[120.82169182,23.57149934],[120.82189665,23.57091164],[120.82107735,23.57001947],[120.82143667,23.56947722],[120.82146524,23.56823639],[120.81992285,23.56451839],[120.82008373,23.56339645],[120.82067633,23.56262192],[120.81904181,23.5605073],[120.81829179,23.56027085],[120.8178112,23.55940525],[120.81666354,23.55855982],[120.81588078,23.55736939],[120.81502336,23.55700478],[120.8140047,23.55600073],[120.81458817,23.55467354],[120.81590194,23.55366773],[120.81586292,23.55311053],[120.81462184,23.55180666],[120.81149315,23.55105605],[120.81128666,23.54942827],[120.80998805,23.54787753],[120.80993242,23.54704872],[120.8088318,23.54586157],[120.80817577,23.54213483],[120.80847506,23.54085694],[120.80832344,23.53930108],[120.80896837,23.53761102],[120.80861015,23.53618708],[120.80989521,23.53543163],[120.81095038,23.53450047],[120.81250347,23.53252962],[120.81419385,23.5297982],[120.81439578,23.52903203],[120.81718643,23.52539624],[120.81813516,23.52346236],[120.81964032,23.52225061],[120.82038805,23.52126214],[120.81911294,23.51953544],[120.81976839,23.51749812],[120.819555,23.51558243],[120.81987095,23.51453407],[120.82151549,23.51267889],[120.82280183,23.51174631],[120.8231772,23.51094294],[120.82279479,23.50904138],[120.82316933,23.50728654],[120.82394982,23.50580571],[120.82406205,23.50413082],[120.82353111,23.50123185],[120.82295363,23.4999286],[120.8228198,23.49891949],[120.82373758,23.49698599],[120.82463343,23.496608],[120.82544394,23.49482261],[120.82545843,23.49180218],[120.82530319,23.4897108],[120.82618035,23.48851524],[120.82707494,23.48338279],[120.82823083,23.48185921],[120.82989499,23.48072961],[120.83165141,23.47766313],[120.83210527,23.47581345],[120.83264215,23.47473266],[120.83489684,23.47370012],[120.83599822,23.47255812],[120.83897233,23.47121982],[120.83971601,23.47147438],[120.84146198,23.47291887],[120.84254991,23.47326988],[120.84408462,23.47281167],[120.84656828,23.47307974],[120.84874154,23.4721555],[120.84991421,23.47219811],[120.85299309,23.47314881],[120.85622357,23.47342544],[120.85812573,23.47284769],[120.86242889,23.47350112],[120.86358298,23.47347419],[120.8657598,23.47245078],[120.86668908,23.472299],[120.86833879,23.47062631],[120.87115487,23.46960727],[120.87309485,23.46852801],[120.87653002,23.46781703],[120.88079741,23.46764249],[120.88189915,23.46828966],[120.8820585,23.47001331],[120.88319857,23.47215735],[120.88413865,23.47314149],[120.88426908,23.47430882],[120.88617748,23.47537305],[120.88714193,23.47560495],[120.891797,23.47567785],[120.89461461,23.47554379],[120.89603252,23.47586649],[120.89831334,23.47580774],[120.89962359,23.47536769],[120.90086417,23.47592857],[120.90195244,23.47608124],[120.90667884,23.47603816],[120.90805417,23.47582229],[120.91021171,23.47623011],[120.91134344,23.4760573],[120.91464425,23.47470872],[120.91542461,23.4746797],[120.91748288,23.47569315],[120.91920096,23.47485734],[120.9207113,23.47495365],[120.92355312,23.47369704],[120.92523705,23.47313017],[120.92649558,23.47296049],[120.92882307,23.47173917],[120.93007002,23.47143411],[120.93078478,23.47070315],[120.9323811,23.47113132],[120.9339423,23.47277674],[120.93464996,23.47311349],[120.93671193,23.47318298],[120.93795449,23.47292613],[120.93932733,23.47213288],[120.94158459,23.46983758],[120.94255096,23.46915435],[120.94518943,23.46775948],[120.94657254,23.46761811],[120.94751878,23.46712333],[120.94912299,23.46758568],[120.95129278,23.46752981],[120.9525697,23.46785794],[120.95395051,23.46875663],[120.95525202,23.46926586],[120.95687988,23.46962224],[120.9575149,23.46950277],[120.95887519,23.46965276],[120.96138706,23.47076714],[120.96521722,23.47070141],[120.9667061,23.47169976],[120.96781934,23.4715255],[120.96926342,23.47058146],[120.97063152,23.46904243],[120.97183124,23.46916881],[120.97650144,23.46900366],[120.97906584,23.46937487],[120.98053732,23.46921452],[120.98219662,23.4684875],[120.98355011,23.46702431],[120.98460176,23.46656982],[120.98639092,23.46630868],[120.98981223,23.46498954],[120.99101276,23.46486517],[120.99396291,23.46377172],[120.99662157,23.46336275],[120.99878889,23.46237964],[120.99969284,23.46216731],[121.00146911,23.46259805],[121.0038145,23.46295639],[121.00712206,23.46288357],[121.00846108,23.46208625],[121.00889479,23.46132194],[121.01042781,23.45959947],[121.0117182,23.4571712],[121.0131951,23.45566705],[121.01464972,23.45464965],[121.01525594,23.45359752],[121.01536004,23.45260763],[121.0158546,23.45160886],[121.01556527,23.45054061],[121.01435425,23.44921305],[121.01286688,23.44875686],[121.01062472,23.44649553],[121.01047435,23.44606755],[121.01037182,23.44336941],[121.01058099,23.44124427],[121.01219812,23.43941083],[121.01414116,23.43792486],[121.01526824,23.43541038],[121.01667131,23.43553425],[121.01851409,23.43595116],[121.01957621,23.43643137],[121.02111905,23.43764095],[121.02189076,23.43888382],[121.02404048,23.43917469],[121.02651933,23.439153],[121.02766361,23.44015861],[121.02865985,23.44160768],[121.03142143,23.44221217],[121.03273433,23.44299244],[121.03376175,23.44417661],[121.03352826,23.44543983],[121.03495344,23.4460599],[121.03754044,23.44645738],[121.03928486,23.44764337],[121.04076004,23.44823585],[121.04396407,23.44895695],[121.04577372,23.45052906],[121.04646464,23.45087203],[121.04959392,23.45091289],[121.05158044,23.45076234],[121.05206441,23.45101228],[121.05333937,23.45345484],[121.05324121,23.45543868],[121.05566701,23.45902746],[121.05627899,23.45947412],[121.05814788,23.46004072],[121.05900487,23.46188676],[121.05758917,23.46239162],[121.05566057,23.46269344],[121.0538138,23.46382809],[121.05221753,23.46396052],[121.05112599,23.46448739],[121.0497823,23.46705173],[121.04965239,23.46783287],[121.0462595,23.46920286],[121.04441136,23.47012161],[121.04362342,23.4711243],[121.0424688,23.47195446],[121.03896604,23.47372886],[121.0390073,23.47443337],[121.04156601,23.47688306],[121.04308764,23.47804809],[121.04497003,23.4805403],[121.0469229,23.48140001],[121.04755228,23.48227127],[121.04873154,23.48270809],[121.04974538,23.48512448],[121.05011658,23.48652966],[121.0508227,23.48688401],[121.05206479,23.48698532],[121.05333403,23.48748588],[121.05388248,23.48855038],[121.05414891,23.48989642],[121.05394459,23.490717],[121.05279389,23.49356495],[121.05409684,23.49560332],[121.05485582,23.49605379],[121.05724523,23.49618796],[121.05843998,23.49738527],[121.06208057,23.49943019],[121.06287941,23.50154567],[121.06298117,23.50383732],[121.06378542,23.50473942],[121.06602254,23.50611889],[121.06609896,23.5079669],[121.06692293,23.51004798],[121.06792429,23.51195518],[121.06829671,23.51379988],[121.06876004,23.51476709],[121.06876832,23.51684921],[121.06852242,23.51847519],[121.07312557,23.51747025],[121.075026,23.51741413],[121.07867398,23.51641638],[121.08021253,23.51548996],[121.08141445,23.51533883],[121.08275773,23.5147034],[121.08572579,23.51447935],[121.08810529,23.51404591],[121.09046325,23.51458674],[121.09164774,23.51443776],[121.09209869,23.51484183],[121.09311198,23.51755323],[121.09435347,23.51864315],[121.09585064,23.52045343],[121.09757409,23.52169012],[121.09835905,23.52133259],[121.10102323,23.52124485],[121.10222355,23.51968484],[121.1036742,23.51893018],[121.1057904,23.51902393],[121.10671645,23.51942993],[121.1096228,23.51900238],[121.11548859,23.52023341],[121.11689733,23.52152518],[121.11806123,23.52162022],[121.12045215,23.52099506],[121.12233625,23.51984127],[121.12635111,23.51704694],[121.12678623,23.51716667],[121.12826713,23.51848594],[121.12878942,23.51849779],[121.1311284,23.5174843],[121.13225507,23.51510581],[121.13292438,23.51483296],[121.13513528,23.51493318],[121.1355702,23.51524581],[121.13627941,23.51730628],[121.13721536,23.51897421],[121.13833545,23.5205917],[121.13980659,23.52187412],[121.14097244,23.52253166],[121.14295084,23.52400497],[121.14439938,23.52559507],[121.14695479,23.52719268],[121.14808185,23.52685343],[121.1495019,23.52706782],[121.1506316,23.52654712],[121.15110355,23.52725013],[121.1507564,23.52881162],[121.1491047,23.53164236],[121.14824549,23.53279246],[121.14687619,23.53410531],[121.14792721,23.53535525],[121.14830687,23.53634299],[121.14852514,23.53971906],[121.14901468,23.54027741],[121.15009905,23.54321532],[121.1510433,23.54436872],[121.15086789,23.54577871],[121.14956841,23.54892984],[121.14895696,23.54979106],[121.14821346,23.55203574],[121.14765687,23.55294273],[121.14623329,23.55419715],[121.14634259,23.55487451],[121.14803011,23.55657595],[121.14995329,23.55734846],[121.15079629,23.55868735],[121.15118843,23.55985542],[121.1520416,23.56053264],[121.15334544,23.55988967],[121.15553005,23.559995],[121.15714306,23.55955543],[121.15763785,23.56089086],[121.15801716,23.56404848],[121.16034103,23.5678277],[121.16035189,23.56976357],[121.1582954,23.56984211],[121.1571492,23.57048861],[121.15511288,23.57086295],[121.15343385,23.57167029],[121.15215026,23.57315864],[121.15191651,23.57390604],[121.15194447,23.57693158],[121.15220165,23.57790481],[121.15196675,23.57903819],[121.15198448,23.58126887],[121.15239498,23.58410706],[121.15339214,23.58677789],[121.15500204,23.58677715],[121.15557032,23.58705095],[121.15737775,23.58591234],[121.1595902,23.58626268],[121.16050981,23.58703474],[121.16243969,23.58690761],[121.1646824,23.58720185],[121.16674659,23.58714163],[121.16940935,23.58657448],[121.17035188,23.58588662],[121.17108432,23.58443734],[121.17162273,23.58412802],[121.17321621,23.58411047],[121.17537808,23.58372386],[121.17717038,23.58261918],[121.17823834,23.58268563],[121.17882755,23.58312129],[121.17909738,23.5851841],[121.18000669,23.58745736],[121.17982727,23.59008717],[121.1810071,23.59027106],[121.18230993,23.59122998],[121.18298679,23.59272567],[121.1836183,23.59320969],[121.18585083,23.59368981],[121.18713948,23.59428082],[121.18940929,23.59481155],[121.18981702,23.59647225],[121.19092978,23.59794344],[121.19196356,23.59859879],[121.19365828,23.60033543],[121.19456167,23.60052371],[121.19683803,23.59851519],[121.19823815,23.59779588],[121.20012557,23.59640143],[121.20172842,23.59678595],[121.20276295,23.59610956],[121.20622953,23.59578692],[121.20680659,23.59613279],[121.20812555,23.59824143],[121.21001973,23.5986301],[121.21312105,23.60008245],[121.21355475,23.60064858],[121.21404867,23.6023777],[121.21414503,23.60368798],[121.21472561,23.60548207],[121.21594392,23.60726716],[121.21644167,23.60914333],[121.21652569,23.61074761],[121.21710829,23.61260834],[121.21732288,23.61469605],[121.21995501,23.61692588],[121.2208729,23.6192233],[121.2222639,23.62154722],[121.22321034,23.62248474],[121.22379927,23.62358272],[121.2240938,23.6250461],[121.2247296,23.62681758],[121.22499029,23.62877008],[121.22480495,23.63042977],[121.22435878,23.63138221],[121.22400991,23.63293042],[121.22426355,23.63913089],[121.22515509,23.64009784],[121.22614443,23.64191099],[121.22771496,23.64518273],[121.2290378,23.64643316],[121.23024859,23.64798599],[121.23045592,23.65018976],[121.23117675,23.65135246],[121.2306873,23.65354484],[121.23166681,23.65523217],[121.23192683,23.65787801],[121.23416122,23.66050782],[121.23542377,23.66140674],[121.23583873,23.66251976],[121.23602177,23.66466707],[121.23600889,23.67050491],[121.23562385,23.67177263],[121.23461717,23.67383863],[121.23364579,23.67485796],[121.23263488,23.67629263],[121.2324044,23.67703994],[121.23269792,23.67805141],[121.23367982,23.67932091],[121.23427885,23.68095822],[121.23599974,23.68234134],[121.23738731,23.68510719],[121.23932112,23.68674378],[121.2394645,23.68839504],[121.23925209,23.69191559],[121.23936979,23.69468472],[121.24016725,23.69698865],[121.2412119,23.69846302],[121.23935358,23.69978013],[121.23932301,23.70018856],[121.24042016,23.70267065],[121.24111513,23.70580621],[121.24117217,23.70900521],[121.24091471,23.70950284],[121.23978744,23.71013476],[121.23926531,23.71096249],[121.23883609,23.71285743],[121.23890407,23.71394067],[121.23955945,23.71541705],[121.23929268,23.71701617],[121.2378178,23.7198506],[121.23781204,23.72031874],[121.23880659,23.72314949],[121.23946795,23.72405679],[121.23621048,23.72435775],[121.23520208,23.7253409],[121.23481924,23.72627207],[121.23372555,23.72757177],[121.23324225,23.72895029],[121.23316315,23.7300425],[121.23226688,23.72952957],[121.23099242,23.73012221],[121.22963911,23.73018922],[121.22994851,23.73141736],[121.2296888,23.73317022],[121.22869155,23.73484406],[121.22842705,23.7364707],[121.22871888,23.73777454],[121.22891711,23.73987912],[121.22879265,23.74123287],[121.22898691,23.74275228],[121.22881479,23.74428267],[121.23007592,23.74718267],[121.23182693,23.74784821],[121.23308043,23.74795086],[121.23330424,23.74894658],[121.23251556,23.75059921],[121.23065519,23.75099379],[121.22930585,23.75226782],[121.22843388,23.75185736],[121.2268972,23.75208158],[121.22522825,23.75177977],[121.22321115,23.75268214],[121.22148008,23.75272039],[121.22000369,23.75420583],[121.21864462,23.7563827],[121.21749159,23.75695803],[121.2147293,23.75712571],[121.2131727,23.75762092],[121.21186591,23.76011015],[121.21096705,23.76111027],[121.20801878,23.7619191],[121.20646408,23.7628841],[121.2079957,23.76434531],[121.20863454,23.76551181],[121.20664651,23.76741059],[121.2057701,23.76949483],[121.20532435,23.77112941],[121.20465084,23.77239743],[121.20563031,23.77243729],[121.20661563,23.77343433],[121.2069724,23.7751013],[121.20921358,23.77599258],[121.21039928,23.77565163],[121.21173454,23.77557935],[121.21238734,23.77583846],[121.21296569,23.77690634],[121.21526057,23.77805094],[121.21626484,23.77878763],[121.21827568,23.77972334],[121.21941502,23.7816385],[121.22065076,23.78174085],[121.22365311,23.78239536],[121.22629204,23.78367277],[121.22834569,23.78522174],[121.23052223,23.78830303],[121.23061501,23.78946088],[121.23033139,23.79027675],[121.22873947,23.79055849],[121.22706055,23.79127681],[121.22637889,23.79340719],[121.22668627,23.79532993],[121.226577,23.7960882],[121.22550598,23.79823342],[121.22647328,23.80440476],[121.22790901,23.80533313],[121.22751862,23.8070131],[121.22759998,23.80860742],[121.2292554,23.8088314],[121.23050735,23.81023457],[121.23212574,23.81036193],[121.2345536,23.81217108],[121.23472335,23.81417226],[121.23467616,23.81750719],[121.23491342,23.81811208],[121.23611723,23.81907633],[121.23652823,23.8199207],[121.23753443,23.82104045],[121.23891284,23.82202594],[121.23757717,23.82299754],[121.23694556,23.82380618],[121.23667598,23.82521095],[121.23725541,23.82639353],[121.23759987,23.82838611],[121.23813725,23.83015886],[121.23772956,23.83249109],[121.23866386,23.83488535],[121.23928434,23.83714071],[121.23931598,23.84009461],[121.23976659,23.84104936],[121.24168109,23.84287502],[121.24347986,23.84498277],[121.24406167,23.84623426],[121.24382493,23.84753347],[121.24451723,23.84891148],[121.24587696,23.85001448],[121.24710544,23.85050462],[121.24892303,23.85212986],[121.2488004,23.85391239],[121.24936284,23.85437236],[121.25019187,23.85664585],[121.2502395,23.85770444],[121.24988883,23.85907885],[121.25039729,23.86084574],[121.25214217,23.86129988],[121.25262821,23.86210454],[121.25296407,23.86367443],[121.25266409,23.86535873],[121.25287905,23.86744112],[121.25362246,23.8683943],[121.25494492,23.86849828],[121.25693821,23.86945459],[121.25730645,23.87002993],[121.25797361,23.87233143],[121.26007301,23.87266617],[121.26167271,23.87228211],[121.26340521,23.87263699],[121.26498612,23.87274663],[121.26521356,23.87311217],[121.26446849,23.87478093],[121.26420788,23.87662284],[121.2635547,23.87754367],[121.26292573,23.8794986],[121.26337044,23.88122206],[121.26467816,23.88221084],[121.26550997,23.88313685],[121.2674277,23.88326632],[121.26844987,23.88375103],[121.26835729,23.88494465],[121.26776317,23.88553763],[121.26736293,23.88717351],[121.26741205,23.88899821],[121.2655064,23.89123982],[121.26547403,23.89240654],[121.26604278,23.89419572],[121.26522571,23.89641047],[121.26544674,23.89728136],[121.26653443,23.89840908],[121.26597791,23.89867905],[121.26430169,23.89858256],[121.2627103,23.89889757],[121.26232726,23.89924948],[121.26269798,23.90014095],[121.26181393,23.90112355],[121.26106106,23.90260068],[121.26294509,23.90450708],[121.2636272,23.90478669],[121.26542875,23.90608888],[121.26626972,23.90726479],[121.27043141,23.90649495],[121.27240144,23.90704845],[121.27490071,23.90753358],[121.27597158,23.90951234],[121.27610651,23.91011702],[121.27537823,23.91205331],[121.27543427,23.91469457],[121.27626679,23.9159644],[121.27623643,23.91642526],[121.27524247,23.91742522],[121.27513309,23.91887647],[121.27573261,23.92024732],[121.27593504,23.92168088],[121.27651333,23.92316164],[121.27631222,23.92393749],[121.27523539,23.92477376],[121.27432102,23.92704783],[121.2734065,23.92848906],[121.27367415,23.92925563],[121.27460025,23.92999638],[121.27484874,23.93154052],[121.27394305,23.93307589],[121.27370621,23.934129],[121.27385599,23.93621824],[121.27207467,23.93821556],[121.27314232,23.93963908],[121.27403436,23.94199929],[121.27351551,23.94370586],[121.27357222,23.9443901],[121.27428458,23.94571385],[121.27285017,23.94662012],[121.27182008,23.94821596],[121.27186497,23.94877246],[121.27299583,23.94959549],[121.27470399,23.95144461],[121.27540387,23.95350369],[121.27581546,23.95586352],[121.27517755,23.95819871],[121.27524614,23.96041753],[121.27625806,23.96340506],[121.27777898,23.96524357],[121.27790937,23.96583225],[121.27585578,23.96789149],[121.27561574,23.96835772],[121.27507862,23.97187336],[121.27390888,23.97481668],[121.27321444,23.97536578],[121.26985005,23.97518476],[121.26649674,23.97522231],[121.26486567,23.97536399],[121.26402323,23.97631664],[121.26319782,23.97870568],[121.26160591,23.98124357],[121.26129189,23.9824399],[121.26138614,23.98484738],[121.26114038,23.98722893],[121.26077485,23.98862808],[121.26005845,23.98982871],[121.26011061,23.99232389],[121.26125072,23.99446143],[121.26391109,23.99774701],[121.2650387,23.99953135],[121.26544239,24.00102908],[121.26643227,24.00189939],[121.26799237,24.00377431],[121.26824386,24.00460134],[121.26942024,24.0063444],[121.2700502,24.00671103],[121.26956181,24.00789424],[121.27025603,24.00911955],[121.27031265,24.01001494],[121.27137819,24.01138123],[121.27178612,24.01311769],[121.2725875,24.01370512],[121.27378999,24.01516815],[121.27395817,24.01627732],[121.27631491,24.02015129],[121.27637739,24.02290376],[121.27660832,24.02461451],[121.27865431,24.0268211],[121.28018064,24.03060108],[121.28185477,24.03214559],[121.28225909,24.03425159],[121.28274222,24.03524906],[121.28422522,24.03722692],[121.2857264,24.03972133],[121.28545688,24.04183251],[121.2855948,24.04518433],[121.28487196,24.04702123],[121.28503527,24.04822451],[121.28459208,24.04915553],[121.28356957,24.04995998],[121.28261081,24.05127721],[121.28320658,24.05426657],[121.28370498,24.05494928],[121.28464765,24.05520032],[121.28570111,24.05641935],[121.28647133,24.05795918],[121.2877748,24.05871923],[121.28942458,24.05889043],[121.29051778,24.06034178],[121.29224852,24.06126702],[121.29339485,24.06160283],[121.29554257,24.06377937],[121.29649056,24.0629488],[121.29834558,24.06179701],[121.29892136,24.06163768],[121.29988571,24.06217363],[121.30103533,24.06371965],[121.30139414,24.06503925],[121.302327,24.06634876],[121.30477909,24.06854902],[121.30584366,24.06926969],[121.30643629,24.07087189],[121.30818982,24.07330702],[121.30998971,24.07479544],[121.31195175,24.07565026],[121.31437525,24.07774238],[121.31606328,24.07852493],[121.31837441,24.08006076],[121.31950094,24.08154169],[121.32080957,24.08240546],[121.32312931,24.08494031],[121.32329505,24.086544],[121.32179498,24.0879992],[121.32114539,24.08887186],[121.32011298,24.09127041],[121.31918643,24.09276672],[121.31890075,24.09432973],[121.31911849,24.0953962],[121.32232903,24.09948788],[121.32401635,24.10061357],[121.3252244,24.1018291],[121.32580408,24.10303278],[121.32581289,24.10419272],[121.3264692,24.10600079],[121.32618977,24.10743514],[121.32628495,24.10829914],[121.32692802,24.11026104],[121.32806392,24.11146935],[121.32849238,24.11440878],[121.32712381,24.11474299],[121.32528927,24.11593884],[121.32312662,24.11597337],[121.32141346,24.11637956],[121.31967654,24.11656054],[121.31588114,24.11641806],[121.31442343,24.11801044],[121.3116231,24.12018965],[121.30914113,24.12160071],[121.30798925,24.12241646],[121.30526994,24.12347431],[121.30353971,24.12457859],[121.3014894,24.12747383],[121.29982292,24.12920963],[121.29843933,24.13040517],[121.2966861,24.13113511],[121.29586151,24.13244144],[121.2930243,24.13308761],[121.29079607,24.13343165],[121.28652481,24.13448555],[121.28480693,24.13471285],[121.2813671,24.13587201],[121.28180615,24.13683386],[121.28208663,24.13968854],[121.28275467,24.1416524],[121.28362194,24.14331658],[121.28421938,24.14584928],[121.2842662,24.1487243],[121.28468207,24.15204175],[121.28450181,24.15283963],[121.2832223,24.15383557],[121.28102722,24.15449107],[121.28040354,24.15770151],[121.28065094,24.15811616],[121.281976,24.15819261],[121.28480571,24.15727898],[121.28620021,24.15707569],[121.28779765,24.15720871],[121.2883912,24.15825432],[121.28793159,24.16165624],[121.28801511,24.16462501],[121.28828751,24.16622664],[121.28798734,24.16934934],[121.28783236,24.17245675],[121.28767448,24.17328229],[121.28621346,24.17602877],[121.28619991,24.17736018],[121.28660843,24.17763336],[121.28811423,24.17766483],[121.29171015,24.1771089],[121.2929854,24.177201],[121.29480636,24.17763819],[121.29644063,24.17832452],[121.29878356,24.18009142],[121.30025562,24.17992973],[121.30327927,24.18008655],[121.30564367,24.18004681],[121.30761655,24.18060632],[121.31102443,24.18324949],[121.31441732,24.18471993],[121.31539459,24.18494897],[121.31611357,24.18552853],[121.31643653,24.18656389],[121.31736103,24.18810975],[121.31863896,24.18925019],[121.32047983,24.19145624],[121.32231267,24.19154461],[121.32300448,24.19196808],[121.32417172,24.19467524],[121.32523448,24.19591387],[121.3257591,24.1961741],[121.3275694,24.19629449],[121.32883406,24.19664098],[121.33069234,24.19776402],[121.3339394,24.1983079],[121.33580537,24.1991104],[121.33858442,24.19919037],[121.34085444,24.19846062],[121.34405256,24.19926041],[121.34483741,24.19988893],[121.3474012,24.19993856],[121.34922967,24.19961023],[121.34967153,24.20023595],[121.34915689,24.20447752],[121.3483421,24.20733289],[121.34931448,24.20930603],[121.34928413,24.21063658],[121.34786022,24.21258104],[121.34656709,24.21541043],[121.34626407,24.2165866],[121.34454462,24.21964286],[121.34331965,24.2221345],[121.34301355,24.22355425]]]},"properties":{"gml_id":"layer_city_boundary_pg.41","Name":"南投县","layer":"市","code":"711300000000","grade":2}},
{"type":"Feature","geometry":{"type":"MultiPolygon","coordinates":[[[[120.64036777,23.7860509],[120.63501452,23.78677229],[120.63312648,23.78889363],[120.6302389,23.78979175],[120.628226,23.79002072],[120.62468238,23.79007446],[120.61785336,23.79082666],[120.61499792,23.79136439],[120.61251238,23.7911571],[120.6091968,23.79126898],[120.60815152,23.79118203],[120.59258719,23.7910697],[120.58669453,23.79198928],[120.58424407,23.79296562],[120.58268674,23.79376342],[120.57802126,23.79527897],[120.57328038,23.7963603],[120.57100836,23.79662038],[120.56728239,23.79724984],[120.5602814,23.79814766],[120.55817584,23.79943682],[120.55478916,23.80034505],[120.55074458,23.80117479],[120.54877303,23.80112242],[120.54591505,23.80148184],[120.54059853,23.80101829],[120.53792924,23.80126618],[120.53490823,23.80124112],[120.53052496,23.79976803],[120.52910199,23.79919344],[120.52781154,23.79906192],[120.5213434,23.79977242],[120.51769341,23.79979884],[120.51104748,23.80009521],[120.50750528,23.80074415],[120.50116672,23.80255748],[120.49840253,23.80361033],[120.49353574,23.80447043],[120.48726041,23.80582389],[120.48316004,23.80657133],[120.47525618,23.80903674],[120.46995619,23.81122482],[120.46571244,23.8128757],[120.45811655,23.81612655],[120.45649238,23.81650855],[120.45196344,23.81728547],[120.45064485,23.81866118],[120.44854751,23.81974866],[120.44723987,23.82076217],[120.44555436,23.82134693],[120.44401926,23.82215743],[120.44236966,23.82356518],[120.44093629,23.8250278],[120.43952327,23.82686804],[120.4360669,23.82859425],[120.43447025,23.82963152],[120.43310245,23.83015092],[120.42590875,23.83033528],[120.42495457,23.83017618],[120.4192213,23.82746774],[120.41842896,23.82701159],[120.41665066,23.8267975],[120.41281805,23.82670547],[120.41032834,23.82637877],[120.40789849,23.82659117],[120.39362955,23.82765842],[120.38280188,23.82854427],[120.37359714,23.82861833],[120.37031725,23.82856183],[120.36010718,23.82325946],[120.3581294,23.82281559],[120.35742903,23.82284056],[120.35238813,23.8223237],[120.33885751,23.82219939],[120.33313716,23.82228838],[120.31639449,23.82006124],[120.30953991,23.82030965],[120.3081189,23.8203045],[120.29768392,23.82302238],[120.29350377,23.82418721],[120.29230007,23.82443167],[120.27726319,23.82829374],[120.26601102,23.83123726],[120.25787945,23.83340465],[120.25501185,23.83425479],[120.25185106,23.83591827],[120.24918234,23.83750153],[120.2447491,23.84061315],[120.24160888458182,23.84307713935502],[120.22989793,23.83943066],[120.21026935,23.83068661],[120.19538027855258,23.82272323721804],[120.19398631,23.82056353],[120.19293591,23.81920513],[120.19168527,23.81824924],[120.1889837,23.8171426],[120.1856691,23.8161851],[120.1830475905456,23.816173946184595],[120.18204911886737,23.81564436512985],[120.18164216,23.81313299],[120.18141777,23.81044042],[120.18108023,23.80979586],[120.18005466,23.80939227],[120.17801581,23.80906853],[120.17687807,23.80719212],[120.17498098,23.80582411],[120.17085773,23.80658819],[120.17023566,23.80548713],[120.17294301,23.8049669],[120.17373488,23.80464704],[120.17567396,23.80432509],[120.17506806,23.80356575],[120.1754547,23.80314719],[120.17265207,23.80087174],[120.16780883,23.7966533],[120.1650658,23.79443456],[120.16356286,23.79186516],[120.16014929,23.78670207],[120.15696397,23.7844477],[120.16191649,23.77986544],[120.16287933,23.77971408],[120.16280333,23.77695851],[120.16289978,23.77255006],[120.16436147,23.76929675],[120.16436743,23.76902605],[120.16918156,23.75893287],[120.16680376,23.75558612],[120.16580513,23.74189989],[120.15581841,23.71944312],[120.15617919,23.7154628],[120.15572083,23.71543088],[120.15270578,23.7131309],[120.15105524,23.71128738],[120.14895474,23.70817681],[120.14782932,23.70716264],[120.14691628,23.70674752],[120.14635857,23.70347089],[120.14720644,23.70187081],[120.14677442,23.70073753],[120.14590561,23.70038144],[120.1455308,23.69893658],[120.1463603,23.69626624],[120.14629294,23.69379276],[120.14602442,23.69271466],[120.14537351,23.69194115],[120.14103497,23.68757088],[120.13921487,23.68423552],[120.13522136,23.66714075],[120.13231412,23.66090772],[120.1302844,23.65773577],[120.1285906,23.65446697],[120.12758858,23.65216702],[120.12658301,23.64893435],[120.12546542,23.64572625],[120.1239593,23.64320273],[120.12214518,23.64167368],[120.11810474,23.6393813],[120.11495,23.63623587],[120.11443118,23.63441222],[120.11447952,23.63285699],[120.11511781,23.63143154],[120.11831139,23.62663077],[120.1235307,23.62184728],[120.12522309,23.62137437],[120.12696359,23.62152275],[120.12853365,23.62193837],[120.13017999,23.62315916],[120.13120102,23.62436561],[120.13251271,23.62721486],[120.13336662,23.63034679],[120.13392848,23.63175539],[120.13444575,23.63421257],[120.13503072,23.63551709],[120.1357543,23.63615177],[120.13707984,23.63616774],[120.13751187,23.63583924],[120.13790389,23.63463615],[120.13831756,23.63178596],[120.13787108,23.62762334],[120.13724346,23.6245687],[120.13712348,23.62036675],[120.1348938,23.6203299],[120.13350539,23.61941621],[120.13301069,23.61569417],[120.13388847,23.61553755],[120.13580724,23.61570081],[120.13654879,23.61471586],[120.13917884,23.6147103],[120.13979221,23.61429333],[120.1401299,23.6134411],[120.14029636,23.60867721],[120.13998836,23.60675794],[120.13963321,23.60136058],[120.13944009,23.59957782],[120.14006228,23.59721913],[120.14042933,23.59747888],[120.14091894,23.59905019],[120.14160913,23.59920169],[120.1418668,23.59818437],[120.14274992,23.59791853],[120.14458297,23.59817404],[120.14480403,23.59729164],[120.14470796,23.59514119],[120.14435234,23.59413895],[120.14232681,23.59288219],[120.1416749,23.59229],[120.14141665,23.59130428],[120.14119892,23.58692078],[120.14077828,23.58428352],[120.14097194,23.58234904],[120.14084708,23.57806644],[120.14065923,23.57752067],[120.14070883,23.57307703],[120.14166899,23.57220945],[120.14329987,23.57212957],[120.14299435,23.56948441],[120.14322835,23.5690832],[120.14310685,23.56764936],[120.1420464,23.56412712],[120.1414897,23.56301737],[120.14034738,23.56222754],[120.13780218,23.5623414],[120.13775907,23.56137217],[120.13878649,23.56041424],[120.13904559,23.55954864],[120.1400481,23.55881152],[120.1403672,23.55716542],[120.14038564,23.55433029],[120.13956263,23.54978621],[120.14052016,23.54898788],[120.1406217,23.54704487],[120.14087324,23.5460169],[120.14170022,23.54436683],[120.14448312,23.54038438],[120.14564332,23.539086],[120.14862503,23.53689239],[120.14912473,23.5336197],[120.15026924,23.53193744],[120.1485374,23.53046521],[120.1483606,23.5297622],[120.14546569,23.52654991],[120.14512707,23.52562705],[120.14639894,23.523862],[120.14583907,23.52082525],[120.14638231,23.5207615],[120.14876566,23.51915444],[120.15228286,23.51823952],[120.15456707,23.51740266],[120.15812874,23.51592526],[120.16455539,23.51583243],[120.16540054,23.51721012],[120.16658004,23.51723444],[120.16938193,23.51612316],[120.1724035,23.51468062],[120.17708515,23.51176968],[120.18013295,23.51016226],[120.18097056,23.50985242],[120.18309105,23.50985273],[120.18715958,23.51056104],[120.18840727,23.51049735],[120.1899213,23.51004611],[120.19300928,23.51183852],[120.19507958,23.51264483],[120.19637503,23.51235553],[120.1967304,23.5129977],[120.19838621,23.51258516],[120.19852821,23.51304331],[120.20126984,23.51243984],[120.20097865,23.51140286],[120.20283754,23.51112671],[120.20308781,23.51204955],[120.2050049,23.51180923],[120.20626411,23.51114461],[120.20666185,23.51060058],[120.20764491,23.51047198],[120.20850893,23.50987729],[120.20985608,23.50972973],[120.21199971,23.50869958],[120.21343209,23.50820879],[120.21576768,23.50691001],[120.21823178,23.50622779],[120.21939952,23.5055755],[120.22303977,23.50432006],[120.23087685,23.5054407],[120.2370693,23.50695457],[120.23909721,23.50769209],[120.24106275,23.50873129],[120.24307992,23.51011883],[120.24477314,23.51163588],[120.2466453,23.5138326],[120.24707404,23.51527138],[120.24706284,23.51620625],[120.24556843,23.52331491],[120.2446186,23.52948046],[120.24404459,23.53261028],[120.24203217,23.53869287],[120.24187088,23.54011291],[120.24208686,23.54154015],[120.24334948,23.54361397],[120.24436438,23.54429666],[120.24644863,23.54505579],[120.24889794,23.5457602],[120.25381746,23.54642182],[120.25536765,23.54637287],[120.2560911,23.54609467],[120.25809858,23.54375641],[120.2593626,23.54120648],[120.26135748,23.53633837],[120.26344388,23.53352912],[120.26455838,23.53298971],[120.26659671,23.53106419],[120.26890569,23.53020052],[120.27030942,23.53022602],[120.27190612,23.53075055],[120.27258121,23.5314863],[120.27358871,23.53418423],[120.27378574,23.53569291],[120.2743245,23.53794633],[120.27519815,23.54070132],[120.27635443,23.54347173],[120.27840851,23.54502593],[120.2801909,23.5458808],[120.28259376,23.54602833],[120.28669565,23.5478254],[120.28835925,23.5490796],[120.28990296,23.54987032],[120.29090558,23.55115739],[120.29021466,23.55383591],[120.28972134,23.55484377],[120.28912737,23.55744841],[120.28906987,23.5599886],[120.28924942,23.5611803],[120.29001835,23.56227226],[120.29265999,23.56396157],[120.2953509,23.56458545],[120.29764879,23.56453542],[120.30113226,23.56383782],[120.30654369,23.56287169],[120.30803571,23.56331415],[120.3105399,23.5644479],[120.31047582,23.56640004],[120.3102294,23.56720896],[120.30802692,23.56981553],[120.30673067,23.57152399],[120.30634473,23.57323824],[120.30697074,23.574311],[120.30756291,23.57469437],[120.3107823,23.57507332],[120.31187795,23.5749622],[120.31705046,23.5732989],[120.31814807,23.57265259],[120.32039981,23.57239101],[120.32315699,23.57281665],[120.32480965,23.57321079],[120.32699533,23.57417168],[120.33159038,23.57745107],[120.3326604,23.57844277],[120.33311429,23.57920421],[120.3334219,23.58235254],[120.33356113,23.59080779],[120.33365182,23.59178822],[120.33502408,23.59298654],[120.33836989,23.59217833],[120.34071596,23.59188762],[120.34331303,23.59191901],[120.35247021,23.59310533],[120.35668808,23.59403768],[120.35861672,23.59481539],[120.35987277,23.5956965],[120.36081924,23.59688089],[120.3615511,23.59825952],[120.36396002,23.60042908],[120.36516505,23.60168396],[120.3658766,23.60300322],[120.36614332,23.60485257],[120.36613717,23.60659834],[120.36650354,23.60780796],[120.36751154,23.60784663],[120.36811179,23.60748006],[120.36864043,23.60816636],[120.3698838,23.60902796],[120.37113291,23.60948755],[120.37554581,23.6098913],[120.37977564,23.6099284],[120.38046476,23.61077817],[120.38075101,23.6117648],[120.383375,23.61290991],[120.38280041,23.61463134],[120.38347993,23.61557046],[120.38415864,23.6175364],[120.38572152,23.61974411],[120.38580019,23.62036871],[120.38661908,23.62101478],[120.3918763,23.62219042],[120.39240094,23.6223891],[120.39224819,23.62356929],[120.39308926,23.6242195],[120.39427307,23.62401136],[120.39613271,23.62479351],[120.40263785,23.62693924],[120.40087992,23.63215629],[120.40146286,23.63290365],[120.40461225,23.63419497],[120.40590509,23.63361835],[120.40640662,23.63254745],[120.40659524,23.6252857],[120.40681058,23.62512678],[120.40959167,23.62524373],[120.41278565,23.62396802],[120.41414435,23.6231493],[120.41380889,23.62240942],[120.41578891,23.62138156],[120.41652608,23.62191462],[120.41685985,23.62293745],[120.41809897,23.62398337],[120.41901847,23.62430269],[120.42006404,23.62520169],[120.4209496,23.62477367],[120.4211628,23.62325467],[120.42124601,23.62096081],[120.4220211,23.61926851],[120.42415374,23.61831904],[120.42562888,23.61806311],[120.4266754,23.61916447],[120.428243,23.61919649],[120.42992548,23.61835846],[120.43084705,23.61882427],[120.43153336,23.61984273],[120.43176111,23.62146437],[120.43394646,23.6228696],[120.4356317,23.62193397],[120.43683367,23.62179186],[120.43735648,23.62247757],[120.43699396,23.62379902],[120.43534157,23.62439624],[120.43507039,23.62516651],[120.43598909,23.62607286],[120.43804379,23.62653446],[120.44112333,23.6259761],[120.44184133,23.62712265],[120.44263536,23.62889441],[120.4442098,23.63038152],[120.44521343,23.63054485],[120.4466983,23.62972969],[120.44877477,23.62978037],[120.44986172,23.62943872],[120.4506791,23.6296328],[120.45221886,23.63075141],[120.4527554,23.63079393],[120.45417556,23.62992235],[120.45335966,23.62849707],[120.45107662,23.62708888],[120.45367381,23.62652018],[120.45548395,23.62652362],[120.45670189,23.62712464],[120.45846913,23.62767352],[120.46069735,23.62940347],[120.46390632,23.62942996],[120.46613258,23.63026874],[120.46958223,23.63023477],[120.47398742,23.63106981],[120.47468144,23.63076965],[120.47634127,23.62952984],[120.47748881,23.62991656],[120.478727,23.63277795],[120.4792488,23.63294955],[120.48262548,23.63219732],[120.48585071,23.63063345],[120.48728725,23.63057182],[120.48813836,23.63144429],[120.48716191,23.63415943],[120.48735008,23.635003],[120.48799096,23.63558237],[120.4890496,23.635891],[120.49109083,23.63483416],[120.49285895,23.63323097],[120.49672414,23.63450927],[120.4994859,23.63506585],[120.50140566,23.6347901],[120.50355013,23.63528052],[120.5046766,23.6349106],[120.50586515,23.63390594],[120.50714518,23.63191701],[120.50764052,23.63023707],[120.50657024,23.62844911],[120.50639487,23.62609602],[120.50661197,23.62540684],[120.50759072,23.62405394],[120.50769601,23.62299263],[120.50945031,23.62175601],[120.5102435,23.61935155],[120.51239168,23.61796198],[120.51306555,23.61687317],[120.51506417,23.61514659],[120.51557628,23.61400788],[120.51688132,23.61260294],[120.51760024,23.61107786],[120.51961091,23.60906877],[120.52304609,23.60704337],[120.5237368,23.60607744],[120.52532725,23.60490756],[120.52598776,23.60474652],[120.52807285,23.60275246],[120.52873534,23.60092053],[120.52951097,23.59986066],[120.53227536,23.59871495],[120.53303923,23.59701208],[120.53517028,23.59595061],[120.53693332,23.59472938],[120.53896099,23.59433829],[120.54054541,23.59426198],[120.54358116,23.59436312],[120.54521016,23.59393878],[120.54732906,23.59399082],[120.54827684,23.59376997],[120.5519168,23.59394882],[120.55657092,23.59285131],[120.55707356,23.59214829],[120.55695064,23.59114123],[120.55728587,23.58986752],[120.55780971,23.58921273],[120.55951558,23.58867188],[120.56184986,23.58877737],[120.56305813,23.58963112],[120.56568807,23.58942875],[120.56622568,23.58846449],[120.56736931,23.58770142],[120.56872727,23.58799985],[120.57091681,23.5879496],[120.57295574,23.58654914],[120.57411515,23.58599066],[120.57507941,23.58459946],[120.57636054,23.58442026],[120.57669985,23.58356276],[120.57855193,23.58333046],[120.58029586,23.58227446],[120.58139969,23.58212991],[120.58201374,23.58247243],[120.58320104,23.58246437],[120.58530599,23.58292576],[120.5862695,23.58283237],[120.58719956,23.58415577],[120.58826629,23.58470039],[120.58883457,23.58550013],[120.58983531,23.58570167],[120.5910831,23.58501507],[120.59255186,23.58515901],[120.59332449,23.58496511],[120.5948205,23.5854063],[120.59592772,23.58476827],[120.59761839,23.58463943],[120.59975667,23.58332105],[120.60097874,23.58309824],[120.6025058,23.58317993],[120.60377755,23.58358265],[120.60550886,23.583666],[120.60651217,23.58421299],[120.60770714,23.58341042],[120.60980154,23.58261069],[120.61042539,23.58266644],[120.61213486,23.58357321],[120.61288554,23.58440956],[120.61546163,23.58532135],[120.6178956,23.58431355],[120.61899604,23.58417023],[120.62021532,23.58528626],[120.62080839,23.58643958],[120.62292604,23.58797614],[120.62319914,23.58998166],[120.62521725,23.59065953],[120.62721124,23.59020985],[120.62956218,23.59036132],[120.63062112,23.58994463],[120.63223313,23.59052506],[120.63300062,23.59053081],[120.63576829,23.59133119],[120.63677902,23.59193162],[120.63861149,23.59215347],[120.63980562,23.59254087],[120.64092514,23.59243179],[120.64381608,23.59280175],[120.64561863,23.59353534],[120.64745478,23.59321783],[120.64906746,23.59254671],[120.64866306,23.59135177],[120.64863664,23.59026193],[120.64783932,23.58923154],[120.64715505,23.58787026],[120.64725946,23.5860054],[120.64793804,23.58566407],[120.64926127,23.58570093],[120.649034,23.58274406],[120.64829941,23.58153902],[120.64725739,23.58038919],[120.64614458,23.5795414],[120.64470527,23.57944876],[120.64347974,23.57821359],[120.64345781,23.57571589],[120.64414342,23.57528966],[120.64557972,23.57579997],[120.64657341,23.57675039],[120.64782838,23.57633666],[120.64930343,23.57480676],[120.64951779,23.57329013],[120.65082022,23.5724254],[120.6534648,23.57222302],[120.65569532,23.57220631],[120.65805294,23.57288006],[120.65825376,23.57351132],[120.66068291,23.57629587],[120.66416874,23.57716899],[120.66526977,23.57768592],[120.66650335,23.57783065],[120.66857961,23.57778468],[120.6697998,23.57873117],[120.67076965,23.57847844],[120.6719749,23.5772585],[120.67261405,23.57630507],[120.67354227,23.57319438],[120.67488536,23.57125077],[120.6762393,23.57071314],[120.67728096,23.57083712],[120.67943865,23.57143655],[120.68089909,23.57149845],[120.68285465,23.57236203],[120.68422908,23.57361851],[120.68562381,23.57456257],[120.68684709,23.57503337],[120.68885837,23.57512269],[120.69006936,23.57543036],[120.69133979,23.57611248],[120.69401875,23.57650258],[120.69583103,23.5762174],[120.69712692,23.57638718],[120.69891155,23.57634089],[120.70073874,23.57607863],[120.70431637,23.57500958],[120.7056,23.57495649],[120.7070304,23.57520429],[120.70793217,23.57571411],[120.70910923,23.5755961],[120.70951834,23.57426856],[120.70949807,23.57207735],[120.71004969,23.5711901],[120.71129496,23.57085737],[120.7125983,23.5713489],[120.71473364,23.5708139],[120.71627995,23.57080118],[120.71673315,23.56938157],[120.71794347,23.56904443],[120.71946374,23.56957847],[120.72082487,23.57049693],[120.72229152,23.57119202],[120.72429349,23.57187507],[120.72629569,23.57118686],[120.72748051,23.5704157],[120.72817946,23.57030633],[120.73043645,23.57078355],[120.7336752,23.57099825],[120.73521288,23.57047781],[120.73598446,23.57112142],[120.73611576,23.57276074],[120.73591502,23.57358871],[120.73489431,23.57536744],[120.73311564,23.57667246],[120.73224166,23.57703547],[120.73219347,23.57900656],[120.7327959,23.58106603],[120.73362491,23.58242142],[120.73401411,23.58391471],[120.73389037,23.58472162],[120.73233618,23.58784244],[120.73271696,23.58920254],[120.73204085,23.59078423],[120.72993524,23.59343481],[120.73017077,23.59433399],[120.73154511,23.59566812],[120.73255568,23.59733037],[120.72854486,23.59916229],[120.72781271,23.60137794],[120.72699984,23.60209731],[120.72460474,23.60365554],[120.72522032,23.6045234],[120.72674129,23.60742662],[120.7289551,23.60877621],[120.72956247,23.61021905],[120.73086329,23.61080836],[120.73119983,23.61174861],[120.73129434,23.61436764],[120.73059307,23.6166849],[120.73076745,23.61808107],[120.73034176,23.61856361],[120.72819095,23.61975679],[120.72693663,23.61996703],[120.72585092,23.62145145],[120.72532216,23.62182001],[120.72382285,23.62190534],[120.72270731,23.62303512],[120.72191742,23.62457143],[120.72042733,23.62626256],[120.71973052,23.62825547],[120.71860755,23.62989584],[120.71754269,23.62958153],[120.71605274,23.6295312],[120.71409392,23.62863548],[120.71304391,23.62781295],[120.71345712,23.62561415],[120.71415079,23.62280916],[120.71406951,23.62101842],[120.71210269,23.62016862],[120.71028518,23.6191642],[120.70806341,23.61851083],[120.70688168,23.6186897],[120.70502677,23.61726994],[120.70177869,23.61753443],[120.7008727,23.61824836],[120.69955299,23.618793],[120.69791415,23.61907653],[120.69679412,23.62001303],[120.69467946,23.62029697],[120.69277591,23.61996625],[120.69154075,23.62039153],[120.68924559,23.61952689],[120.68828599,23.61899582],[120.68605571,23.61821133],[120.68607215,23.61717037],[120.6855907,23.61646693],[120.68540023,23.61267481],[120.68358756,23.61087652],[120.6822897,23.61080655],[120.6809423,23.61102781],[120.67777629,23.61105105],[120.67521483,23.61022086],[120.6736654,23.61016935],[120.67269106,23.60973679],[120.66913364,23.6093429],[120.66789818,23.60941492],[120.66718632,23.61007118],[120.66450939,23.61112095],[120.66366,23.61116972],[120.66258349,23.61067067],[120.66120083,23.61047219],[120.66003824,23.61136259],[120.65866742,23.61357603],[120.65355916,23.61576401],[120.65139013,23.61619764],[120.65231396,23.61922913],[120.65292068,23.62186662],[120.65244707,23.62259989],[120.65257219,23.62476587],[120.65303251,23.62580455],[120.65312913,23.62724824],[120.65360578,23.62876267],[120.6530005,23.62950764],[120.65146798,23.62989702],[120.64908375,23.62983896],[120.64668119,23.63100845],[120.64513228,23.63098623],[120.64386816,23.62824908],[120.64297208,23.62816133],[120.64072551,23.62571287],[120.63971865,23.6254273],[120.63873185,23.62474342],[120.6378007,23.62300863],[120.63540885,23.61988086],[120.63430179,23.61928454],[120.63353868,23.61921611],[120.63175407,23.62126914],[120.63101529,23.62174163],[120.63044514,23.62315036],[120.63057051,23.62428953],[120.63013853,23.62545372],[120.62989278,23.62743985],[120.62874614,23.62978025],[120.629974,23.63195916],[120.63000975,23.6338712],[120.62907321,23.63516642],[120.63013726,23.63653951],[120.63026671,23.63713613],[120.63164144,23.6387937],[120.63198916,23.64038356],[120.63355719,23.64109246],[120.63471158,23.64214308],[120.6352843,23.64313414],[120.63525993,23.64431132],[120.63467785,23.64544693],[120.63500344,23.64621137],[120.6348276,23.64708016],[120.63604219,23.64814818],[120.63605695,23.64874237],[120.63509394,23.6497125],[120.6353003,23.65066873],[120.6349671,23.65157464],[120.63601628,23.65305887],[120.63697468,23.65560955],[120.63680451,23.65658156],[120.63800545,23.65815938],[120.63847768,23.6596058],[120.63928449,23.66067683],[120.64000517,23.66093679],[120.64056701,23.66438285],[120.64197841,23.66604988],[120.64293009,23.66624068],[120.64438898,23.66760815],[120.64415823,23.66875794],[120.64509234,23.67180578],[120.64676872,23.67251489],[120.64705879,23.67323784],[120.64696364,23.67432901],[120.6460474,23.67503207],[120.64647948,23.67566583],[120.64615281,23.67733624],[120.64697291,23.67826661],[120.64700644,23.67906944],[120.64801244,23.68101238],[120.64770237,23.68208175],[120.6482619,23.68291722],[120.64675056,23.68410619],[120.64625066,23.68490739],[120.64701408,23.6862668],[120.64682429,23.68690819],[120.645708,23.68721347],[120.64557652,23.6885579],[120.64590026,23.68922735],[120.64551258,23.69007773],[120.64600893,23.69118055],[120.64659302,23.69173845],[120.64650017,23.69308053],[120.64604443,23.69340108],[120.6454414,23.6953574],[120.64569892,23.6959042],[120.64457038,23.69732549],[120.64344373,23.69983135],[120.64419036,23.70102817],[120.64528416,23.70192539],[120.64566808,23.70320707],[120.64512292,23.70391945],[120.6443108,23.70413284],[120.64287516,23.70538685],[120.64148695,23.70552637],[120.6403878,23.70823122],[120.63971286,23.708779],[120.64025525,23.70979199],[120.64002342,23.71030068],[120.63901365,23.71055743],[120.63967027,23.71211218],[120.64051711,23.71310724],[120.64070116,23.71424529],[120.63973248,23.7145037],[120.64042955,23.71525594],[120.64017699,23.71624276],[120.64073213,23.71757941],[120.64045829,23.71959268],[120.64099448,23.7203509],[120.6412333,23.72175006],[120.64167804,23.72228342],[120.64092899,23.72366719],[120.6413534,23.72432228],[120.64035626,23.72499737],[120.63973507,23.72662361],[120.64014354,23.72767231],[120.6398389,23.72901958],[120.64026906,23.73081875],[120.64155447,23.73038109],[120.64206344,23.73064485],[120.64344072,23.73327331],[120.64393984,23.73554291],[120.64462027,23.7366523],[120.64578952,23.73590597],[120.64785726,23.73604056],[120.64860278,23.73572929],[120.64994212,23.73571038],[120.65089272,23.73617129],[120.65196866,23.73578413],[120.65438204,23.73452082],[120.65542581,23.73451806],[120.65583779,23.73512146],[120.65528725,23.73761639],[120.65446332,23.73979241],[120.65435655,23.74208058],[120.65461204,23.74517068],[120.65462451,23.74831323],[120.6559673,23.75376441],[120.65553769,23.75547188],[120.64988003,23.7696156],[120.64849997,23.77321607],[120.64758079,23.774868],[120.64593391,23.77694442],[120.64433042,23.77932667],[120.64242758,23.78170115],[120.64171035,23.78294394],[120.64036777,23.7860509]]],[[[120.13037334,23.56901057],[120.13043371,23.56981452],[120.13179967,23.5712488],[120.13182807,23.57242278],[120.13251018,23.57371778],[120.13253833,23.57495497],[120.13213124,23.57638836],[120.1326561,23.57864863],[120.13218871,23.57896205],[120.13057273,23.57801397],[120.13032582,23.57666721],[120.12896058,23.57514263],[120.12833861,23.57496759],[120.12837188,23.57393842],[120.12728413,23.57341765],[120.1281567,23.57284466],[120.12831354,23.57224961],[120.12918577,23.57158632],[120.12971802,23.57020781],[120.12984433,23.56917917],[120.13037334,23.56901057]]],[[[120.13231412,23.56316135],[120.13302963,23.56353555],[120.13274793,23.56436468],[120.13147484,23.56312958],[120.13078878,23.56379392],[120.12885968,23.56384633],[120.12771054,23.56327103],[120.12637212,23.56377819],[120.12575136,23.56315168],[120.12447661,23.56291877],[120.12435471,23.56179844],[120.12359097,23.56101761],[120.1235948,23.5595639],[120.12280665,23.55861138],[120.12190567,23.55829026],[120.12274709,23.5575546],[120.12287244,23.55697743],[120.12144418,23.55611158],[120.12051153,23.55599795],[120.119982,23.55652769],[120.11531746,23.55656443],[120.11472973,23.5557033],[120.11224265,23.55572523],[120.11134194,23.5552325],[120.11103439,23.55376799],[120.10970011,23.55293869],[120.10737448,23.55083958],[120.10505106,23.54797295],[120.10499216,23.54668141],[120.10440313,23.54616335],[120.10449843,23.54510747],[120.10369359,23.54378454],[120.10563606,23.54241423],[120.10564047,23.54060838],[120.10708896,23.54031874],[120.10811498,23.53963839],[120.10885977,23.54029277],[120.1089814,23.54129573],[120.11062703,23.54181982],[120.10963069,23.54259064],[120.10938027,23.54341991],[120.10946971,23.545136],[120.11061795,23.54594619],[120.11161321,23.54577129],[120.11220166,23.54637961],[120.11307185,23.54643875],[120.1134156,23.54586283],[120.11506078,23.54678417],[120.11511981,23.54804862],[120.11635976,23.54936492],[120.11729414,23.54893682],[120.11822476,23.54948386],[120.11891072,23.54885569],[120.11980944,23.5499443],[120.11946601,23.55077306],[120.12107913,23.55238941],[120.12254032,23.55241572],[120.12247387,23.55431152],[120.12337549,23.55437078],[120.12387155,23.55503272],[120.12272079,23.55531517],[120.12271826,23.5564348],[120.12374308,23.55698234],[120.12551142,23.55884332],[120.12647658,23.5586501],[120.12766105,23.55727525],[120.12810243,23.55435221],[120.12782525,23.55331227],[120.12885204,23.55311938],[120.12928822,23.55248977],[120.12854292,23.55202509],[120.12985124,23.5511656],[120.13047138,23.55188239],[120.13012855,23.55262991],[120.13062309,23.55368911],[120.12987623,23.55406417],[120.12981197,23.55503899],[120.13083636,23.55595668],[120.13167328,23.55722547],[120.13083155,23.55834041],[120.13067388,23.55936888],[120.13148167,23.55971651],[120.13076482,23.56043485],[120.1306991,23.56209589],[120.13181835,23.56244526],[120.13231412,23.56316135]]],[[[120.13241129,23.54672841],[120.13228407,23.54790152],[120.13178616,23.54824186],[120.13057292,23.54821702],[120.1294249,23.54674784],[120.13020358,23.54643617],[120.13005102,23.54506285],[120.12949321,23.54411164],[120.12846716,23.54376278],[120.12768799,23.54442659],[120.12635094,23.5444552],[120.12641592,23.54307407],[120.12843737,23.54322085],[120.12787973,23.54238702],[120.12679269,23.54149604],[120.12710602,23.54032397],[120.1268286,23.53946463],[120.12807221,23.53948966],[120.12897616,23.53843828],[120.12866581,23.53797605],[120.12735983,23.53805902],[120.12674047,23.5369359],[120.127612,23.53650738],[120.1261229,23.53496402],[120.12699426,23.5345355],[120.12702885,23.53286526],[120.12644046,23.53180551],[120.12662927,23.53094878],[120.12728385,23.53013981],[120.12862066,23.53026468],[120.13185505,23.53014731],[120.13120021,23.53083892],[120.12992534,23.5308318],[120.12902104,23.53178386],[120.1274963,23.53238029],[120.12805481,23.53321413],[120.12892678,23.53255083],[120.1307281,23.53324714],[120.13228071,23.53453798],[120.13249587,23.53591165],[120.13384151,23.53649703],[120.13431191,23.53766444],[120.13427708,23.5392444],[120.13591503,23.54065306],[120.13597476,23.54186333],[120.13674758,23.54260803],[120.13659029,23.5434469],[120.13535088,23.54335875],[120.13472984,23.54367132],[120.13453798,23.54590955],[120.13385446,23.54648363],[120.13391425,23.54737787],[120.13311837,23.54746373],[120.13241129,23.54672841]]],[[[120.10813528163395,23.53201492719141],[120.10938640069739,23.529260345704635],[120.11087393,23.52928846],[120.11062185,23.53064142],[120.10897525,23.53057783],[120.10875495,23.53186777],[120.10813528163395,23.53201492719141]]],[[[120.00175092975707,23.474039540881165],[120.00166196,23.47198562],[120.00418105,23.46900825],[120.00540904,23.4697005],[120.00814725,23.47317603],[120.0091347,23.47619687],[120.01031786311921,23.47856266617207],[120.00926496,23.47844522],[120.00910946,23.47764062],[120.00824181,23.47769831],[120.00418414,23.47420747],[120.00175092975707,23.474039540881165]]]]},"properties":{"gml_id":"layer_city_boundary_pg.42","Name":"云林县","layer":"市","code":"711400000000","grade":2}},
{"type":"Feature","geometry":{"type":"MultiPolygon","coordinates":[[[[120.73086329,23.61080836],[120.72956247,23.61021905],[120.7289551,23.60877621],[120.72674129,23.60742662],[120.72522032,23.6045234],[120.72460474,23.60365554],[120.72699984,23.60209731],[120.72781271,23.60137794],[120.72854486,23.59916229],[120.73255568,23.59733037],[120.73154511,23.59566812],[120.73017077,23.59433399],[120.72993524,23.59343481],[120.73204085,23.59078423],[120.73271696,23.58920254],[120.73233618,23.58784244],[120.73389037,23.58472162],[120.73401411,23.58391471],[120.73362491,23.58242142],[120.7327959,23.58106603],[120.73219347,23.57900656],[120.73224166,23.57703547],[120.73311564,23.57667246],[120.73489431,23.57536744],[120.73591502,23.57358871],[120.73611576,23.57276074],[120.73598446,23.57112142],[120.73521288,23.57047781],[120.7336752,23.57099825],[120.73043645,23.57078355],[120.72817946,23.57030633],[120.72748051,23.5704157],[120.72629569,23.57118686],[120.72429349,23.57187507],[120.72229152,23.57119202],[120.72082487,23.57049693],[120.71946374,23.56957847],[120.71794347,23.56904443],[120.71673315,23.56938157],[120.71627995,23.57080118],[120.71473364,23.5708139],[120.7125983,23.5713489],[120.71129496,23.57085737],[120.71004969,23.5711901],[120.70949807,23.57207735],[120.70951834,23.57426856],[120.70910923,23.5755961],[120.70793217,23.57571411],[120.7070304,23.57520429],[120.7056,23.57495649],[120.70431637,23.57500958],[120.70073874,23.57607863],[120.69891155,23.57634089],[120.69712692,23.57638718],[120.69583103,23.5762174],[120.69401875,23.57650258],[120.69133979,23.57611248],[120.69006936,23.57543036],[120.68885837,23.57512269],[120.68684709,23.57503337],[120.68562381,23.57456257],[120.68422908,23.57361851],[120.68285465,23.57236203],[120.68089909,23.57149845],[120.67943865,23.57143655],[120.67728096,23.57083712],[120.6762393,23.57071314],[120.67488536,23.57125077],[120.67354227,23.57319438],[120.67261405,23.57630507],[120.6719749,23.5772585],[120.67076965,23.57847844],[120.6697998,23.57873117],[120.66857961,23.57778468],[120.66650335,23.57783065],[120.66526977,23.57768592],[120.66416874,23.57716899],[120.66068291,23.57629587],[120.65825376,23.57351132],[120.65805294,23.57288006],[120.65569532,23.57220631],[120.6534648,23.57222302],[120.65082022,23.5724254],[120.64951779,23.57329013],[120.64930343,23.57480676],[120.64782838,23.57633666],[120.64657341,23.57675039],[120.64557972,23.57579997],[120.64414342,23.57528966],[120.64345781,23.57571589],[120.64347974,23.57821359],[120.64470527,23.57944876],[120.64614458,23.5795414],[120.64725739,23.58038919],[120.64829941,23.58153902],[120.649034,23.58274406],[120.64926127,23.58570093],[120.64793804,23.58566407],[120.64725946,23.5860054],[120.64715505,23.58787026],[120.64783932,23.58923154],[120.64863664,23.59026193],[120.64866306,23.59135177],[120.64906746,23.59254671],[120.64745478,23.59321783],[120.64561863,23.59353534],[120.64381608,23.59280175],[120.64092514,23.59243179],[120.63980562,23.59254087],[120.63861149,23.59215347],[120.63677902,23.59193162],[120.63576829,23.59133119],[120.63300062,23.59053081],[120.63223313,23.59052506],[120.63062112,23.58994463],[120.62956218,23.59036132],[120.62721124,23.59020985],[120.62521725,23.59065953],[120.62319914,23.58998166],[120.62292604,23.58797614],[120.62080839,23.58643958],[120.62021532,23.58528626],[120.61899604,23.58417023],[120.6178956,23.58431355],[120.61546163,23.58532135],[120.61288554,23.58440956],[120.61213486,23.58357321],[120.61042539,23.58266644],[120.60980154,23.58261069],[120.60770714,23.58341042],[120.60651217,23.58421299],[120.60550886,23.583666],[120.60377755,23.58358265],[120.6025058,23.58317993],[120.60097874,23.58309824],[120.59975667,23.58332105],[120.59761839,23.58463943],[120.59592772,23.58476827],[120.5948205,23.5854063],[120.59332449,23.58496511],[120.59255186,23.58515901],[120.5910831,23.58501507],[120.58983531,23.58570167],[120.58883457,23.58550013],[120.58826629,23.58470039],[120.58719956,23.58415577],[120.5862695,23.58283237],[120.58530599,23.58292576],[120.58320104,23.58246437],[120.58201374,23.58247243],[120.58139969,23.58212991],[120.58029586,23.58227446],[120.57855193,23.58333046],[120.57669985,23.58356276],[120.57636054,23.58442026],[120.57507941,23.58459946],[120.57411515,23.58599066],[120.57295574,23.58654914],[120.57091681,23.5879496],[120.56872727,23.58799985],[120.56736931,23.58770142],[120.56622568,23.58846449],[120.56568807,23.58942875],[120.56305813,23.58963112],[120.56184986,23.58877737],[120.55951558,23.58867188],[120.55780971,23.58921273],[120.55728587,23.58986752],[120.55695064,23.59114123],[120.55707356,23.59214829],[120.55657092,23.59285131],[120.5519168,23.59394882],[120.54827684,23.59376997],[120.54732906,23.59399082],[120.54521016,23.59393878],[120.54358116,23.59436312],[120.54054541,23.59426198],[120.53896099,23.59433829],[120.53693332,23.59472938],[120.53517028,23.59595061],[120.53303923,23.59701208],[120.53227536,23.59871495],[120.52951097,23.59986066],[120.52873534,23.60092053],[120.52807285,23.60275246],[120.52598776,23.60474652],[120.52532725,23.60490756],[120.5237368,23.60607744],[120.52304609,23.60704337],[120.51961091,23.60906877],[120.51760024,23.61107786],[120.51688132,23.61260294],[120.51557628,23.61400788],[120.51506417,23.61514659],[120.51306555,23.61687317],[120.51239168,23.61796198],[120.5102435,23.61935155],[120.50945031,23.62175601],[120.50769601,23.62299263],[120.50759072,23.62405394],[120.50661197,23.62540684],[120.50639487,23.62609602],[120.50657024,23.62844911],[120.50764052,23.63023707],[120.50714518,23.63191701],[120.50586515,23.63390594],[120.5046766,23.6349106],[120.50355013,23.63528052],[120.50140566,23.6347901],[120.4994859,23.63506585],[120.49672414,23.63450927],[120.49285895,23.63323097],[120.49109083,23.63483416],[120.4890496,23.635891],[120.48799096,23.63558237],[120.48735008,23.635003],[120.48716191,23.63415943],[120.48813836,23.63144429],[120.48728725,23.63057182],[120.48585071,23.63063345],[120.48262548,23.63219732],[120.4792488,23.63294955],[120.478727,23.63277795],[120.47748881,23.62991656],[120.47634127,23.62952984],[120.47468144,23.63076965],[120.47398742,23.63106981],[120.46958223,23.63023477],[120.46613258,23.63026874],[120.46390632,23.62942996],[120.46069735,23.62940347],[120.45846913,23.62767352],[120.45670189,23.62712464],[120.45548395,23.62652362],[120.45367381,23.62652018],[120.45107662,23.62708888],[120.45335966,23.62849707],[120.45417556,23.62992235],[120.4527554,23.63079393],[120.45221886,23.63075141],[120.4506791,23.6296328],[120.44986172,23.62943872],[120.44877477,23.62978037],[120.4466983,23.62972969],[120.44521343,23.63054485],[120.4442098,23.63038152],[120.44263536,23.62889441],[120.44184133,23.62712265],[120.44112333,23.6259761],[120.43804379,23.62653446],[120.43598909,23.62607286],[120.43507039,23.62516651],[120.43534157,23.62439624],[120.43699396,23.62379902],[120.43735648,23.62247757],[120.43683367,23.62179186],[120.4356317,23.62193397],[120.43394646,23.6228696],[120.43176111,23.62146437],[120.43153336,23.61984273],[120.43084705,23.61882427],[120.42992548,23.61835846],[120.428243,23.61919649],[120.4266754,23.61916447],[120.42562888,23.61806311],[120.42415374,23.61831904],[120.4220211,23.61926851],[120.42124601,23.62096081],[120.4211628,23.62325467],[120.4209496,23.62477367],[120.42006404,23.62520169],[120.41901847,23.62430269],[120.41809897,23.62398337],[120.41685985,23.62293745],[120.41652608,23.62191462],[120.41578891,23.62138156],[120.41380889,23.62240942],[120.41414435,23.6231493],[120.41278565,23.62396802],[120.40959167,23.62524373],[120.40681058,23.62512678],[120.40659524,23.6252857],[120.40640662,23.63254745],[120.40590509,23.63361835],[120.40461225,23.63419497],[120.40146286,23.63290365],[120.40087992,23.63215629],[120.40263785,23.62693924],[120.39613271,23.62479351],[120.39427307,23.62401136],[120.39308926,23.6242195],[120.39224819,23.62356929],[120.39240094,23.6223891],[120.3918763,23.62219042],[120.38661908,23.62101478],[120.38580019,23.62036871],[120.38572152,23.61974411],[120.38415864,23.6175364],[120.38347993,23.61557046],[120.38280041,23.61463134],[120.383375,23.61290991],[120.38075101,23.6117648],[120.38046476,23.61077817],[120.37977564,23.6099284],[120.37554581,23.6098913],[120.37113291,23.60948755],[120.3698838,23.60902796],[120.36864043,23.60816636],[120.36811179,23.60748006],[120.36751154,23.60784663],[120.36650354,23.60780796],[120.36613717,23.60659834],[120.36614332,23.60485257],[120.3658766,23.60300322],[120.36516505,23.60168396],[120.36396002,23.60042908],[120.3615511,23.59825952],[120.36081924,23.59688089],[120.35987277,23.5956965],[120.35861672,23.59481539],[120.35668808,23.59403768],[120.35247021,23.59310533],[120.34331303,23.59191901],[120.34071596,23.59188762],[120.33836989,23.59217833],[120.33502408,23.59298654],[120.33365182,23.59178822],[120.33356113,23.59080779],[120.3334219,23.58235254],[120.33311429,23.57920421],[120.3326604,23.57844277],[120.33159038,23.57745107],[120.32699533,23.57417168],[120.32480965,23.57321079],[120.32315699,23.57281665],[120.32039981,23.57239101],[120.31814807,23.57265259],[120.31705046,23.5732989],[120.31187795,23.5749622],[120.3107823,23.57507332],[120.30756291,23.57469437],[120.30697074,23.574311],[120.30634473,23.57323824],[120.30673067,23.57152399],[120.30802692,23.56981553],[120.3102294,23.56720896],[120.31047582,23.56640004],[120.3105399,23.5644479],[120.30803571,23.56331415],[120.30654369,23.56287169],[120.30113226,23.56383782],[120.29764879,23.56453542],[120.2953509,23.56458545],[120.29265999,23.56396157],[120.29001835,23.56227226],[120.28924942,23.5611803],[120.28906987,23.5599886],[120.28912737,23.55744841],[120.28972134,23.55484377],[120.29021466,23.55383591],[120.29090558,23.55115739],[120.28990296,23.54987032],[120.28835925,23.5490796],[120.28669565,23.5478254],[120.28259376,23.54602833],[120.2801909,23.5458808],[120.27840851,23.54502593],[120.27635443,23.54347173],[120.27519815,23.54070132],[120.2743245,23.53794633],[120.27378574,23.53569291],[120.27358871,23.53418423],[120.27258121,23.5314863],[120.27190612,23.53075055],[120.27030942,23.53022602],[120.26890569,23.53020052],[120.26659671,23.53106419],[120.26455838,23.53298971],[120.26344388,23.53352912],[120.26135748,23.53633837],[120.2593626,23.54120648],[120.25809858,23.54375641],[120.2560911,23.54609467],[120.25536765,23.54637287],[120.25381746,23.54642182],[120.24889794,23.5457602],[120.24644863,23.54505579],[120.24436438,23.54429666],[120.24334948,23.54361397],[120.24208686,23.54154015],[120.24187088,23.54011291],[120.24203217,23.53869287],[120.24404459,23.53261028],[120.2446186,23.52948046],[120.24556843,23.52331491],[120.24706284,23.51620625],[120.24707404,23.51527138],[120.2466453,23.5138326],[120.24477314,23.51163588],[120.24307992,23.51011883],[120.24106275,23.50873129],[120.23909721,23.50769209],[120.2370693,23.50695457],[120.23087685,23.5054407],[120.22303977,23.50432006],[120.21939952,23.5055755],[120.21823178,23.50622779],[120.21576768,23.50691001],[120.21343209,23.50820879],[120.21199971,23.50869958],[120.20985608,23.50972973],[120.20850893,23.50987729],[120.20764491,23.51047198],[120.20666185,23.51060058],[120.20626411,23.51114461],[120.2050049,23.51180923],[120.20308781,23.51204955],[120.20283754,23.51112671],[120.20097865,23.51140286],[120.20126984,23.51243984],[120.19852821,23.51304331],[120.19838621,23.51258516],[120.1967304,23.5129977],[120.19637503,23.51235553],[120.19507958,23.51264483],[120.19300928,23.51183852],[120.1899213,23.51004611],[120.18840727,23.51049735],[120.18715958,23.51056104],[120.18309105,23.50985273],[120.18097056,23.50985242],[120.18013295,23.51016226],[120.17708515,23.51176968],[120.1724035,23.51468062],[120.16938193,23.51612316],[120.16658004,23.51723444],[120.16540054,23.51721012],[120.16455539,23.51583243],[120.15812874,23.51592526],[120.15456707,23.51740266],[120.15228286,23.51823952],[120.14876566,23.51915444],[120.14638231,23.5207615],[120.14583907,23.52082525],[120.14584135,23.51848416],[120.14255053,23.51838255],[120.14244772,23.51743615],[120.13754572,23.51827139],[120.12721485,23.52020706],[120.12539177,23.52047223],[120.12402169,23.52041938],[120.12151981,23.51949783],[120.12037728,23.51851846],[120.11943419,23.5171858],[120.11891713,23.51505871],[120.11926313,23.49832012],[120.11942222,23.49548803],[120.12041609,23.49297443],[120.1212753,23.49187092],[120.12341948,23.48964595],[120.12466318,23.48872968],[120.12602988,23.48815495],[120.1273642,23.48794346],[120.13141705,23.48804962],[120.13338277,23.48835854],[120.13355832,23.48815635],[120.13632124,23.48903626],[120.13834781,23.48937705],[120.13947951,23.48995668],[120.15256889,23.49361537],[120.15784943,23.49504131],[120.15895867,23.49455294],[120.15870338,23.49358541],[120.16072983,23.49292815],[120.16224623,23.49283021],[120.16251618,23.49315221],[120.16851752,23.49215499],[120.16967538,23.49219134],[120.16966196,23.49051365],[120.16935407,23.48989078],[120.1676157,23.49072802],[120.16215969,23.49146855],[120.15896341,23.4917335],[120.15522242,23.4910812],[120.15663972,23.48753803],[120.155785,23.48407284],[120.15471166,23.48405122],[120.15393741,23.48210342],[120.15152094,23.48069974],[120.14935083,23.47787974],[120.14946703,23.47731378],[120.14897069,23.47574219],[120.14900865,23.47476044],[120.14811826,23.47443729],[120.14781083,23.47367713],[120.14579892,23.47230266],[120.14515757,23.47207341],[120.14408538,23.47011039],[120.14429422,23.46815439],[120.14485656,23.46706716],[120.14694285,23.46518238],[120.14526755,23.46221605],[120.14457024,23.45971331],[120.13937034,23.45821289],[120.13898892,23.45800311],[120.13436306,23.45406774],[120.13324548,23.45158519],[120.13439527,23.44912652],[120.13538764,23.44770535],[120.13641932,23.44848986],[120.136125,23.44970496],[120.13538692,23.45112754],[120.13876126,23.45266541],[120.13991075,23.45067796],[120.13907357,23.44970997],[120.14257,23.45145386],[120.14613455,23.45313033],[120.14789864,23.45358919],[120.14831271,23.45400229],[120.14967279,23.45427157],[120.15113905,23.45568139],[120.15201106,23.45517596],[120.15258316,23.45393074],[120.15223413,23.45262181],[120.15169357,23.45197101],[120.151229,23.45067726],[120.15095862,23.44898049],[120.15293094,23.4484833],[120.15464908,23.44842038],[120.15462885,23.44775434],[120.14978561,23.44185431],[120.14903879,23.44020686],[120.14828326,23.43915757],[120.14753849,23.43903161],[120.14651241,23.43747066],[120.1472695,23.43641383],[120.14623517,23.43390248],[120.14578184,23.43327921],[120.14583423,23.43178963],[120.1455046,23.42859813],[120.14588578,23.42821646],[120.14795269,23.42791849],[120.148849,23.42743578],[120.14845053,23.42605435],[120.14930428,23.42550594],[120.15048861,23.42579004],[120.15196001,23.42670777],[120.15360873,23.42840298],[120.15572973,23.42856797],[120.1559947,23.4273048],[120.15558151,23.4271563],[120.15162247,23.42389548],[120.15113566,23.42403957],[120.14978201,23.42326695],[120.1495022,23.4228162],[120.14953765,23.41980729],[120.15053281,23.41949216],[120.15125905,23.4182884],[120.14923321,23.41565429],[120.14823545,23.41511385],[120.14886872,23.41329107],[120.14927585,23.41312173],[120.14948657,23.41048172],[120.14940419,23.40614933],[120.15007268,23.40483465],[120.1501671,23.40316695],[120.15121486,23.39985652],[120.1513539,23.39859539],[120.15183032,23.39862732],[120.15259944,23.39957735],[120.15299843,23.39861334],[120.15382793,23.3991551],[120.15373535,23.40054064],[120.15413589,23.40426526],[120.15997013,23.40612748],[120.15992175,23.40509784],[120.1605151,23.40157271],[120.16160526,23.39791932],[120.16166719,23.39466221],[120.16370024,23.39341347],[120.16354339,23.39292955],[120.1607219,23.38879466],[120.15704899,23.38991489],[120.15614679,23.38864588],[120.15671857,23.3882652],[120.15734516,23.38905416],[120.15925782,23.38769195],[120.1577771,23.38579228],[120.15503525,23.38758792],[120.15733671,23.38495241],[120.15818453,23.38478541],[120.157873,23.38319452],[120.15841942,23.38118611],[120.15721192,23.37982655],[120.15644903,23.37978381],[120.1563385,23.38209288],[120.15590798,23.3847064],[120.15520113,23.38471759],[120.15361602,23.38670188],[120.15338074,23.38730006],[120.15234826,23.38797885],[120.15204858,23.38860242],[120.15069399,23.38835615],[120.15016703,23.38752131],[120.14824006,23.38558371],[120.13952601,23.38529411],[120.13759007,23.38468675],[120.13165255,23.38478163],[120.13186016,23.38229816],[120.13192742,23.37625813],[120.1308911,23.37044538],[120.12944021,23.36877924],[120.12802345,23.36357035],[120.12723009,23.36238042],[120.12664497,23.36070537],[120.12554421,23.35942769],[120.12296001,23.35480558],[120.12235534,23.35327056],[120.12193389,23.35156183],[120.12074704,23.34963136],[120.12038265,23.34836182],[120.11994281,23.3483124],[120.11930357,23.34684328],[120.11838349,23.34356344],[120.11905426,23.34313367],[120.11807118,23.3401646],[120.12364276,23.33612092],[120.13228207,23.32975909],[120.13661785,23.32812485],[120.14153415,23.32466902],[120.14548543,23.32228219],[120.14851197,23.319754],[120.1486291,23.31933536],[120.14821722,23.31659559],[120.14856643,23.31444569],[120.14999492,23.31307375],[120.15305301,23.31327204],[120.15429668,23.31301815],[120.15491965,23.3121825],[120.15550836,23.31048407],[120.15676624,23.30999362],[120.15817928,23.31036282],[120.16031799,23.31064148],[120.16355502,23.30968545],[120.16619787,23.30845925],[120.16780987,23.30740291],[120.1694402,23.30607738],[120.17094218,23.30458221],[120.17285504,23.30142761],[120.17322235,23.30053532],[120.17391649,23.29990493],[120.17372071,23.29915316],[120.17565772,23.29442817],[120.17640685,23.29363928],[120.17867295,23.2917294],[120.18054822,23.290923],[120.18166523,23.29086193],[120.18383135,23.29032311],[120.18754363,23.2900334],[120.18903997,23.29021878],[120.18952325,23.29095994],[120.18934884,23.29235142],[120.18765705,23.29427866],[120.18634516,23.29521195],[120.18585847,23.29606289],[120.18579734,23.29697514],[120.18631718,23.29826964],[120.18811452,23.30037606],[120.18840309,23.30123554],[120.19088889,23.30072972],[120.19168378,23.30027295],[120.19910903,23.29466462],[120.2009447,23.29345014],[120.20258643,23.29307187],[120.20426892,23.29190212],[120.20593594,23.29148095],[120.20859893,23.29129745],[120.21182007,23.29270979],[120.21233483,23.2916945],[120.2143965,23.29244369],[120.21733772,23.29442985],[120.22086781,23.29600267],[120.22278669,23.29854428],[120.22588886,23.30322861],[120.22705012,23.30531691],[120.2276656,23.30675811],[120.22807596,23.30958367],[120.22855493,23.31076918],[120.23130617,23.31633171],[120.23223564,23.3173958],[120.23310469,23.31879381],[120.23379878,23.31919362],[120.2345051,23.32024973],[120.23554396,23.32327099],[120.23676979,23.32560506],[120.23808165,23.32707543],[120.2399401,23.3275399],[120.24108684,23.32707658],[120.24506708,23.32680092],[120.24655129,23.32704752],[120.24921894,23.32893076],[120.25514053,23.33061896],[120.25742919,23.33169061],[120.25828974,23.33279363],[120.26289091,23.33684765],[120.26284783,23.33701126],[120.26662974,23.34055856],[120.26707317,23.34068839],[120.26752016,23.34473274],[120.26525739,23.34466843],[120.26365697,23.34509554],[120.26070463,23.34447354],[120.26135355,23.34589365],[120.26244956,23.34701664],[120.26441533,23.35052858],[120.26564016,23.35224084],[120.26680874,23.35311156],[120.26828008,23.35358509],[120.27048827,23.3536919],[120.27137601,23.35348122],[120.27388602,23.35245062],[120.27477706,23.35171457],[120.27575377,23.35003106],[120.27576644,23.34890902],[120.27628851,23.34821157],[120.27848101,23.34769533],[120.28140746,23.34823535],[120.28612887,23.35021045],[120.28639818,23.35084457],[120.28634131,23.35258026],[120.28596628,23.35422776],[120.2846005,23.35625626],[120.28382794,23.35866442],[120.28366835,23.36000016],[120.28374511,23.36180641],[120.285032,23.36455535],[120.28568238,23.3669348],[120.28723407,23.36883984],[120.28946774,23.37090298],[120.29167802,23.37393616],[120.29294984,23.37538068],[120.29935661,23.37534234],[120.30289788,23.37594143],[120.30795822,23.37494924],[120.3109402,23.37544002],[120.31053505,23.37856559],[120.31048269,23.38184239],[120.3103303,23.38310304],[120.31119126,23.38339699],[120.31099854,23.38557017],[120.31244442,23.38698398],[120.31462364,23.38795233],[120.31486677,23.38850336],[120.31783769,23.38843647],[120.31884,23.38718592],[120.31988882,23.38677621],[120.3194414,23.38603912],[120.32168847,23.38359344],[120.32357073,23.38364595],[120.32410904,23.38426872],[120.328681,23.38611961],[120.3289295,23.38488137],[120.32995213,23.38540228],[120.33182849,23.38575953],[120.33317914,23.38580836],[120.33472654,23.38694459],[120.33738348,23.39045884],[120.33988841,23.39337477],[120.34293024,23.39669696],[120.34301671,23.3981681],[120.34407936,23.39877854],[120.34485496,23.39962389],[120.34632297,23.40038246],[120.34951809,23.40132495],[120.35342848,23.40121537],[120.35481659,23.40146088],[120.35961513,23.40264369],[120.36972795,23.40305267],[120.37186408,23.40325373],[120.37539158,23.40317795],[120.38103527,23.40343776],[120.38229768,23.40379828],[120.38598504,23.40449903],[120.38804594,23.40517318],[120.39322216,23.40645885],[120.39635945,23.40734863],[120.40291363,23.40960387],[120.4047023,23.41028406],[120.40608266,23.41104901],[120.40708832,23.41190181],[120.40810395,23.41342882],[120.4094185,23.41243113],[120.41016246,23.41040813],[120.41146123,23.41023135],[120.41399645,23.41115676],[120.41513979,23.41104747],[120.41629752,23.41042003],[120.41778476,23.40876956],[120.418129,23.40813912],[120.41836644,23.40629733],[120.41957449,23.40377774],[120.42033421,23.40384116],[120.42114094,23.40606988],[120.42206955,23.40709917],[120.42340289,23.40642685],[120.42598658,23.40687022],[120.42762348,23.40639595],[120.42881096,23.40729656],[120.42969474,23.40646596],[120.43050645,23.40659638],[120.4315824,23.40775113],[120.43210988,23.41069672],[120.43319641,23.4112902],[120.43390349,23.41096684],[120.4345831,23.41129243],[120.43448156,23.41220383],[120.43570426,23.41220753],[120.43610342,23.41278369],[120.43707785,23.41236831],[120.4374826,23.41310858],[120.4383568,23.41338872],[120.43939435,23.41295208],[120.44155757,23.41316524],[120.44299631,23.41238732],[120.44437452,23.41109443],[120.44739669,23.40981273],[120.45008016,23.40923332],[120.45178536,23.40829326],[120.45269002,23.40677964],[120.4554582,23.40665975],[120.45732637,23.40541843],[120.45907375,23.40468894],[120.46096553,23.40465788],[120.46083512,23.40372604],[120.46145348,23.40330624],[120.46218386,23.40215572],[120.46440808,23.40119497],[120.46494921,23.4007721],[120.46687825,23.40058369],[120.46749844,23.40112936],[120.46883009,23.4005168],[120.46952028,23.39940616],[120.47103227,23.3989476],[120.47217876,23.39807875],[120.47324296,23.39817082],[120.4740468,23.39734661],[120.47432666,23.39596978],[120.47606149,23.39403829],[120.47611817,23.39353433],[120.47525467,23.39136933],[120.47560804,23.3908372],[120.47746623,23.3907129],[120.47841778,23.38957878],[120.47908177,23.38783731],[120.47941495,23.38759097],[120.48072845,23.38920373],[120.48264686,23.38946276],[120.48336271,23.39007117],[120.48379194,23.39127259],[120.48567027,23.39144016],[120.48526436,23.3927786],[120.48626954,23.39311137],[120.48697448,23.39236832],[120.48987091,23.39461783],[120.48996845,23.39540942],[120.49093189,23.39556234],[120.49337031,23.39480854],[120.49466993,23.39396428],[120.49479232,23.3933095],[120.49558546,23.39318574],[120.4974976,23.39123426],[120.49710129,23.38938636],[120.49921736,23.38785814],[120.49790273,23.38546357],[120.49681449,23.38424711],[120.49577282,23.38388739],[120.49451663,23.38430915],[120.49345585,23.38392328],[120.4926545,23.38317591],[120.49124557,23.38264024],[120.49027414,23.3830725],[120.48931441,23.38187931],[120.48783891,23.38109522],[120.48537815,23.38025045],[120.48439757,23.37948284],[120.48383731,23.37824896],[120.48336456,23.37579996],[120.48351243,23.37469423],[120.48298937,23.37305022],[120.48299793,23.37164108],[120.4838561,23.37060069],[120.48393132,23.36956896],[120.48539975,23.36981666],[120.48708789,23.37105098],[120.48743118,23.37206766],[120.4882402,23.37300305],[120.48944747,23.37283808],[120.48991573,23.37129542],[120.49075318,23.37162374],[120.49142992,23.37246138],[120.49368266,23.37032469],[120.49426724,23.36949003],[120.49505864,23.36987999],[120.49615625,23.36989946],[120.49726138,23.36892736],[120.49871453,23.36869041],[120.49946898,23.36803668],[120.50139585,23.3677492],[120.50217422,23.36817264],[120.5025925,23.36953731],[120.50483224,23.36890331],[120.5045731,23.36827238],[120.50487151,23.36748843],[120.50667438,23.3670835],[120.50705547,23.36607182],[120.50804112,23.36507066],[120.50889323,23.36459211],[120.51053471,23.36436135],[120.5105273,23.36238056],[120.51123551,23.36154595],[120.51115188,23.36081397],[120.51208802,23.36062281],[120.51242187,23.35983268],[120.51216087,23.35821678],[120.51235682,23.35567556],[120.51084078,23.35400412],[120.508086,23.35276145],[120.50750137,23.35390847],[120.50569164,23.35539231],[120.5048023,23.35481223],[120.50407772,23.35288294],[120.5040443,23.35183117],[120.50359557,23.35102652],[120.50368496,23.34950167],[120.50463255,23.34934896],[120.50445164,23.34654543],[120.50564504,23.34556949],[120.50508732,23.34481623],[120.50660467,23.34419631],[120.50770627,23.34304213],[120.5096076,23.34337002],[120.51024324,23.34403179],[120.51199526,23.34413325],[120.51458496,23.34339616],[120.51550544,23.34375221],[120.51696926,23.34253907],[120.51777775,23.34262503],[120.51858365,23.34196868],[120.51976962,23.34177924],[120.520677,23.34194823],[120.5212338,23.34058328],[120.52175236,23.34038892],[120.52310873,23.34067981],[120.52375358,23.34009795],[120.52383078,23.33942068],[120.52453512,23.33830668],[120.52584978,23.3391994],[120.52692783,23.33938674],[120.52758872,23.33859076],[120.53029139,23.33806369],[120.53153189,23.33681812],[120.53281385,23.33637957],[120.53372043,23.33647292],[120.53404124,23.33576938],[120.53681189,23.33326459],[120.53740357,23.33172079],[120.53820043,23.33083399],[120.53837104,23.33005348],[120.53999421,23.32787134],[120.53705395,23.32653961],[120.53595458,23.32425573],[120.53377883,23.32197741],[120.53284873,23.32179351],[120.53194899,23.32115001],[120.53148645,23.31790784],[120.53072224,23.31704925],[120.53012928,23.31725805],[120.52834399,23.31593282],[120.52728021,23.31463759],[120.52607305,23.31429278],[120.52389023,23.31334833],[120.52260645,23.31188722],[120.5227615,23.31008766],[120.52335857,23.30870135],[120.52336602,23.30636696],[120.52408516,23.30336664],[120.52387896,23.30239295],[120.52453929,23.30127425],[120.52567887,23.29824236],[120.52627203,23.29584715],[120.5260082,23.29222851],[120.52446159,23.29154534],[120.52377145,23.2901054],[120.52257495,23.28932205],[120.52184563,23.28794737],[120.52218513,23.28613392],[120.52290762,23.28460915],[120.52262218,23.28302065],[120.52292628,23.28241822],[120.52270415,23.28142128],[120.52112944,23.27992735],[120.52141257,23.27805088],[120.52188256,23.2766056],[120.52171,23.27583275],[120.52232769,23.27438401],[120.52221944,23.27396592],[120.52042496,23.2717782],[120.52215764,23.27029874],[120.52253548,23.26925493],[120.52365256,23.26819197],[120.52609038,23.26649069],[120.52622369,23.26503101],[120.52668895,23.26401662],[120.5279019,23.263092],[120.52841253,23.26223066],[120.52874233,23.26020013],[120.52921003,23.25948197],[120.52924877,23.25801253],[120.53056275,23.25729621],[120.53073356,23.25603222],[120.53228466,23.25514622],[120.53206348,23.25412592],[120.53154272,23.2534349],[120.53153471,23.25198813],[120.53087649,23.25107223],[120.53059773,23.24943517],[120.52996905,23.24795099],[120.52911881,23.24726445],[120.52790772,23.24536169],[120.52430509,23.24212039],[120.52271331,23.24115722],[120.52089297,23.24043709],[120.51903598,23.23925766],[120.51980448,23.23780319],[120.52060362,23.23764252],[120.52090104,23.23686694],[120.52161115,23.23645358],[120.52315249,23.23495316],[120.52347478,23.23411448],[120.52460668,23.23262951],[120.52574306,23.23153371],[120.52681931,23.23093488],[120.52787879,23.23197415],[120.52958633,23.23256778],[120.53117372,23.23181123],[120.53195758,23.22966678],[120.53405088,23.22898959],[120.53621223,23.22917642],[120.53718924,23.22862544],[120.53975967,23.22766923],[120.54150716,23.22783087],[120.54240081,23.22699707],[120.54398786,23.226585],[120.54638081,23.22509655],[120.54871567,23.22381206],[120.54978443,23.22133963],[120.55051982,23.22073246],[120.55241021,23.22032651],[120.5536322,23.21883863],[120.55430996,23.21874768],[120.55487527,23.21757683],[120.55546596,23.21735455],[120.55750096,23.21723673],[120.55807679,23.21682442],[120.5600044,23.21729132],[120.56137185,23.21741601],[120.56378356,23.22021762],[120.56528751,23.22098153],[120.56733301,23.21982903],[120.56900812,23.21945452],[120.57102492,23.21821623],[120.5725058,23.21780747],[120.57470618,23.21776724],[120.57621635,23.21660445],[120.57852169,23.21524743],[120.57921537,23.21691334],[120.57968085,23.21899231],[120.5801489,23.21947442],[120.58198466,23.22009483],[120.58292674,23.2213634],[120.58489743,23.2232473],[120.58654704,23.22409497],[120.58897535,23.23026001],[120.58993753,23.23141913],[120.59019194,23.23273913],[120.59013646,23.23388691],[120.5907631,23.23517843],[120.5917016,23.23611974],[120.5921268,23.23733042],[120.59234966,23.23974274],[120.59379509,23.23942047],[120.59572186,23.23688551],[120.5964258,23.23503692],[120.59662158,23.23311666],[120.59638561,23.23172062],[120.59688591,23.22973958],[120.5974298,23.22888533],[120.59877544,23.22798698],[120.60030461,23.22756006],[120.60272196,23.22608199],[120.6060393,23.22589354],[120.60817202,23.22467929],[120.60971376,23.22273233],[120.6116487,23.22281634],[120.61285133,23.22395447],[120.61343874,23.2240095],[120.61529906,23.22352776],[120.61670736,23.22355619],[120.61859518,23.22574894],[120.61957132,23.22578777],[120.62216202,23.22660857],[120.6249651,23.22728565],[120.62618606,23.22855825],[120.62821178,23.22943999],[120.62956669,23.22905815],[120.63106083,23.22953675],[120.6320195,23.22888735],[120.63338605,23.22862335],[120.63436624,23.22914704],[120.63548169,23.2284433],[120.63712992,23.22828848],[120.63797554,23.22790902],[120.6389058,23.22795092],[120.64052307,23.22704048],[120.6410441,23.22651055],[120.64272139,23.22562313],[120.64417408,23.22531891],[120.6453938,23.22636798],[120.64690779,23.22713479],[120.64809354,23.22647335],[120.64823258,23.22554578],[120.6506471,23.22461282],[120.65138285,23.22408818],[120.65344466,23.22453991],[120.65184831,23.22624594],[120.65052113,23.22719839],[120.64948357,23.22864089],[120.64954136,23.2304762],[120.65004703,23.23149443],[120.64994542,23.23213979],[120.65043151,23.23485451],[120.65114436,23.23552081],[120.65052025,23.23709147],[120.65085099,23.23799332],[120.64999973,23.23956118],[120.64918452,23.2404929],[120.64938477,23.24167522],[120.64882627,23.2437032],[120.64789303,23.24463016],[120.64845677,23.24511069],[120.64853349,23.24597117],[120.64916901,23.24708013],[120.64805785,23.24846487],[120.64844939,23.24925407],[120.64669578,23.25093044],[120.64574017,23.25252766],[120.64437237,23.25368661],[120.64423914,23.25442728],[120.6429751,23.25557021],[120.64208204,23.25681095],[120.64189664,23.25774006],[120.6421211,23.2606337],[120.64184753,23.26208186],[120.64103782,23.26404599],[120.64069045,23.26651741],[120.63851741,23.26882436],[120.63829059,23.26949921],[120.63900997,23.2704412],[120.64097407,23.27091764],[120.64124279,23.27151526],[120.64057091,23.27399995],[120.64172388,23.27455687],[120.64315241,23.275982],[120.64300321,23.27684019],[120.64211219,23.27741004],[120.64191257,23.27854362],[120.64261835,23.2802092],[120.64360851,23.2811126],[120.64405026,23.28223006],[120.64341309,23.28430908],[120.64335085,23.28583831],[120.64302053,23.28660136],[120.64211539,23.28705435],[120.64218301,23.28810343],[120.64341008,23.28889653],[120.64366703,23.29007388],[120.64292191,23.29170041],[120.64210105,23.29245709],[120.64240872,23.29378154],[120.6432534,23.2947257],[120.64374349,23.29609934],[120.64574028,23.29689098],[120.64679293,23.29750267],[120.6473273,23.29721885],[120.64838818,23.29514978],[120.6490538,23.29341918],[120.65064425,23.29174369],[120.6520033,23.29117256],[120.65390703,23.2913058],[120.65531885,23.29193554],[120.657409,23.29524609],[120.65806563,23.29595161],[120.65875234,23.29590886],[120.65966952,23.29476281],[120.66191032,23.29490668],[120.66198356,23.29396324],[120.66267392,23.29354257],[120.66390823,23.29384123],[120.66538929,23.29317053],[120.6656189,23.29408589],[120.66616568,23.29432257],[120.66731352,23.29402742],[120.66839394,23.2919754],[120.66934388,23.29235463],[120.66987931,23.29202385],[120.67024667,23.2907491],[120.67140965,23.28997108],[120.67333479,23.29099793],[120.67454847,23.29089006],[120.67613028,23.29004515],[120.67616586,23.28859675],[120.67746678,23.28825297],[120.6783916,23.28886696],[120.68015854,23.2885773],[120.68192248,23.2876442],[120.68389829,23.28710965],[120.68552708,23.28699922],[120.68717002,23.2866013],[120.68989637,23.28530934],[120.69177243,23.2851303],[120.69351093,23.28454224],[120.69661258,23.28434921],[120.69954328,23.2844257],[120.70116014,23.28555871],[120.70139616,23.28689682],[120.70262066,23.28793078],[120.70353449,23.28946185],[120.70334285,23.29031084],[120.70256959,23.29105024],[120.70287314,23.29179428],[120.70232552,23.29409488],[120.70283365,23.29756565],[120.70363625,23.3001098],[120.70437673,23.30197666],[120.70542879,23.30279732],[120.70676994,23.30472984],[120.70939428,23.3061002],[120.71122013,23.30743848],[120.71216585,23.30869911],[120.71291468,23.3086169],[120.716284,23.30761103],[120.71797323,23.30806641],[120.71930394,23.30806665],[120.72063992,23.30834223],[120.72196488,23.30813828],[120.72605154,23.30663753],[120.7306292,23.30561388],[120.73080568,23.30781347],[120.73022088,23.30939088],[120.73016742,23.31075807],[120.73077854,23.31196468],[120.7316094,23.31275966],[120.73230712,23.31386087],[120.73431592,23.31514403],[120.73631763,23.31599806],[120.73872492,23.3164153],[120.7396792,23.31708558],[120.74007193,23.3177786],[120.74038586,23.320434],[120.74079814,23.32093828],[120.74224849,23.32146805],[120.74636904,23.32159132],[120.74785578,23.32191125],[120.74926755,23.32344739],[120.75007298,23.32404086],[120.75046782,23.32550744],[120.75111821,23.32615975],[120.75263925,23.32672215],[120.75325068,23.32819265],[120.75217504,23.33017686],[120.75283559,23.33136153],[120.75472519,23.33175888],[120.75644379,23.33279167],[120.75843387,23.33548578],[120.75882723,23.33644587],[120.75855098,23.33730334],[120.7577137,23.33773332],[120.75707791,23.33856136],[120.75748235,23.33957315],[120.75848333,23.34087022],[120.75847573,23.34162228],[120.75751196,23.34297922],[120.75806856,23.3442666],[120.7594238,23.34427718],[120.7606727,23.34390943],[120.76303604,23.34276373],[120.76394984,23.34182931],[120.76488896,23.34169487],[120.7662994,23.3424843],[120.7669413,23.34335342],[120.76845508,23.34387956],[120.76940688,23.34357477],[120.77116974,23.34245626],[120.77301654,23.34187257],[120.77493062,23.34320139],[120.77713461,23.34354047],[120.77795205,23.3434027],[120.77858039,23.34266681],[120.78044231,23.34228984],[120.7832142,23.34220636],[120.78374546,23.34258221],[120.78476052,23.34481999],[120.78554041,23.3456001],[120.78679394,23.34558624],[120.78758083,23.34614322],[120.7885137,23.3482835],[120.78866942,23.34944449],[120.78826271,23.35199978],[120.78845141,23.35282278],[120.78922027,23.35312937],[120.79086044,23.35316921],[120.79203503,23.35395405],[120.79163996,23.35561064],[120.79165424,23.35659638],[120.79221339,23.35743838],[120.79346918,23.35753288],[120.79526358,23.35675519],[120.79624122,23.35685957],[120.79715934,23.35841929],[120.79743803,23.35969634],[120.79790264,23.36031641],[120.79912468,23.36111445],[120.80078991,23.3609563],[120.80083302,23.36329991],[120.80204719,23.3650908],[120.80298281,23.3660321],[120.80469406,23.36721319],[120.80470905,23.36763128],[120.80327263,23.36946235],[120.80347082,23.37003244],[120.80494052,23.37095875],[120.80641053,23.3704694],[120.80701811,23.36934362],[120.80851824,23.36839291],[120.80983447,23.36955004],[120.81189984,23.36969617],[120.81299821,23.36930785],[120.81483525,23.37019417],[120.81585593,23.37136647],[120.81768003,23.37114348],[120.81957685,23.37114464],[120.82119402,23.37052455],[120.82337224,23.37198068],[120.82524667,23.37162374],[120.82530126,23.37285882],[120.82605897,23.37370823],[120.82852773,23.37495616],[120.82911135,23.37579859],[120.82939782,23.3774327],[120.82938864,23.37996641],[120.8297668,23.38157866],[120.82937367,23.38315025],[120.83016516,23.38445172],[120.8309711,23.38660288],[120.83291393,23.3872074],[120.83435982,23.38659626],[120.83490521,23.38771939],[120.83410384,23.38872426],[120.83411693,23.38965437],[120.83570873,23.39004514],[120.83632857,23.39239161],[120.83687222,23.39338843],[120.83887926,23.3944813],[120.84053363,23.39454504],[120.84100645,23.39492486],[120.84095455,23.39617968],[120.83970515,23.39609466],[120.83844475,23.3969929],[120.83841277,23.398249],[120.84009384,23.3993699],[120.84074807,23.40007667],[120.84104272,23.40101223],[120.84255331,23.40198344],[120.84309559,23.40328409],[120.84393856,23.40392589],[120.84426748,23.40594955],[120.8446509,23.40669619],[120.84475408,23.40823045],[120.84619829,23.40936057],[120.84772074,23.41015915],[120.84792394,23.41121458],[120.84911473,23.41177023],[120.84950708,23.41286422],[120.84930108,23.4141762],[120.8492757,23.41648846],[120.84952452,23.41774851],[120.84917105,23.41948653],[120.85019767,23.4206178],[120.85309255,23.42194153],[120.85365899,23.42302581],[120.85460406,23.42305987],[120.85639008,23.42200095],[120.85728081,23.42212489],[120.85796435,23.42325482],[120.85801006,23.42408522],[120.85855375,23.42489461],[120.85933266,23.42496798],[120.85976819,23.42393488],[120.86186975,23.42419982],[120.86230406,23.42457918],[120.86432587,23.42388985],[120.86500954,23.42499123],[120.86599036,23.42536933],[120.86624946,23.42607971],[120.86812563,23.42664651],[120.86931585,23.42625894],[120.86988801,23.42670282],[120.87052737,23.42835834],[120.87173788,23.42959879],[120.87374459,23.42983283],[120.87555557,23.43156493],[120.8753618,23.432769],[120.87891786,23.43215063],[120.8798258,23.4326124],[120.88100452,23.43280597],[120.88200051,23.43332611],[120.88274719,23.43459872],[120.88282204,23.43541521],[120.88382406,23.4362568],[120.88523362,23.43497239],[120.88651166,23.4347625],[120.88709381,23.43520388],[120.887462,23.43669346],[120.88840936,23.43740033],[120.88879201,23.43913085],[120.8897615,23.44102017],[120.89069691,23.44241391],[120.89059683,23.44343974],[120.89139429,23.44423152],[120.891706,23.44535449],[120.89232567,23.44633729],[120.89287117,23.44521517],[120.89380002,23.44519423],[120.89514543,23.44592259],[120.89563449,23.44669605],[120.89583835,23.44827248],[120.89641758,23.44959509],[120.89624458,23.45041746],[120.89678293,23.45090091],[120.89882925,23.45114061],[120.90058735,23.4524243],[120.90035091,23.4537439],[120.90103095,23.45421248],[120.90236862,23.45414246],[120.90448389,23.45294876],[120.90566956,23.45317655],[120.90644126,23.45459193],[120.90746444,23.45504174],[120.90833053,23.45670656],[120.90994428,23.45778913],[120.91109525,23.4575748],[120.91208017,23.45782374],[120.91269949,23.45848066],[120.91538478,23.45809375],[120.91589805,23.45882071],[120.91827488,23.45883655],[120.92099307,23.45912651],[120.92155635,23.4590378],[120.92248295,23.45814388],[120.92387256,23.45834705],[120.9264038,23.45734399],[120.9268402,23.45599841],[120.92848238,23.45549393],[120.92830388,23.45678394],[120.9302085,23.45722947],[120.93117848,23.45705826],[120.93257041,23.45786977],[120.93400479,23.45807238],[120.93510613,23.45890538],[120.93449397,23.45989241],[120.93449773,23.46145138],[120.93663886,23.4637816],[120.93890782,23.4639154],[120.94028057,23.46312212],[120.94167458,23.46306336],[120.94218569,23.46339072],[120.94442628,23.4634398],[120.95028265,23.46479941],[120.95203014,23.46580202],[120.95599932,23.46733589],[120.95710617,23.46839828],[120.9575149,23.46950277],[120.95687988,23.46962224],[120.95525202,23.46926586],[120.95395051,23.46875663],[120.9525697,23.46785794],[120.95129278,23.46752981],[120.94912299,23.46758568],[120.94751878,23.46712333],[120.94657254,23.46761811],[120.94518943,23.46775948],[120.94255096,23.46915435],[120.94158459,23.46983758],[120.93932733,23.47213288],[120.93795449,23.47292613],[120.93671193,23.47318298],[120.93464996,23.47311349],[120.9339423,23.47277674],[120.9323811,23.47113132],[120.93078478,23.47070315],[120.93007002,23.47143411],[120.92882307,23.47173917],[120.92649558,23.47296049],[120.92523705,23.47313017],[120.92355312,23.47369704],[120.9207113,23.47495365],[120.91920096,23.47485734],[120.91748288,23.47569315],[120.91542461,23.4746797],[120.91464425,23.47470872],[120.91134344,23.4760573],[120.91021171,23.47623011],[120.90805417,23.47582229],[120.90667884,23.47603816],[120.90195244,23.47608124],[120.90086417,23.47592857],[120.89962359,23.47536769],[120.89831334,23.47580774],[120.89603252,23.47586649],[120.89461461,23.47554379],[120.891797,23.47567785],[120.88714193,23.47560495],[120.88617748,23.47537305],[120.88426908,23.47430882],[120.88413865,23.47314149],[120.88319857,23.47215735],[120.8820585,23.47001331],[120.88189915,23.46828966],[120.88079741,23.46764249],[120.87653002,23.46781703],[120.87309485,23.46852801],[120.87115487,23.46960727],[120.86833879,23.47062631],[120.86668908,23.472299],[120.8657598,23.47245078],[120.86358298,23.47347419],[120.86242889,23.47350112],[120.85812573,23.47284769],[120.85622357,23.47342544],[120.85299309,23.47314881],[120.84991421,23.47219811],[120.84874154,23.4721555],[120.84656828,23.47307974],[120.84408462,23.47281167],[120.84254991,23.47326988],[120.84146198,23.47291887],[120.83971601,23.47147438],[120.83897233,23.47121982],[120.83599822,23.47255812],[120.83489684,23.47370012],[120.83264215,23.47473266],[120.83210527,23.47581345],[120.83165141,23.47766313],[120.82989499,23.48072961],[120.82823083,23.48185921],[120.82707494,23.48338279],[120.82618035,23.48851524],[120.82530319,23.4897108],[120.82545843,23.49180218],[120.82544394,23.49482261],[120.82463343,23.496608],[120.82373758,23.49698599],[120.8228198,23.49891949],[120.82295363,23.4999286],[120.82353111,23.50123185],[120.82406205,23.50413082],[120.82394982,23.50580571],[120.82316933,23.50728654],[120.82279479,23.50904138],[120.8231772,23.51094294],[120.82280183,23.51174631],[120.82151549,23.51267889],[120.81987095,23.51453407],[120.819555,23.51558243],[120.81976839,23.51749812],[120.81911294,23.51953544],[120.82038805,23.52126214],[120.81964032,23.52225061],[120.81813516,23.52346236],[120.81718643,23.52539624],[120.81439578,23.52903203],[120.81419385,23.5297982],[120.81250347,23.53252962],[120.81095038,23.53450047],[120.80989521,23.53543163],[120.80861015,23.53618708],[120.80896837,23.53761102],[120.80832344,23.53930108],[120.80847506,23.54085694],[120.80817577,23.54213483],[120.8088318,23.54586157],[120.80993242,23.54704872],[120.80998805,23.54787753],[120.81128666,23.54942827],[120.81149315,23.55105605],[120.81462184,23.55180666],[120.81586292,23.55311053],[120.81590194,23.55366773],[120.81458817,23.55467354],[120.8140047,23.55600073],[120.81502336,23.55700478],[120.81588078,23.55736939],[120.81666354,23.55855982],[120.8178112,23.55940525],[120.81829179,23.56027085],[120.81904181,23.5605073],[120.82067633,23.56262192],[120.82008373,23.56339645],[120.81992285,23.56451839],[120.82146524,23.56823639],[120.82143667,23.56947722],[120.82107735,23.57001947],[120.82189665,23.57091164],[120.82169182,23.57149934],[120.82045363,23.57284903],[120.81957348,23.57486971],[120.81986766,23.57746051],[120.82031992,23.5788101],[120.82123055,23.57942681],[120.82163598,23.58011372],[120.8213158,23.58125446],[120.82176947,23.58224397],[120.82227542,23.58241228],[120.82295352,23.58351584],[120.8237048,23.58411692],[120.82469105,23.58420361],[120.82462724,23.58531841],[120.82538792,23.58653869],[120.82370416,23.58716035],[120.82202294,23.58861681],[120.82069114,23.58953789],[120.81988464,23.59043917],[120.81894932,23.59238662],[120.81866946,23.59371531],[120.81766034,23.59432357],[120.81686985,23.59560321],[120.81712107,23.59634102],[120.81861133,23.59824307],[120.8183148,23.5990607],[120.81762813,23.59960169],[120.81615781,23.59996115],[120.81390265,23.60095176],[120.81125816,23.6001358],[120.80979047,23.59868913],[120.80775746,23.59852998],[120.80641323,23.59876873],[120.80512343,23.59861842],[120.80404068,23.59765741],[120.80353086,23.59670377],[120.8010908,23.59662628],[120.79953756,23.59717437],[120.7980734,23.59744528],[120.79628439,23.59716587],[120.7949161,23.59724905],[120.79413651,23.59824201],[120.7914492,23.60062325],[120.79087068,23.60094535],[120.78744983,23.60127179],[120.78374269,23.60071652],[120.77956887,23.60160662],[120.77831043,23.60203426],[120.77732749,23.60267545],[120.77675052,23.60383342],[120.77457483,23.60520655],[120.77327941,23.60565545],[120.77021898,23.60596397],[120.76964568,23.60693354],[120.76963087,23.60807748],[120.76762668,23.60957166],[120.76689869,23.60976527],[120.76428142,23.61223882],[120.76326136,23.61251769],[120.76219478,23.61232882],[120.7580798,23.61248939],[120.75538251,23.61417005],[120.75431153,23.61464031],[120.75293516,23.61484924],[120.75145513,23.61463595],[120.75047118,23.61406746],[120.74900484,23.61201628],[120.74747909,23.61116519],[120.74635371,23.612479],[120.74438694,23.61266695],[120.74175072,23.61243277],[120.74106534,23.61207944],[120.74029152,23.61111313],[120.73901429,23.61014305],[120.73771987,23.60967884],[120.73585739,23.60954822],[120.7345388,23.61007517],[120.73086329,23.61080836]],[[120.44758126,23.51818865],[120.44940207,23.51710819],[120.45113007,23.51685039],[120.45327306,23.51587882],[120.45631635,23.51601251],[120.45736712,23.51529169],[120.45738322,23.51364024],[120.45621694,23.51283605],[120.45630315,23.51177123],[120.45777136,23.50891736],[120.45917513,23.50802605],[120.46007235,23.50704181],[120.46148877,23.50468677],[120.46205951,23.50326713],[120.46204998,23.5020682],[120.46261956,23.50073692],[120.46384863,23.49940541],[120.46549477,23.49874218],[120.46746768,23.49878279],[120.46924331,23.49943056],[120.47012136,23.50021468],[120.47058378,23.50205622],[120.47082354,23.5038214],[120.47258059,23.50520143],[120.4734968,23.50684907],[120.47474824,23.50681952],[120.4764106,23.5059942],[120.47813855,23.50490294],[120.47967402,23.50440735],[120.48130264,23.50438673],[120.48315041,23.50536399],[120.48343039,23.50432354],[120.48403515,23.50385139],[120.48468838,23.50136527],[120.48440376,23.50001975],[120.48459726,23.49886686],[120.4836767,23.49824119],[120.48363894,23.49656057],[120.48433217,23.49513031],[120.48610331,23.49334009],[120.48725348,23.49269822],[120.48780132,23.49193642],[120.48906448,23.49156894],[120.49155849,23.49115254],[120.49219469,23.49134933],[120.49361013,23.49112848],[120.49424426,23.49018588],[120.49603948,23.49009826],[120.49715816,23.490605],[120.49903282,23.49078958],[120.50015896,23.49067771],[120.50130819,23.48981957],[120.50096128,23.48859742],[120.50187664,23.48710885],[120.50190332,23.48632923],[120.50257258,23.48548191],[120.50337316,23.48543436],[120.50305715,23.48325321],[120.50246884,23.48290453],[120.50242368,23.48188601],[120.5017652,23.48171002],[120.50188625,23.4808979],[120.50407371,23.48097902],[120.5039764,23.47875922],[120.50496385,23.47881105],[120.50700233,23.47713353],[120.50713438,23.47658811],[120.5092338,23.47484253],[120.50936819,23.47416962],[120.50919981,23.47213205],[120.50856139,23.47136508],[120.5072582,23.47179216],[120.50655694,23.4700927],[120.50505223,23.46960398],[120.50383845,23.4672541],[120.50176185,23.46691737],[120.50122171,23.46603771],[120.49996447,23.46554415],[120.49992142,23.46464221],[120.50044559,23.46303255],[120.5007345,23.46141145],[120.5004571,23.46054972],[120.49947713,23.45976385],[120.49851842,23.45841152],[120.49752905,23.45787035],[120.49688924,23.45611829],[120.49706477,23.45534173],[120.49614276,23.4546675],[120.49490875,23.4527841],[120.49013306,23.45211264],[120.48940105,23.45235308],[120.48599025,23.45524181],[120.48443978,23.45640828],[120.48169327,23.45807328],[120.48076634,23.45986467],[120.48002118,23.46039696],[120.47698954,23.46192252],[120.47539559,23.46212125],[120.47204986,23.46185837],[120.47089954,23.46191958],[120.46865077,23.46159978],[120.46632815,23.45985866],[120.46562306,23.45894805],[120.46451804,23.45824426],[120.46471251,23.45753767],[120.46447228,23.45558144],[120.46331637,23.45530599],[120.46106503,23.4553412],[120.46024201,23.45449926],[120.45898742,23.45420133],[120.45731255,23.45284733],[120.45542189,23.45033115],[120.45470862,23.45032033],[120.45460487,23.44832202],[120.45286373,23.44486773],[120.4516549,23.44403604],[120.45023687,23.44345349],[120.44877107,23.44363148],[120.44712274,23.44340424],[120.44529785,23.44244758],[120.44166429,23.44016733],[120.43957039,23.43955756],[120.43882247,23.44047874],[120.43873673,23.44116193],[120.43714091,23.44241003],[120.43670767,23.44333379],[120.43586987,23.44356167],[120.43595583,23.44419643],[120.43804819,23.44473965],[120.43855757,23.4457114],[120.43776765,23.44669896],[120.43703125,23.44643176],[120.43601741,23.44815683],[120.43514934,23.44890916],[120.43445934,23.45069039],[120.43284451,23.45010965],[120.43013856,23.45254632],[120.42929265,23.46104288],[120.42603945,23.46074788],[120.42481418,23.46091926],[120.42409046,23.4613655],[120.42208281,23.46093334],[120.42173899,23.46109991],[120.41515549,23.46027673],[120.41345786,23.46172476],[120.41299674,23.46242964],[120.41302617,23.4636591],[120.41214299,23.46454391],[120.41127403,23.46478668],[120.40986605,23.46462258],[120.40925692,23.46428542],[120.4081294,23.46437038],[120.40651238,23.46360287],[120.40372886,23.46330452],[120.40186348,23.46341623],[120.40016984,23.46324456],[120.3971691,23.46258897],[120.39416729,23.46252149],[120.39421546,23.46619918],[120.3952725,23.46745326],[120.39664061,23.46774465],[120.39799127,23.47036243],[120.39925856,23.47103285],[120.39849883,23.47400847],[120.39880174,23.4756742],[120.3984797,23.47595867],[120.39878931,23.47797052],[120.39799694,23.47950954],[120.39688231,23.47953443],[120.39690477,23.48044275],[120.39441307,23.48076768],[120.39396229,23.48201357],[120.3934327,23.4823789],[120.39333395,23.48366239],[120.39364291,23.48620792],[120.39406905,23.48684395],[120.39393084,23.48895095],[120.39471622,23.49074898],[120.39041285,23.49118798],[120.38977945,23.49135271],[120.38926727,23.4939826],[120.3893538,23.49600722],[120.38919018,23.49715086],[120.38995144,23.49794426],[120.38933268,23.49859485],[120.39001624,23.49935929],[120.39151108,23.50026935],[120.39497634,23.50071971],[120.39744522,23.49973985],[120.39926339,23.49876697],[120.40019896,23.49875754],[120.40021607,23.49995491],[120.40100387,23.50187301],[120.40327306,23.50323503],[120.40382339,23.50373884],[120.40568341,23.50372104],[120.4063967,23.50417772],[120.40880063,23.5065739],[120.40807545,23.50403615],[120.40788015,23.50198895],[120.40845284,23.49844038],[120.40959993,23.49844665],[120.41198364,23.49901701],[120.41258814,23.49975924],[120.41341614,23.50240769],[120.41542029,23.5038376],[120.41661855,23.50527858],[120.41758631,23.50558293],[120.41955008,23.50573863],[120.42096603,23.50605847],[120.42426805,23.50619533],[120.42498836,23.50644288],[120.4262753,23.50876089],[120.42786256,23.5092455],[120.43152376,23.50874225],[120.43317864,23.50891933],[120.43373691,23.50969516],[120.43371177,23.51140849],[120.43256773,23.51344271],[120.4335291,23.51434466],[120.43401857,23.51602361],[120.43346258,23.51649644],[120.43376588,23.51722463],[120.43503751,23.51726922],[120.43640042,23.51630289],[120.43735724,23.51514874],[120.4371364,23.51403556],[120.43905121,23.51224047],[120.44049821,23.51193967],[120.44203546,23.5129829],[120.44209997,23.51365916],[120.44065094,23.51798333],[120.44249614,23.51807712],[120.44448114,23.5173336],[120.44516731,23.51815238],[120.44676264,23.5184298],[120.44758126,23.51818865]]],[[[120.13689321,23.42136325],[120.1354654,23.42376173],[120.13550985,23.42226307],[120.13601442,23.42164508],[120.13689321,23.42136325]]],[[[120.15191506,23.39273823],[120.15194944,23.39300479],[120.15069558,23.39575878],[120.15063436,23.39648984],[120.1498003,23.39853503],[120.14474253,23.4037762],[120.14361795,23.40661661],[120.14282466,23.40947238],[120.14151291,23.41237721],[120.14083813,23.41145023],[120.14179179,23.40829512],[120.14389008,23.40288212],[120.14770516,23.39853716],[120.1497105,23.39136278],[120.15042792,23.38926504],[120.15158613,23.38947224],[120.15238743,23.39044953],[120.15159605,23.39115406],[120.15100978,23.39217348],[120.15191506,23.39273823]]]]},"properties":{"gml_id":"layer_city_boundary_pg.43","Name":"嘉义县","layer":"市","code":"711500000000","grade":2}},
{"type":"Feature","geometry":{"type":"MultiPolygon","coordinates":[[[[120.86456828,22.84308204],[120.86356435,22.8440751],[120.8627851,22.84550617],[120.86252118,22.84681276],[120.8597309,22.84875077],[120.85935549,22.84946438],[120.85993027,22.85146309],[120.85884697,22.85219492],[120.85699579,22.85300081],[120.8561997,22.85512946],[120.85450845,22.85611109],[120.85318828,22.85762296],[120.85145106,22.85558521],[120.84896836,22.85329374],[120.84835807,22.85194777],[120.84717615,22.85196732],[120.84384882,22.85343503],[120.84298139,22.85421124],[120.84224747,22.85572715],[120.84119545,22.85728632],[120.84161669,22.8589074],[120.84094611,22.86038293],[120.83988065,22.86168722],[120.83881871,22.86250645],[120.83725103,22.86423469],[120.83613077,22.86435632],[120.83487043,22.86483707],[120.83304109,22.86627407],[120.83260214,22.86633357],[120.83011454,22.86584625],[120.8283248,22.86579523],[120.82612713,22.86639376],[120.82434034,22.86636333],[120.82295995,22.86572244],[120.8215901,22.86457561],[120.82014001,22.86306035],[120.81909192,22.86234602],[120.81589046,22.86211195],[120.81516753,22.86165767],[120.81418723,22.86045003],[120.81370154,22.85902326],[120.81381105,22.85766261],[120.81340259,22.85732838],[120.81186034,22.85706299],[120.80707702,22.85486722],[120.80508196,22.85335803],[120.803589,22.85290702],[120.80264402,22.85237129],[120.80108178,22.85102924],[120.79984964,22.85100951],[120.79796219,22.85171475],[120.79568452,22.85175346],[120.79412735,22.85219727],[120.7933508,22.85203184],[120.79266138,22.85083561],[120.79170386,22.84837284],[120.79209887,22.84523452],[120.79278971,22.84336679],[120.79299422,22.84229973],[120.79269501,22.8411193],[120.79020825,22.84014529],[120.78871727,22.84021373],[120.78584292,22.83990312],[120.7843802,22.83872823],[120.78206908,22.83646007],[120.77997055,22.83536688],[120.77871486,22.83520389],[120.77598957,22.83649642],[120.77441296,22.83765276],[120.77390924,22.83845136],[120.77289442,22.84109622],[120.7715378,22.84186985],[120.77074341,22.84350255],[120.76991828,22.84455455],[120.76851475,22.84520255],[120.76592685,22.84870374],[120.764383,22.84886206],[120.76400046,22.84928718],[120.76376175,22.85172878],[120.7630092,22.85458555],[120.76215898,22.85681363],[120.75877153,22.86092636],[120.7565598,22.86222315],[120.75589509,22.86297539],[120.75529445,22.86444582],[120.75393234,22.86518118],[120.75229914,22.86469775],[120.7510072,22.86495446],[120.74926425,22.86568285],[120.74796703,22.86683544],[120.74658795,22.86778455],[120.74634922,22.86915184],[120.74579968,22.86983604],[120.74418607,22.87118303],[120.74348314,22.87204593],[120.74268254,22.87355314],[120.74107785,22.87409605],[120.73747339,22.87429755],[120.73538236,22.8748967],[120.73324705,22.87533098],[120.73094272,22.8762565],[120.73005228,22.8767862],[120.72700619,22.87901598],[120.72502265,22.88083343],[120.7220964,22.88130448],[120.72051076,22.88199853],[120.71712455,22.88097038],[120.71350033,22.88083388],[120.71105968,22.88120023],[120.70978497,22.88110265],[120.70825658,22.88164659],[120.70575084,22.88117272],[120.70454345,22.880669],[120.70254214,22.87924173],[120.70197701,22.87738149],[120.70136916,22.8764835],[120.69959826,22.87505603],[120.69789976,22.87306313],[120.69198158,22.86845418],[120.69195209,22.86765796],[120.69102269,22.86556279],[120.6905438,22.8648746],[120.6895861,22.86472857],[120.68622474,22.86466514],[120.68404143,22.86351506],[120.68190235,22.86315411],[120.67919067,22.86295292],[120.67885335,22.86270394],[120.67810641,22.85949356],[120.67672734,22.85725615],[120.67479411,22.85670476],[120.67211793,22.8563539],[120.66988799,22.85686833],[120.66934654,22.85735371],[120.6685754,22.85871602],[120.66655458,22.85891377],[120.66555391,22.85868772],[120.66429985,22.85880862],[120.66091013,22.8596724],[120.66048565,22.86000274],[120.65948572,22.86192054],[120.65934162,22.86417151],[120.658651,22.86607234],[120.65966294,22.86995025],[120.65937906,22.87148878],[120.65842471,22.87433801],[120.65832278,22.87848219],[120.65805591,22.87971016],[120.65648824,22.88134722],[120.65487801,22.88147538],[120.65319377,22.88036266],[120.65234854,22.87947147],[120.65181913,22.87812096],[120.65102574,22.87721526],[120.64943143,22.87695714],[120.64844169,22.87713287],[120.64793858,22.87787854],[120.64757112,22.88066946],[120.64650279,22.88379408],[120.64503365,22.88517811],[120.64306902,22.88419213],[120.64044207,22.88309814],[120.63808651,22.88267354],[120.63703605,22.88232737],[120.63576771,22.88139602],[120.63437522,22.88075013],[120.63040855,22.87991319],[120.62835314,22.87928213],[120.62601715,22.87830219],[120.62247985,22.87625442],[120.62063546,22.87558508],[120.61675494,22.87681712],[120.6150923,22.8767453],[120.61293732,22.87607674],[120.60582552,22.87321356],[120.60234065,22.87069421],[120.59809974,22.86687792],[120.59525965,22.86366593],[120.59405748,22.86270496],[120.58564272,22.85651924],[120.57640953,22.84938545],[120.5748127,22.84820603],[120.57069159,22.84437071],[120.56959404,22.84315885],[120.56821576,22.84100202],[120.56669656,22.83836119],[120.5655731,22.83709408],[120.56357487,22.83527495],[120.56153054,22.83382702],[120.55758681,22.8320973],[120.55420026,22.8288278],[120.55226114,22.82830665],[120.55001102,22.82848173],[120.54803106,22.82843581],[120.54653978,22.82903842],[120.54406781,22.82979732],[120.54219519,22.82935708],[120.54141963,22.82958275],[120.53824124,22.82924657],[120.53643788,22.82926901],[120.53506119,22.82970029],[120.53400865,22.83056895],[120.53183681,22.83062384],[120.53101019,22.83083068],[120.5297787,22.83170333],[120.53057725,22.83298613],[120.52751606,22.83217948],[120.52432118,22.83197701],[120.52346331,22.83288246],[120.5211391,22.83266628],[120.52010506,22.83235936],[120.51994546,22.83143941],[120.51709292,22.83136099],[120.51565803,22.83157049],[120.5135601,22.83083889],[120.51299407,22.83007845],[120.51223963,22.8299164],[120.50999283,22.8285149],[120.50894657,22.82958472],[120.50807488,22.82986768],[120.50557356,22.83108911],[120.50506758,22.83152053],[120.50341965,22.83173423],[120.4999732,22.83125142],[120.49769718,22.83171556],[120.49639437,22.83254007],[120.49395378,22.83676396],[120.49266329,22.83729409],[120.4914661,22.83696337],[120.49277266,22.83569646],[120.49080516,22.83527236],[120.48977634,22.83565849],[120.48828214,22.83580088],[120.48539221,22.83552804],[120.48365298,22.83562454],[120.48225594,22.83597482],[120.4816744,22.83656415],[120.48167559,22.8373281],[120.48035894,22.83773535],[120.47905649,22.83677328],[120.47795025,22.83772586],[120.47624176,22.83818896],[120.47417156,22.83689182],[120.47216911,22.83394526],[120.46997469,22.83149761],[120.46875965,22.83067709],[120.46919454,22.82502085],[120.46818768,22.82371632],[120.46753445,22.82235468],[120.46730947,22.81835685],[120.46735923,22.81548267],[120.46620687,22.81413365],[120.46550372,22.81275395],[120.46544002,22.81050055],[120.46506917,22.80749321],[120.46436147,22.80416824],[120.46403904,22.80029194],[120.46260429,22.79661822],[120.46139752,22.7945167],[120.45993812,22.7905206],[120.45809991,22.78702804],[120.45747567,22.785499],[120.4559916,22.78017508],[120.45572828,22.77508395],[120.45536642,22.77368317],[120.45466429,22.77263374],[120.45411858,22.77120663],[120.45381219,22.76958188],[120.4538069,22.76754152],[120.45442232,22.76417936],[120.45378005,22.761501],[120.45372656,22.76030418],[120.45402702,22.75790096],[120.45371109,22.75657491],[120.45399303,22.75403647],[120.45418901,22.75356273],[120.45427558,22.74874335],[120.45460362,22.74767155],[120.4546672,22.74402967],[120.45491329,22.73963437],[120.455674,22.73410523],[120.45600679,22.73057692],[120.45600904,22.72298102],[120.45606803,22.72252027],[120.4557465,22.71849708],[120.45485832,22.71403057],[120.45400881,22.71039675],[120.45300605,22.7065793],[120.45279551,22.7041726],[120.45127522,22.70007652],[120.4510972,22.69797137],[120.4506154,22.69621891],[120.44883384,22.69118779],[120.44752744,22.6883078],[120.44633057,22.68724174],[120.44475746,22.68643478],[120.44263221,22.68456139],[120.44153365,22.68246175],[120.43966116,22.67854198],[120.43955589,22.67811562],[120.44002079,22.67636256],[120.4401724,22.67459856],[120.44000508,22.6730431],[120.43912936,22.67079826],[120.43788212,22.66706487],[120.43663315,22.66502002],[120.43606154,22.66134117],[120.43589046,22.65597895],[120.43620029,22.64815385],[120.43533455,22.64026119],[120.43538129,22.63377505],[120.43587821,22.63170617],[120.43580891,22.63044799],[120.4337152,22.62461542],[120.43347923,22.62322969],[120.43345622,22.62085358],[120.43368725,22.61759961],[120.43404598,22.61550445],[120.43461887,22.61341619],[120.43665888,22.60888861],[120.43755157,22.60727839],[120.43901903,22.60580182],[120.44063468,22.60501371],[120.44273946,22.60335233],[120.44484298,22.60074766],[120.4457935,22.5988328],[120.4466319,22.59448714],[120.44698697,22.58951134],[120.44700824,22.58618045],[120.44638261,22.5833452],[120.44564409,22.57920719],[120.44510717,22.57549255],[120.44489714,22.57325836],[120.44412627,22.56883137],[120.44345456,22.56715964],[120.44313177,22.56556177],[120.44270927,22.56232349],[120.44200082,22.56006867],[120.44103188,22.55803626],[120.43902822,22.55502264],[120.4377655,22.55201473],[120.43657834,22.54756252],[120.4350995,22.54661184],[120.43305422,22.54587572],[120.43127163,22.54468153],[120.43066909,22.5434878],[120.4291738,22.53859278],[120.42718173,22.53352893],[120.42565843,22.5300181],[120.42513707,22.52848004],[120.4245861,22.52441676],[120.42285946,22.51845795],[120.42281525,22.5149196],[120.42304139,22.51101884],[120.42366062,22.50652817],[120.42480161,22.5014725],[120.42573363,22.49817873],[120.42521288,22.49406755],[120.42506484,22.49114638],[120.42394078,22.47995679],[120.42443733,22.46871953],[120.43310669,22.46836549],[120.43506273,22.464489],[120.43470869,22.46378223],[120.43601185,22.45948127],[120.43851335,22.45936888],[120.43973828,22.45681098],[120.44463006,22.45215633],[120.44707956,22.44934543],[120.45101464,22.44594308],[120.45235893,22.44465508],[120.4544648,22.44309377],[120.45633131,22.44122989],[120.45854807,22.43936444],[120.46837563,22.43373122],[120.47265254,22.43120419],[120.47382606991879,22.430631834000334],[120.47912827,22.42857225],[120.50177109,22.41887474],[120.5138432,22.41141359],[120.51582593,22.4111086],[120.51755435,22.41149198],[120.51779979,22.41070632],[120.51752788,22.40898667],[120.52423654,22.40526813],[120.53334231,22.40063888],[120.54959766,22.39244492],[120.56035976,22.38607454],[120.56367566,22.38385473],[120.56847673,22.38097563],[120.57075772,22.37940162],[120.57123831,22.37804946],[120.57417984,22.37599986],[120.57642733,22.37517969],[120.57924426,22.37322072],[120.58006493,22.37229446],[120.58315781,22.37048038],[120.58557904,22.36938939],[120.58936585,22.36636829],[120.59131126,22.36430081],[120.59027537,22.36350675],[120.59119335,22.36247257],[120.59225435,22.36210237],[120.59431344,22.35982275],[120.59494633,22.35958099],[120.59631477,22.35815715],[120.59736363,22.35750471],[120.59894138,22.35574862],[120.59977838,22.35323558],[120.60214307,22.34889088],[120.60512841,22.34265247],[120.60516705,22.3411484],[120.60564984,22.34021227],[120.60657099,22.33936411],[120.60729571,22.33933928],[120.60798679,22.33845306],[120.61043778,22.33605857],[120.61172472,22.33524574],[120.61378233,22.33351308],[120.61665465,22.33149308],[120.6202936,22.32851568],[120.62544921,22.32388689],[120.63047826,22.31911399],[120.63185458,22.31768215],[120.63618091,22.31278228],[120.63755282,22.30901083],[120.63907947,22.30704785],[120.64040576,22.30578188],[120.64207028,22.30305209],[120.64274612,22.30162318],[120.64277252,22.29841255],[120.64312364,22.29419872],[120.64308657,22.29260674],[120.64271176,22.29107284],[120.64389089,22.29000306],[120.64424223,22.28849972],[120.64412626,22.28756411],[120.64545309,22.28483383],[120.64750561,22.28122062],[120.64800627,22.28007039],[120.6489458,22.27548046],[120.6506732,22.27166933],[120.65098442,22.27051861],[120.65210022,22.26824149],[120.65209201,22.26567178],[120.65056475,22.26233134],[120.65012865,22.25974841],[120.64960145,22.25818743],[120.64928932,22.25574756],[120.65040383,22.25179509],[120.65095439,22.25126067],[120.65281834,22.25100562],[120.65489525,22.2495186],[120.65791485,22.24709798],[120.65792496,22.24286465],[120.65988989,22.24168133],[120.66058904,22.24158651],[120.66403586,22.23928389],[120.66528973,22.23952348],[120.66729597,22.23759635],[120.6676045,22.23660923],[120.66876137,22.23577006],[120.66993569,22.23551203],[120.67048309,22.23443595],[120.67200663,22.23324957],[120.6727696,22.23131349],[120.67291115,22.23032718],[120.67381733,22.22920014],[120.67314619,22.22890453],[120.6721973,22.22695417],[120.67254413,22.22526405],[120.67315483,22.22475431],[120.67399973,22.22320329],[120.67555637,22.22320637],[120.67675607,22.22273985],[120.67665771,22.22228142],[120.67758864,22.22000865],[120.67844192,22.21849905],[120.67910708,22.21822701],[120.68040062,22.21682634],[120.68037249,22.21524532],[120.68217589,22.21438984],[120.68323847,22.21302277],[120.68486432,22.21027033],[120.68542784,22.20811947],[120.68582919,22.20451511],[120.68578515,22.20321545],[120.68424607,22.20038665],[120.68384529,22.19838966],[120.68392248,22.19742001],[120.6845582,22.19493101],[120.68554404,22.19251536],[120.68718734,22.19045804],[120.68776009,22.18929477],[120.68898632,22.18801602],[120.68967474,22.18658597],[120.69001286,22.18534179],[120.68998838,22.18360908],[120.69105231,22.18141154],[120.69136597,22.17832989],[120.69157888,22.17763218],[120.6910413,22.17655048],[120.69109179,22.17509682],[120.69156729,22.17455036],[120.69321877,22.17355076],[120.69381952,22.17248101],[120.69415818,22.16932948],[120.69365807,22.16864311],[120.69395862,22.16742205],[120.69547251,22.16645721],[120.6960497,22.16039792],[120.69602492,22.15967673],[120.69473683,22.15852483],[120.69459959,22.15739664],[120.69572594,22.15557095],[120.69608913,22.15419851],[120.69672719,22.1538149],[120.69816613,22.15236142],[120.69948028,22.15007039],[120.69994362,22.14832572],[120.69975002,22.1468997],[120.69890809,22.14517299],[120.69807141,22.14411235],[120.69795672,22.14138061],[120.69758174,22.14047315],[120.69803273,22.13816994],[120.69849604,22.13682056],[120.70148659,22.13415731],[120.70206233,22.13328491],[120.70190004,22.13208657],[120.70232608,22.12984125],[120.70442847,22.12730555],[120.70659302,22.12600314],[120.7070061,22.1251888],[120.70905521,22.12275717],[120.70951198,22.12148346],[120.70947108,22.11946745],[120.71054124,22.11754259],[120.70983413,22.11686261],[120.70969566,22.11591316],[120.71072755,22.11482057],[120.71179033,22.1146177],[120.71310641,22.11146874],[120.71247767,22.10940094],[120.71250307,22.1083421],[120.71362911,22.10770242],[120.71516807,22.10650438],[120.71586912,22.10482902],[120.71561515,22.10356872],[120.71594127,22.10183654],[120.71564177,22.10063777],[120.71614132,22.1003718],[120.71562746,22.09878325],[120.7158339,22.0972766],[120.71563387,22.09688089],[120.71642254,22.09517056],[120.71685194,22.09325439],[120.71452175,22.09078174],[120.71272585,22.09083721],[120.71174135,22.09013874],[120.70991227,22.08937183],[120.70767673,22.08793327],[120.70564544,22.08713424],[120.70361681,22.08664937],[120.70268062,22.08670447],[120.70131724,22.08614689],[120.69980002,22.08412877],[120.69930382,22.08278118],[120.70064883,22.08011614],[120.70148533,22.07931891],[120.70333897,22.07833526],[120.70399076,22.07598156],[120.70520757,22.0723895],[120.70518855,22.0717278],[120.70573594,22.07074495],[120.70483356,22.06785414],[120.70542286,22.06495683],[120.70540435,22.06355617],[120.70579963,22.06217711],[120.70594051,22.05994699],[120.7052195,22.05842093],[120.70527829,22.05751016],[120.70448172,22.05604638],[120.70223084,22.05551709],[120.69969327,22.05610705],[120.69901678,22.05601853],[120.69757864,22.05499289],[120.69523728,22.05057053],[120.69517171,22.04987967],[120.69442028,22.04826507],[120.69481374,22.04682941],[120.6954103,22.04604294],[120.69550855,22.04452135],[120.69468749,22.0433374],[120.69644142,22.04307297],[120.69702718,22.04227654],[120.69689327,22.04094456],[120.69616359,22.04061467],[120.69543889,22.04180719],[120.69454702,22.04119508],[120.69385243,22.04153151],[120.69348161,22.03982856],[120.69177606,22.03778984],[120.69058435,22.03709078],[120.68953862,22.03603618],[120.6871506,22.03276926],[120.68627081,22.03046137],[120.68512082,22.02541084],[120.68523971,22.02390409],[120.68893971,22.01564445],[120.69092126,22.01295019],[120.69319199,22.00759216],[120.69354068,22.00419245],[120.69383461,22.00259136],[120.69483164,22.00125572],[120.69616861,22.00025727],[120.69826524,21.99812271],[120.70070042,21.99599839],[120.70264021,21.99526586],[120.70469359,21.99469636],[120.7055911,21.99354799],[120.70602867,21.9904162],[120.70694348,21.98750405],[120.70795456,21.98653029],[120.71006927,21.98564521],[120.71110222,21.9839472],[120.71268549,21.98195477],[120.71355708,21.98060775],[120.71415064,21.97875981],[120.71444134,21.97645749],[120.71515264,21.9728919],[120.71503204,21.97114033],[120.71190828,21.96497464],[120.71152757,21.96392502],[120.7117551,21.96151762],[120.71162707,21.95810718],[120.71165297,21.9554669],[120.71143558,21.95165947],[120.71084191,21.94780683],[120.71038492,21.94362638],[120.70993674,21.94147867],[120.71017987,21.93974843],[120.710182,21.93736504],[120.71052487,21.9354825],[120.71058159,21.93411534],[120.71128078,21.93345798],[120.71265908,21.93331183],[120.71397719,21.93373833],[120.71602857,21.93485263],[120.71670772,21.93476845],[120.71801725,21.93397273],[120.71926426,21.93288539],[120.71885769,21.92959807],[120.71903937,21.92726304],[120.72053917,21.92538843],[120.72167757,21.92365674],[120.72335537,21.92146951],[120.72482214,21.92020807],[120.72661091,21.91906738],[120.72872412,21.91831005],[120.73237139,21.91909548],[120.73326209,21.91861059],[120.73582627,21.9190603],[120.73667678,21.91904153],[120.73957949,21.91971475],[120.73981771,21.92154852],[120.73987341,21.92627813],[120.74019589,21.9269072],[120.74181345,21.92735791],[120.74382606,21.92954153],[120.74431104,21.93128525],[120.74405457,21.93220896],[120.74522209,21.93244682],[120.74547936,21.93147147],[120.74709477,21.93181517],[120.74622505,21.9325792],[120.74685268,21.9341871],[120.74660263,21.93539257],[120.74578693,21.93725601],[120.74534736,21.9389822],[120.74548872,21.93955369],[120.74536172,21.94248279],[120.74602557,21.94337829],[120.74717249,21.94188962],[120.74847598,21.94181386],[120.74889577,21.94320228],[120.74902899,21.94500092],[120.74828552,21.94699016],[120.74844686,21.94946623],[120.74954067,21.9501858],[120.75113582,21.95085644],[120.75267743,21.95075628],[120.75422894,21.95291081],[120.75434442,21.95351774],[120.75330458,21.95367416],[120.75316095,21.95522846],[120.75509693,21.956435],[120.75755831,21.95739396],[120.75799259,21.95636401],[120.75855655,21.95631489],[120.76062912,21.95722878],[120.76137593,21.95886092],[120.76269954,21.95907795],[120.76468906,21.95913052],[120.76645251,21.95867535],[120.76597409,21.95821018],[120.76836845,21.95532602],[120.77016082,21.95239762],[120.77107219,21.95152917],[120.77282236,21.9504001],[120.77556416,21.94955865],[120.77760633,21.94928111],[120.77884582,21.94753882],[120.78032393,21.9457878],[120.78302193,21.94354455],[120.78444049,21.94399401],[120.78579304,21.94367266],[120.78873888,21.94364818],[120.79190971,21.94348248],[120.79431524,21.94315649],[120.7966301,21.94217673],[120.79801187,21.94049393],[120.79836513,21.9379284],[120.79915749,21.93741438],[120.80147827,21.93713753],[120.80267828,21.93803145],[120.80293761,21.93983802],[120.8051415,21.93919541],[120.80611203,21.93834509],[120.80661677,21.93697906],[120.80732351,21.93626319],[120.81007825,21.93439266],[120.8130545,21.93349473],[120.81675117,21.93391163],[120.8185957,21.93477011],[120.81956461,21.93499664],[120.82070497,21.93488651],[120.82222631,21.93436362],[120.82317334,21.93302014],[120.82373309,21.93104718],[120.8241944,21.93090468],[120.82947508,21.92622686],[120.83022684,21.925319],[120.83129105,21.92469275],[120.8327677,21.92338318],[120.83368813,21.92132555],[120.83445999,21.91877247],[120.8355335,21.917167],[120.83725852,21.91601441],[120.84144341,21.91489516],[120.84373518,21.91459469],[120.84513325,21.91475936],[120.8461367,21.91368545],[120.84590612,21.90965496],[120.84602564,21.90831057],[120.84596566,21.90603207],[120.8464257,21.90516531],[120.84661655,21.90290908],[120.8474097,21.90079038],[120.84790746,21.89993511],[120.84962991,21.89818635],[120.85113883,21.89635662],[120.85325437,21.8956229],[120.85394467,21.89581855],[120.85860731,21.89559967],[120.86062852,21.89625697],[120.86492418,21.89816667],[120.86565378,21.89873618],[120.86689021,21.90055388],[120.86713781,21.90272648],[120.86652679,21.903477],[120.86541415,21.9042064],[120.86407503,21.90472641],[120.86333918,21.90559434],[120.86202484,21.90895394],[120.86192766,21.90967886],[120.86244895,21.91135931],[120.8629232,21.91376444],[120.8625336,21.91645375],[120.86258857,21.91756364],[120.86201766,21.91889815],[120.86112933,21.91928763],[120.85955754,21.9210939],[120.85847353,21.92262932],[120.85778029,21.92466542],[120.85690706,21.92567411],[120.8549516,21.92860364],[120.85339181,21.93029288],[120.85134217,21.93173893],[120.84891911,21.93380583],[120.84874064,21.93602646],[120.84757341,21.93861357],[120.84634986,21.9397755],[120.8454915,21.94129805],[120.84483745,21.94370754],[120.84329051,21.94621645],[120.84276202,21.94771617],[120.84233217,21.94995687],[120.84233809,21.9513237],[120.84295246,21.95424155],[120.84248044,21.95524829],[120.84140766,21.95647954],[120.84163545,21.95987787],[120.84300538,21.9635866],[120.84450481,21.96826417],[120.8448522,21.97031856],[120.8447544,21.97336906],[120.84452135,21.97379999],[120.84519847,21.97502428],[120.8454872,21.9763593],[120.84523226,21.97802704],[120.84422451,21.9788012],[120.84417475,21.98024593],[120.84506875,21.98272198],[120.84527402,21.98381898],[120.84607412,21.98620975],[120.84669247,21.98715314],[120.84851461,21.98817299],[120.85019551,21.98842261],[120.85158966,21.98904728],[120.85400834,21.98886152],[120.8558014,21.98895888],[120.85663092,21.98945751],[120.858814,21.98988012],[120.85956875,21.99047244],[120.86158849,21.9908141],[120.86367654,21.99245169],[120.86490753,21.9930303],[120.86582667,21.99394892],[120.86728513,21.99495857],[120.86934547,21.99598903],[120.87042435,21.99617118],[120.87327662,21.99771204],[120.87578872,21.99884555],[120.87754272,22.00151218],[120.87902204,22.00444856],[120.87929079,22.0057319],[120.87914679,22.00722731],[120.87823408,22.01071111],[120.87881317,22.01128072],[120.88373569,22.01324436],[120.88584989,22.01513852],[120.88708403,22.01645258],[120.88728973,22.01764274],[120.88714988,22.020376],[120.88764541,22.02164609],[120.88841408,22.02257682],[120.88867282,22.02444392],[120.88923003,22.02576084],[120.89126693,22.0271764],[120.89268875,22.02839614],[120.89662322,22.03090087],[120.90015308,22.03260181],[120.90105841,22.03324],[120.90121747,22.03437163],[120.90036739,22.03578809],[120.89931716,22.03692008],[120.89747954,22.04056394],[120.8959417,22.04438946],[120.89508668,22.04674998],[120.8939277,22.04835435],[120.8936585,22.04972788],[120.89378864,22.05099318],[120.89360627,22.0523131],[120.89373689,22.05392761],[120.89418608,22.05597599],[120.89387126,22.06148693],[120.89296736,22.06797743],[120.89327976,22.07262471],[120.89323913,22.07484247],[120.89354457,22.07591495],[120.89365425,22.07809697],[120.89356105,22.07974303],[120.89404223,22.08087308],[120.89373955,22.08336022],[120.89393586,22.08527339],[120.89408191,22.08860666],[120.89506804,22.08941069],[120.89548693,22.09021027],[120.89737574,22.0924509],[120.89859831,22.09409954],[120.89822602,22.09809533],[120.89880719,22.10098729],[120.89931157,22.10220669],[120.90031764,22.10378916],[120.90188709,22.10433266],[120.90203909,22.10530352],[120.89969278,22.10644371],[120.89807089,22.10683326],[120.89417187,22.10890646],[120.89242729,22.11031559],[120.89147688,22.11274057],[120.89083077,22.11343025],[120.89070965,22.11489277],[120.88862199,22.11905181],[120.88812932,22.12057886],[120.88839637,22.12214726],[120.88750165,22.12267787],[120.88713767,22.12445719],[120.88720429,22.1255402],[120.88679683,22.12671791],[120.88667245,22.12973295],[120.88739303,22.13231852],[120.88785884,22.1332954],[120.88924624,22.13361714],[120.89106089,22.13463631],[120.8914889,22.13550856],[120.89457291,22.13862014],[120.89656674,22.14076849],[120.89684479,22.14161777],[120.8967634,22.14316787],[120.89705505,22.14400244],[120.89507701,22.14622371],[120.89366349,22.14881353],[120.89255793,22.15031939],[120.89272811,22.15148386],[120.89349825,22.1533551],[120.89397772,22.15577661],[120.89372734,22.15885171],[120.89342121,22.16041312],[120.89209293,22.16244356],[120.89234859,22.16396822],[120.89381009,22.16855909],[120.89357716,22.16995993],[120.89409732,22.17085255],[120.89421902,22.17263022],[120.89377729,22.17396354],[120.89355477,22.17690476],[120.89394591,22.17737193],[120.89362413,22.17837166],[120.89297446,22.17916765],[120.89228194,22.18148114],[120.89194642,22.18408238],[120.89236918,22.18541573],[120.89164816,22.18723617],[120.89158004,22.18916084],[120.89126929,22.18966945],[120.89075122,22.19345374],[120.89070005,22.19532764],[120.89185625,22.19698404],[120.89283699,22.1973666],[120.89351427,22.19812678],[120.8941421,22.19944544],[120.89513153,22.20056696],[120.89545299,22.20181142],[120.89641351,22.20348407],[120.89656316,22.20512627],[120.89596709,22.20592439],[120.89575573,22.20886625],[120.89420394,22.21645455],[120.8944255,22.21704993],[120.89419501,22.21884317],[120.89417037,22.22060014],[120.89475001,22.22174556],[120.89460559,22.22303881],[120.8959123,22.22721788],[120.89677345,22.22869911],[120.89892645,22.22983531],[120.89911449,22.23053968],[120.8985791,22.23113783],[120.89861929,22.23282528],[120.89893252,22.23378922],[120.89827546,22.23792734],[120.89781393,22.23866607],[120.8973305,22.24114377],[120.89675207,22.24302519],[120.89675652,22.24434003],[120.89629753,22.24642864],[120.89223806,22.24551534],[120.89138278,22.24429873],[120.88983885,22.2435189],[120.88870564,22.24325605],[120.88761399,22.24244341],[120.88592239,22.24198453],[120.8851588,22.24116384],[120.88403413,22.24059227],[120.88294319,22.23895193],[120.88250897,22.23740799],[120.88088143,22.23502505],[120.88031704,22.23465113],[120.87949223,22.23519823],[120.87653133,22.23484513],[120.87586085,22.2341896],[120.87473373,22.23424502],[120.87396076,22.23358635],[120.87145509,22.23293542],[120.87154782,22.2318787],[120.87084695,22.23139046],[120.86866915,22.23128144],[120.86745608,22.2300099],[120.86667998,22.22980814],[120.86495619,22.23032898],[120.86386314,22.23113882],[120.86251857,22.23096594],[120.86233018,22.23134844],[120.86404872,22.2333735],[120.86430147,22.23428484],[120.86354102,22.2355583],[120.861619,22.23746649],[120.85918135,22.23846708],[120.85868111,22.23916018],[120.85896648,22.24017464],[120.8586715,22.24081878],[120.85680309,22.2413264],[120.85546574,22.24149466],[120.85427193,22.24243409],[120.85320558,22.24249963],[120.85083932,22.24365675],[120.84951857,22.24378562],[120.84906749,22.24352152],[120.84642061,22.24352847],[120.84488522,22.24283877],[120.8441976,22.24319696],[120.84243263,22.24347807],[120.84129814,22.24457767],[120.84018887,22.24428586],[120.83939637,22.2436698],[120.83808434,22.24402971],[120.83687362,22.24507397],[120.83593601,22.24546551],[120.83461896,22.245371],[120.8338346,22.24630346],[120.83254546,22.24725451],[120.83175754,22.24884713],[120.831508,22.25005984],[120.83013816,22.25184091],[120.82941153,22.25224784],[120.82754567,22.25491236],[120.82670537,22.25543487],[120.8259112,22.25664598],[120.82292864,22.25770839],[120.82123238,22.25871105],[120.81987527,22.25986453],[120.81865593,22.26120537],[120.81769056,22.26143337],[120.81646035,22.26258938],[120.81540269,22.26322099],[120.8149687,22.26247767],[120.81391142,22.26187301],[120.81256432,22.26211284],[120.81112978,22.26136139],[120.80938883,22.26069521],[120.80802252,22.25936162],[120.80668912,22.25981684],[120.80515522,22.25943829],[120.80420155,22.25889712],[120.79972458,22.25718015],[120.79906505,22.25716165],[120.79789893,22.25793821],[120.79884359,22.25996906],[120.79895519,22.26209605],[120.7985762,22.26356742],[120.79940711,22.26455769],[120.79937316,22.26538745],[120.79851811,22.26603182],[120.79727428,22.26648485],[120.79654632,22.26713828],[120.79620869,22.26794281],[120.79629105,22.2699245],[120.79658874,22.27081807],[120.79752953,22.27240801],[120.79810128,22.27462072],[120.79819414,22.27646197],[120.80008393,22.27728138],[120.80305659,22.27699381],[120.80425898,22.27735455],[120.80487208,22.27678524],[120.80677813,22.27715893],[120.80709225,22.27811876],[120.80697595,22.2796625],[120.80581976,22.28129778],[120.80606636,22.28236805],[120.80548753,22.28409007],[120.8044267,22.28398005],[120.80346842,22.2842868],[120.80068968,22.28424786],[120.8003067,22.28480895],[120.79899578,22.28540644],[120.79602082,22.28515111],[120.79340476,22.28572384],[120.7925846,22.28700089],[120.79112502,22.28812355],[120.79094079,22.28860248],[120.79113216,22.29064828],[120.78997925,22.29283425],[120.78990208,22.29330867],[120.78861066,22.2940032],[120.78792263,22.29382571],[120.78677998,22.29435649],[120.7857296,22.29427366],[120.78155591,22.29459659],[120.78053008,22.29518423],[120.77973926,22.29640636],[120.77862163,22.29692358],[120.77774763,22.29797295],[120.77683802,22.30258463],[120.77705813,22.30390307],[120.77779753,22.3053735],[120.77815584,22.30849851],[120.78193417,22.30905524],[120.78320324,22.30946202],[120.78641509,22.30912508],[120.7871354,22.30920788],[120.78894144,22.31050625],[120.79052684,22.31134326],[120.79237231,22.31192879],[120.79296524,22.3124153],[120.79422327,22.31468102],[120.79592922,22.31621036],[120.79659037,22.31717161],[120.79679361,22.3183248],[120.79637691,22.31988566],[120.79551424,22.32072837],[120.79531161,22.32209811],[120.79483179,22.32301869],[120.79363609,22.32347271],[120.79337142,22.32392413],[120.7933645,22.32537638],[120.79287708,22.32628326],[120.79250986,22.32839722],[120.79237492,22.33074261],[120.79281417,22.33328294],[120.79247717,22.33562398],[120.79041719,22.33700111],[120.78923928,22.33839464],[120.78847286,22.34157516],[120.78763541,22.34211884],[120.78655175,22.34213939],[120.78596628,22.342735],[120.7851307,22.34448492],[120.7850613,22.34552435],[120.78328188,22.34618557],[120.78106481,22.34637434],[120.77911024,22.34791543],[120.77777748,22.34809763],[120.77580056,22.34874536],[120.7750291,22.34932032],[120.77405806,22.34853233],[120.77167531,22.34863241],[120.77033996,22.34778936],[120.7689123,22.34737518],[120.7679509,22.34739906],[120.76678282,22.34797652],[120.76526054,22.34950559],[120.76359053,22.35224168],[120.7631398,22.35391556],[120.76282517,22.3566935],[120.76318475,22.35896927],[120.76100845,22.36042055],[120.75982866,22.36027947],[120.75843577,22.3594517],[120.75723822,22.35961779],[120.75574586,22.36033105],[120.75395053,22.36022623],[120.75243619,22.36054462],[120.75175354,22.36145313],[120.75042849,22.3621149],[120.7473854,22.36413862],[120.74538364,22.36590859],[120.74346333,22.36726244],[120.74425014,22.36951531],[120.744848,22.37017103],[120.74752014,22.37140545],[120.74803556,22.37186414],[120.74878799,22.3732492],[120.74913219,22.37568819],[120.74862621,22.38038446],[120.75050392,22.38408934],[120.75235567,22.38581729],[120.75456228,22.38663394],[120.75617711,22.38787636],[120.75648825,22.38838438],[120.75553756,22.38944366],[120.75385285,22.39064708],[120.75241343,22.39205578],[120.75214567,22.39266806],[120.75228591,22.39390953],[120.75380212,22.3964361],[120.75428283,22.39683985],[120.75626598,22.39735231],[120.75758946,22.39807511],[120.75610302,22.40097052],[120.75550612,22.40301289],[120.75460557,22.40411479],[120.75419721,22.40509739],[120.75628993,22.40472997],[120.75812057,22.40490496],[120.76033427,22.40622984],[120.76321748,22.40715735],[120.76494767,22.40892694],[120.7662518,22.40904333],[120.76833166,22.40862654],[120.76921861,22.40810781],[120.77058276,22.40689709],[120.77363187,22.4070934],[120.77476767,22.40900728],[120.7760953,22.40966108],[120.77727662,22.40889202],[120.77865004,22.40932678],[120.78036131,22.40945312],[120.78175147,22.41061619],[120.78299402,22.41134476],[120.78344113,22.41260455],[120.7845944,22.41284486],[120.78646204,22.41485353],[120.78667347,22.41587548],[120.7886361,22.41734949],[120.78964239,22.41764941],[120.78853669,22.41897364],[120.78805789,22.41986795],[120.78802503,22.42088203],[120.7871155,22.42304916],[120.78687137,22.4251811],[120.78477304,22.42811972],[120.78473785,22.42914303],[120.7839094,22.43023097],[120.7827646,22.43325884],[120.78198281,22.43464028],[120.78106992,22.43569497],[120.78026431,22.43712959],[120.77873236,22.43865082],[120.77682036,22.44001217],[120.77623539,22.44090799],[120.77568109,22.44247907],[120.77513681,22.44329844],[120.77503688,22.44428821],[120.77566521,22.44576598],[120.77578981,22.44721441],[120.77645322,22.44894377],[120.77647165,22.44967842],[120.77587271,22.45035087],[120.77192873,22.451838],[120.77106297,22.45183817],[120.76868867,22.45256193],[120.76545645,22.45289989],[120.76273236,22.45451834],[120.75914838,22.45729183],[120.75808799,22.45851877],[120.75654521,22.45742036],[120.75524215,22.45720947],[120.7542411,22.45732529],[120.75302948,22.45799154],[120.75161359,22.45841238],[120.75105324,22.45902309],[120.75107103,22.45992892],[120.75178901,22.46162483],[120.75158066,22.46376661],[120.75175197,22.464546],[120.75302796,22.4666569],[120.75301296,22.46781387],[120.75417394,22.4694044],[120.75457352,22.4714062],[120.75442535,22.47243175],[120.75311348,22.4757924],[120.7520535,22.47798112],[120.75081325,22.47915598],[120.75152712,22.47972738],[120.75487325,22.4810744],[120.75746325,22.4818322],[120.75786646,22.4827324],[120.75845881,22.48644475],[120.75855795,22.48840708],[120.76045413,22.48853142],[120.76187654,22.48928772],[120.76292914,22.49049119],[120.76383985,22.49115884],[120.76390594,22.49239127],[120.76433091,22.49436158],[120.76434774,22.49538787],[120.76358674,22.49763731],[120.76346186,22.49887024],[120.76270537,22.50110043],[120.76169257,22.50256144],[120.75936876,22.50515861],[120.75887684,22.50587618],[120.75847571,22.50735014],[120.75748872,22.50854821],[120.75389029,22.51077112],[120.7535386,22.51146831],[120.75358226,22.51305495],[120.75305325,22.51665478],[120.75310859,22.51798177],[120.75253715,22.51948275],[120.75149791,22.52105046],[120.75132149,22.52197094],[120.7517356,22.52483777],[120.75166983,22.52531847],[120.75008112,22.52858442],[120.74991528,22.52936011],[120.7500228,22.53402152],[120.7485523,22.53625041],[120.7480228,22.53838256],[120.74566818,22.54073282],[120.74396496,22.54310639],[120.74335041,22.54452506],[120.74089488,22.5487505],[120.74070637,22.54966206],[120.73948601,22.5514553],[120.73905203,22.55366256],[120.73967738,22.55663234],[120.74001984,22.55924457],[120.73977341,22.56026012],[120.73963611,22.56254227],[120.74011962,22.5641907],[120.74116382,22.56653581],[120.741535,22.56867237],[120.74235599,22.56928814],[120.74419637,22.56960573],[120.74680902,22.57078533],[120.74795149,22.57107833],[120.74878976,22.57229798],[120.74918278,22.57560802],[120.74925245,22.57727245],[120.74909164,22.57863623],[120.74857957,22.58030703],[120.74751658,22.58208723],[120.74667474,22.584012],[120.74641362,22.58604989],[120.74576581,22.58832166],[120.74581037,22.58955001],[120.74660167,22.59095627],[120.74901738,22.59394805],[120.75194844,22.596732],[120.75358963,22.59925803],[120.75444293,22.60033717],[120.75481933,22.60156272],[120.75432825,22.60290976],[120.75407682,22.60442853],[120.75426928,22.60623596],[120.75397827,22.60775064],[120.75406438,22.60855443],[120.7528921,22.61208116],[120.75366627,22.61347867],[120.75487956,22.61698631],[120.75592042,22.61903348],[120.75866519,22.62383913],[120.76102465,22.62579518],[120.76149117,22.62748327],[120.761206,22.62934862],[120.76132214,22.63004179],[120.76312749,22.63114433],[120.76397295,22.63332853],[120.76445864,22.63391126],[120.76572555,22.63463127],[120.76766033,22.63618778],[120.76857462,22.63830711],[120.76926301,22.63924921],[120.77128264,22.64125089],[120.77199075,22.64218364],[120.77235668,22.64325655],[120.7730553,22.64423761],[120.77383798,22.64623141],[120.77477872,22.64722694],[120.77538119,22.64824734],[120.77699652,22.65005052],[120.77713631,22.65047207],[120.77978353,22.65253506],[120.78133622,22.65454563],[120.78286353,22.65700447],[120.78372163,22.65894763],[120.78570382,22.66117723],[120.7863557,22.66298435],[120.78622935,22.66372762],[120.78624157,22.66815291],[120.78641724,22.67053408],[120.78623143,22.67204304],[120.7875458,22.67363287],[120.78860438,22.67585916],[120.79008627,22.677135],[120.79131039,22.67857857],[120.79157306,22.67918512],[120.79132306,22.68043272],[120.79018582,22.68189957],[120.78926541,22.68383094],[120.78948827,22.68649201],[120.78886438,22.68791294],[120.78768368,22.68975699],[120.78674843,22.69274082],[120.7877522,22.69334084],[120.78913026,22.69328953],[120.79087871,22.69217569],[120.79232716,22.69147349],[120.7949356,22.69091259],[120.79595834,22.69038876],[120.79680089,22.68936336],[120.79768036,22.68910275],[120.80567116,22.68898056],[120.80802705,22.68918763],[120.80889696,22.68825367],[120.80929883,22.68838741],[120.81015911,22.69041931],[120.81083072,22.69158213],[120.81145156,22.69203994],[120.81334965,22.69210299],[120.81426025,22.69182466],[120.81633815,22.69184445],[120.81806164,22.69137839],[120.81887313,22.69088042],[120.8192872,22.69159315],[120.81936284,22.69270239],[120.81885121,22.69406596],[120.81897105,22.69475876],[120.81988328,22.6955973],[120.82219973,22.6959202],[120.8242605,22.69555396],[120.8259666,22.69586478],[120.82653276,22.69668392],[120.82756893,22.69735336],[120.8286969,22.69766101],[120.83014865,22.69758605],[120.8311744,22.69683758],[120.83499046,22.6965654],[120.83679552,22.69707962],[120.83768934,22.69781944],[120.83830703,22.69910265],[120.83786868,22.70082987],[120.83803613,22.70176687],[120.83967838,22.70395415],[120.8402408,22.70666774],[120.8421784,22.70686348],[120.84332296,22.7077397],[120.84251033,22.70884318],[120.84269969,22.71017266],[120.84422968,22.71063873],[120.84519647,22.7123423],[120.84793702,22.71556261],[120.84869876,22.71698675],[120.85312981,22.71695143],[120.85508295,22.71745229],[120.85636192,22.71590976],[120.85681465,22.71498858],[120.85807579,22.71367321],[120.85861617,22.71363114],[120.86023372,22.71570538],[120.86138695,22.71665681],[120.86310622,22.71656268],[120.86719106,22.71689059],[120.86826232,22.71670308],[120.86912348,22.71594584],[120.87042233,22.71616003],[120.87265804,22.71701793],[120.87548419,22.71717923],[120.87698094,22.71687621],[120.87942616,22.71606993],[120.88351522,22.71706845],[120.88526266,22.71922592],[120.88728278,22.72236826],[120.88764016,22.72431965],[120.88831715,22.72671759],[120.88944471,22.72811956],[120.89096282,22.72865269],[120.89143934,22.72938001],[120.89239844,22.73290519],[120.89216886,22.73417195],[120.89228642,22.73518859],[120.89281897,22.73603933],[120.8947214,22.73758812],[120.89503397,22.73860009],[120.89521459,22.74061566],[120.89564337,22.74181926],[120.89414228,22.74326695],[120.8941868,22.74417647],[120.89535726,22.74819824],[120.89453051,22.74981224],[120.89415175,22.75106531],[120.89422689,22.75217616],[120.89561439,22.75574321],[120.89525107,22.75755674],[120.89445231,22.75913752],[120.89499703,22.76056777],[120.89481629,22.76258224],[120.89407031,22.76334842],[120.89199868,22.7638626],[120.89313514,22.7662993],[120.89356409,22.76678497],[120.89604578,22.76785992],[120.89857836,22.76867645],[120.89963916,22.76880262],[120.90034792,22.76941605],[120.90115088,22.7720661],[120.90271756,22.77322105],[120.90318649,22.77382999],[120.90386278,22.77581146],[120.90320856,22.77850864],[120.9032414,22.78045686],[120.90418495,22.78319602],[120.90384363,22.78457248],[120.90263835,22.78664166],[120.90169523,22.78754506],[120.90176425,22.78838943],[120.90245133,22.79136809],[120.90315207,22.79269637],[120.90332661,22.7937202],[120.90295241,22.7954926],[120.90304572,22.79685127],[120.90365722,22.79819177],[120.90330336,22.79980805],[120.90245821,22.80125407],[120.90167666,22.8032667],[120.90089617,22.80427517],[120.89932692,22.80471135],[120.89654862,22.80797051],[120.89579775,22.80836501],[120.89440457,22.80852057],[120.89249716,22.81008975],[120.89119794,22.81162493],[120.88904968,22.81176368],[120.88785838,22.81262632],[120.88540522,22.81335073],[120.8839885,22.8134307],[120.8830684,22.81407804],[120.88113522,22.81451463],[120.8795576,22.81397415],[120.87775571,22.81364595],[120.87716251,22.81307306],[120.8754286,22.81436382],[120.87473757,22.81525601],[120.87337202,22.81528691],[120.87255224,22.81478155],[120.8717135,22.81479346],[120.87043121,22.81585487],[120.86863313,22.81685236],[120.86802055,22.81801224],[120.86682667,22.81965602],[120.86666633,22.82062108],[120.8658465,22.82322233],[120.86508958,22.82480246],[120.86396868,22.82559499],[120.86197199,22.82609657],[120.8616691,22.82697172],[120.8629543,22.82966498],[120.86455583,22.8321699],[120.86520508,22.83517774],[120.86525462,22.83611454],[120.86457695,22.83708002],[120.86399558,22.83943432],[120.86460955,22.84193483],[120.86456828,22.84308204]]],[[[120.3796459,22.35598933],[120.3769669,22.35572564],[120.37344341,22.3537819],[120.37206582,22.35320118],[120.36855333,22.35223988],[120.36742661,22.3521217],[120.36563907,22.35093933],[120.36384994,22.34832648],[120.3625524,22.34733029],[120.36149796,22.34697452],[120.36093359,22.34595781],[120.36175466,22.34453498],[120.3629262,22.34408746],[120.36255117,22.34344147],[120.36280178,22.34158206],[120.36336547,22.34050883],[120.36324412,22.3400307],[120.36174855,22.33879115],[120.36105458,22.3375112],[120.36094171,22.33620951],[120.36034758,22.33471344],[120.35824759,22.33277261],[120.35487375,22.33086511],[120.35362147,22.32942201],[120.35339894,22.32841197],[120.35319043,22.32500368],[120.35465711,22.32326391],[120.35644313,22.32272693],[120.35737865,22.32222754],[120.35988924,22.32224807],[120.36312827,22.32358606],[120.36378242,22.32424713],[120.36649246,22.32567552],[120.36737167,22.32631307],[120.36939721,22.32838597],[120.37150152,22.33113372],[120.37229151,22.33146779],[120.37312168,22.33228559],[120.37551832,22.33359149],[120.37675613,22.33573534],[120.37856451,22.33698758],[120.38028211,22.33765507],[120.38098714,22.33846212],[120.38232813,22.33889497],[120.38367216,22.33987919],[120.38703534,22.34176582],[120.38801652,22.3427404],[120.38836063,22.34388663],[120.38854404,22.34647096],[120.3888908,22.34741201],[120.38897856,22.34945229],[120.3884904,22.35068331],[120.38507506,22.35190168],[120.38236725,22.35371324],[120.38172185,22.35494355],[120.3796459,22.35598933]]]]},"properties":{"gml_id":"layer_city_boundary_pg.44","Name":"屏东县","layer":"市","code":"711600000000","grade":2}},
{"type":"Feature","geometry":{"type":"MultiPolygon","coordinates":[[[[123.68243982,25.92888122],[123.6810827,25.92839442],[123.67983731,25.92853917],[123.67689636,25.92520671],[123.67606495,25.92338779],[123.67740933,25.92240968],[123.67855171,25.92044963],[123.67925026,25.91987151],[123.68137608,25.91931111],[123.68232994,25.91929832],[123.68424528,25.91966176],[123.68585766,25.91971229],[123.68787671,25.92097056],[123.68860451,25.92254764],[123.68775655,25.92342913],[123.68785332321052,25.923946610822895],[123.68396219,25.92771894],[123.6840296,25.92808099],[123.68243982,25.92888122]]],[[[124.55913555374305,25.92336007754317],[124.55750206,25.92297178],[124.55651172,25.9218771],[124.55758321,25.92152672],[124.55908736,25.9219216],[124.56006058,25.92187264],[124.56084718,25.9223195],[124.56027477,25.92288607],[124.55913555374305,25.92336007754317]]],[[[123.47769644661915,25.75169364250771],[123.47712325,25.75174533],[123.47494989,25.75122348],[123.47359192,25.75131223],[123.47219709,25.75075163],[123.47017843,25.75034605],[123.46859589,25.74940538],[123.46517159,25.74802919],[123.46337842,25.74650477],[123.46093460931334,25.74502468712798],[123.45929548777835,25.74338538649512],[123.45793457521208,25.740781063387885],[123.4578312536292,25.73998310420578],[123.45830298,25.73886655],[123.45831462,25.73779402],[123.45937031,25.73638683],[123.45940099,25.73564397],[123.46231078,25.73516456],[123.46408336,25.73516513],[123.46517921,25.73545316],[123.46698093,25.73640548],[123.46852207,25.73679284],[123.46978348,25.73745964],[123.47172979,25.73884678],[123.47305273,25.73872223],[123.47719925,25.74134262],[123.47901997,25.74133416],[123.47968874515762,25.740690718715204],[123.48146936,25.74085053],[123.48263935807428,25.7403688010055],[123.48366848,25.74080314],[123.48496591,25.74092559],[123.48585814,25.74032535],[123.48675337,25.74062852],[123.48847512,25.74046922],[123.49202497,25.74137336],[123.49351249,25.74242943],[123.49376921,25.74332571],[123.49307897,25.7448415],[123.4914832289471,25.746531515384678],[123.48937233708187,25.748159063243797],[123.4873942,25.74946809],[123.48294191,25.74968021],[123.48240098,25.75000362],[123.48017976,25.75029706],[123.47902766,25.75120913],[123.47769644661915,25.75169364250771]]],[[[123.54133795,25.73438535],[123.5403799,25.73419007],[123.53981748,25.73287475],[123.53885371680708,25.732750914357833],[123.53878515,25.73166535],[123.54010992,25.72954343],[123.54139796,25.72819053],[123.54149961292144,25.725807894269007],[123.54241553,25.72525959],[123.54298668,25.7257176],[123.54458961278188,25.72611259510254],[123.54429844,25.72693105],[123.54467518,25.72791338],[123.54553175,25.72903389],[123.54362927,25.72956444],[123.54310125375883,25.730683879698528],[123.54176449,25.73211851],[123.54133795,25.73438535]]],[[[123.55019277368335,25.725813347371037],[123.54697206,25.72540096],[123.54535868056102,25.724621921578873],[123.54475167,25.72348309],[123.54541821,25.72265024],[123.54756261,25.7222341],[123.54902459,25.72151356],[123.55103551,25.72086699],[123.55458297,25.72062116],[123.55553239614066,25.720921238960404],[123.55580616,25.72151811],[123.55520909526105,25.7229496794324],[123.55440557,25.72386696],[123.5529459074846,25.72476129975244],[123.55207506,25.72492761],[123.5512721,25.72572263],[123.55019277368335,25.725813347371037]]],[[[121.96602789,24.9830844],[121.96467305,24.98508298],[121.96405275,24.98555465],[121.96281176,24.98776383],[121.96106692,24.9882961],[121.95976719,24.98836964],[121.95814546,24.98730484],[121.95683759,24.98799157],[121.95549815,24.98830024],[121.95363488,24.9883241],[121.95317644,24.98800581],[121.95037684,24.988327],[121.94873705,24.98702118],[121.94788921,24.98666587],[121.94632677,24.98697268],[121.94580294,24.98779174],[121.9448316,24.98816958],[121.94392246,24.98794302],[121.94300633,24.98638741],[121.94100804,24.98559122],[121.94055598,24.98453195],[121.93941817,24.9844782],[121.93865348,24.98486241],[121.93813175,24.98443852],[121.93754386,24.98306021],[121.93575859,24.98340646],[121.93444626,24.98314743],[121.93402507,24.98149648],[121.93349147,24.98090031],[121.93218202,24.98115426],[121.93061003,24.98103758],[121.92903214,24.98041247],[121.9285524,24.979682],[121.92676562,24.98017438],[121.92644829,24.97972986],[121.92429155,24.97937596],[121.92325704,24.97876297],[121.92229402,24.97860796],[121.92152978,24.97893288],[121.92088365,24.97970667],[121.919049,24.97865998],[121.91817882,24.9790295],[121.91731545,24.9788],[121.91624202,24.97947681],[121.91480875,24.9793349],[121.91403908,24.9786476],[121.91247239,24.97829548],[121.91083995,24.97677384],[121.91064589,24.97531956],[121.91005264,24.97476216],[121.90825604,24.975867],[121.90683031,24.97558814],[121.90632768,24.97443305],[121.90541579,24.9734212],[121.90402986,24.97467952],[121.90281951,24.97438299],[121.90204053,24.973287],[121.90032742,24.97180467],[121.89944,24.9703011],[121.8994192,24.96934853],[121.89719521,24.96707117],[121.89608771,24.9670623],[121.89180747,24.9651325],[121.88943909,24.96469653],[121.8884965,24.96317897],[121.88757841,24.96373866],[121.8847206,24.96439142],[121.8823051,24.96413531],[121.87917708,24.96273915],[121.87796786,24.96274411],[121.87674488,24.96218318],[121.87621929,24.9615533],[121.87465461,24.96171155],[121.87231911,24.96129966],[121.87154322,24.96072268],[121.86994637,24.96097059],[121.86914974,24.96146817],[121.86514904,24.96223075],[121.86362052,24.96213728],[121.86278604,24.96282903],[121.86122441,24.9636667],[121.85879788,24.96339851],[121.85635255,24.96230893],[121.85577227,24.96223013],[121.85414946,24.96127389],[121.85402019,24.96008371],[121.8525578,24.95960853],[121.85171779,24.95994273],[121.85035494,24.96118096],[121.84889767,24.96007017],[121.84717004,24.96036129],[121.84552984,24.95921574],[121.84508226,24.95767595],[121.84441629,24.95759519],[121.84347074,24.95690193],[121.84264875,24.95490721],[121.84137904,24.95416721],[121.84125642,24.95257894],[121.8417585,24.95135039],[121.84067483,24.94786851],[121.83972552,24.94714645],[121.83923074,24.9463407],[121.83941254,24.94557703],[121.83903959,24.94463901],[121.83969554,24.94315004],[121.83983903,24.94220626],[121.84065135,24.94123915],[121.84148705,24.9409813],[121.84243483,24.93936311],[121.84580528,24.9383453],[121.84661884,24.93784185],[121.8478889,24.93530809],[121.84779961,24.93402741],[121.84859737,24.93285599],[121.84937333,24.93111419],[121.84913681,24.93033082],[121.85045828,24.92952086],[121.85173453,24.92919644],[121.85215989,24.92863304],[121.85382795,24.92791171],[121.85397585,24.92591885],[121.85356404,24.92506706],[121.85211557,24.92373913],[121.85100144,24.9234824],[121.85021872,24.92248924],[121.84558952,24.91937177],[121.84538053,24.91823739],[121.84484253,24.91716938],[121.84331764,24.91540358],[121.84226966,24.91515172],[121.84174643,24.91439938],[121.83954653,24.91266184],[121.83889206,24.91183679],[121.83802114,24.91005886],[121.83728086,24.90955701],[121.83657486,24.90854396],[121.83439668,24.90682685],[121.83341653,24.90673525],[121.83269727,24.90561122],[121.83181206,24.9049108],[121.8299731,24.9049704],[121.82928367,24.90528396],[121.82793024,24.90532833],[121.82700234,24.90454759],[121.82595425,24.90523534],[121.82237862,24.90455237],[121.82067849,24.90373757],[121.81983744,24.90292579],[121.81826783,24.90272238],[121.81638691,24.90367893],[121.81537004,24.90469471],[121.81341622,24.90544821],[121.81273915,24.90608409],[121.81167728,24.90652624],[121.81106868,24.90621333],[121.81044919,24.90519719],[121.81049413,24.90366794],[121.80919877,24.90338861],[121.80854374,24.90293001],[121.80772357,24.90321186],[121.80732218,24.9027155],[121.80620115,24.9025684],[121.80583431,24.90183891],[121.80452565,24.90116977],[121.80428317,24.9016949],[121.80312747,24.90173384],[121.80219719,24.90099852],[121.80004341,24.90121725],[121.79901751,24.90090232],[121.79752659,24.90114854],[121.79705872,24.90159028],[121.79627361,24.90103035],[121.79532829,24.89984844],[121.79358594,24.89967604],[121.79250274,24.90000411],[121.79201459,24.89903489],[121.79208497,24.89755088],[121.79306134,24.89699045],[121.79300874,24.89624778],[121.79057344,24.8945906],[121.79000196,24.89345736],[121.78817878,24.89278062],[121.78685092,24.89294042],[121.7856392,24.89231645],[121.78540139,24.89050672],[121.78418893,24.89024943],[121.78286439,24.89034388],[121.78166394,24.88939769],[121.78221746,24.88736058],[121.78227641,24.8862764],[121.78193183,24.88458772],[121.78189248,24.88241825],[121.78239852,24.8804332],[121.78223256,24.87918748],[121.78420703,24.87766527],[121.78492228,24.87562142],[121.78461683,24.87490928],[121.78516451,24.87413887],[121.78453148,24.8736492],[121.78320909,24.87421938],[121.78212971,24.87362883],[121.78199861,24.87312747],[121.77914053,24.87141286],[121.77737702,24.87081619],[121.77729176,24.86971827],[121.7764594,24.86881454],[121.77518392,24.86661793],[121.77568098,24.86604416],[121.77547528,24.86512757],[121.77430784,24.86517786],[121.7711438,24.86487219],[121.77015606,24.86517734],[121.76915959,24.86592152],[121.7677174,24.86535446],[121.76739859,24.86487884],[121.76786119,24.86381695],[121.76608922,24.86252266],[121.76539014,24.86101452],[121.76429906,24.85986327],[121.76353809,24.85990695],[121.76265323,24.86118231],[121.76152557,24.85987503],[121.76201156,24.85946916],[121.76196339,24.85827669],[121.76100698,24.85769783],[121.76097691,24.85670402],[121.75996385,24.85684266],[121.75739243,24.85673056],[121.7541165,24.85626111],[121.75348698,24.85581965],[121.75366589,24.85514647],[121.75290389,24.85485932],[121.75118931,24.85488363],[121.75062158,24.85447746],[121.74878791,24.85507596],[121.74783419,24.85491005],[121.74739334,24.85372077],[121.74577494,24.85285644],[121.74348563,24.85282791],[121.7419816,24.85246223],[121.74040131,24.85346582],[121.73824555,24.85530705],[121.73618969,24.8557307],[121.73262125,24.8558194],[121.73050543,24.85529577],[121.72939506,24.8543844],[121.72715604,24.85314601],[121.72625549,24.85170109],[121.7248237,24.85064525],[121.72352112,24.85048656],[121.72191297,24.84985273],[121.72127847,24.84900819],[121.72059672,24.84875275],[121.72053031,24.84791459],[121.71953208,24.84655823],[121.71981157,24.84577048],[121.71864329,24.84565719],[121.71715823,24.84485564],[121.71558233,24.84435341],[121.71521555,24.84291723],[121.71425893,24.84178616],[121.71130344,24.8414487],[121.71068519,24.84096577],[121.70896921,24.84057997],[121.70839647,24.83913018],[121.70735743,24.83881079],[121.70675254,24.83779609],[121.70588912,24.83737728],[121.70456377,24.83627927],[121.70384859,24.83598347],[121.70325476,24.83520652],[121.70172165,24.83435064],[121.6998736,24.83488885],[121.69908552,24.83553709],[121.69815165,24.83420507],[121.69636045,24.83454455],[121.69670233,24.83373168],[121.69609226,24.8319761],[121.69638855,24.83045335],[121.69594567,24.82969259],[121.69451406,24.82917786],[121.69316145,24.82791662],[121.69183961,24.82715734],[121.69104229,24.8272094],[121.68889717,24.82620466],[121.68767283,24.82498826],[121.68767122,24.82434736],[121.6896701,24.82271591],[121.6901011,24.82140938],[121.68894197,24.81933114],[121.68932065,24.81733096],[121.6884375,24.81619685],[121.68765297,24.81607111],[121.68625743,24.81749752],[121.68446569,24.8173664],[121.68305827,24.81691365],[121.68164227,24.81758394],[121.68075505,24.81751627],[121.67889214,24.81532984],[121.67674686,24.81412027],[121.67530655,24.8147022],[121.67392069,24.81423809],[121.67264913,24.8151442],[121.67099621,24.81686111],[121.66899096,24.81799961],[121.66876861,24.81693516],[121.66728349,24.81621422],[121.66576129,24.81478167],[121.66478978,24.81441805],[121.66410868,24.81343915],[121.66300819,24.8126306],[121.66119909,24.81202335],[121.66020384,24.81110876],[121.65432976,24.8111514],[121.65310623,24.81126867],[121.65181239,24.81169403],[121.65041248,24.81295574],[121.64938796,24.81252515],[121.64866491,24.81265692],[121.64747333,24.81388026],[121.64721338,24.81346907],[121.6464086,24.81076894],[121.64572823,24.80969989],[121.64435614,24.80919386],[121.64202321,24.81044192],[121.6402947,24.81031041],[121.63879458,24.81072805],[121.63721732,24.80944079],[121.63436599,24.80913865],[121.63221188,24.80922601],[121.63005216,24.80894155],[121.62893103,24.80806624],[121.62804542,24.80799944],[121.62598787,24.80881593],[121.62568169,24.80858179],[121.62642032,24.8057736],[121.62611116,24.8033543],[121.62480695,24.80161269],[121.62514617,24.79945708],[121.62601236,24.7965059],[121.62581293,24.79546886],[121.62528954,24.79496654],[121.62384087,24.79453332],[121.62295539,24.79401273],[121.62169222,24.79275113],[121.62042982,24.79255645],[121.61716691,24.79382847],[121.61582927,24.79391599],[121.61332689,24.7932007],[121.61057889,24.79371987],[121.60962844,24.79376825],[121.60715026,24.79039854],[121.60563535,24.78912868],[121.60292379,24.78944191],[121.60239671,24.78912052],[121.59898291,24.78773751],[121.59469143,24.78735041],[121.59194642,24.78750512],[121.59293607,24.78624224],[121.59343382,24.78465086],[121.59319261,24.78259205],[121.59351,24.78166746],[121.59432419,24.78105295],[121.59445672,24.77881332],[121.5950582,24.77788975],[121.59570276,24.77599458],[121.59756169,24.77255303],[121.59732842,24.77162633],[121.59608913,24.7701002],[121.59556078,24.76897734],[121.59624663,24.76731624],[121.59581021,24.7664846],[121.59455489,24.76579213],[121.59342648,24.76482353],[121.59205699,24.76286163],[121.591031,24.76175016],[121.59048567,24.76074217],[121.59080813,24.75878419],[121.5893878,24.75721057],[121.58896571,24.75515486],[121.58971995,24.75359912],[121.58995311,24.75189183],[121.59081056,24.75089826],[121.59224809,24.75030854],[121.59458277,24.75019472],[121.59517435,24.74880961],[121.59613248,24.74823618],[121.59436733,24.74625862],[121.59278595,24.74596199],[121.59165982,24.74491874],[121.59191568,24.74332576],[121.5933854,24.74235526],[121.59427774,24.74110047],[121.5948072,24.74095221],[121.59535539,24.73912375],[121.594888,24.7366973],[121.59437714,24.73582428],[121.59421254,24.73467091],[121.59494687,24.73339013],[121.595003,24.73248665],[121.59371826,24.73047154],[121.5940708,24.7292661],[121.59783038,24.72928303],[121.59754032,24.72767729],[121.593921,24.72584244],[121.59264322,24.72461721],[121.59042532,24.72345427],[121.58912122,24.72173719],[121.58767906,24.72033196],[121.58575016,24.7200584],[121.58346104,24.72055847],[121.58151618,24.72129701],[121.57964505,24.72232621],[121.57854498,24.72244734],[121.57781056,24.72177885],[121.57751605,24.720375],[121.57767667,24.7188789],[121.57724911,24.71746101],[121.57752922,24.71656185],[121.57727399,24.71487636],[121.57608166,24.71236693],[121.5756216,24.71104942],[121.57480542,24.71011301],[121.57238523,24.71041062],[121.57045277,24.71396627],[121.56947909,24.71266175],[121.56834857,24.71182485],[121.56747751,24.7115164],[121.5654799,24.71171189],[121.56325271,24.71279369],[121.5618226,24.71260984],[121.56032606,24.71171526],[121.55823266,24.71093036],[121.55636794,24.71122415],[121.55541234,24.71009509],[121.55442597,24.70837326],[121.55122518,24.70596325],[121.55030301,24.7056727],[121.5475395,24.70626805],[121.54644158,24.70621106],[121.54527259,24.70581315],[121.54339536,24.70573879],[121.54292407,24.70467042],[121.54173034,24.70363382],[121.54082668,24.70230812],[121.53847748,24.70058448],[121.53784362,24.69972233],[121.53858318,24.69818116],[121.53847622,24.69641067],[121.53882801,24.69458948],[121.53749966,24.69380994],[121.53776372,24.69226607],[121.53759288,24.69011336],[121.53686466,24.68849696],[121.53621561,24.68825885],[121.53409686,24.68823692],[121.53330611,24.68841815],[121.53187428,24.68769994],[121.52912261,24.68762363],[121.52821237,24.68887883],[121.52712693,24.6885255],[121.52698199,24.68539239],[121.52618269,24.68478819],[121.52493594,24.68449357],[121.52378718,24.68329707],[121.51977544,24.68333234],[121.51480464,24.68323991],[121.51367973,24.68430541],[121.51220289,24.68447773],[121.51013982,24.68322729],[121.50918514,24.68317778],[121.50745856,24.68244313],[121.50552566,24.67990377],[121.50438771,24.67936588],[121.50294943,24.67940562],[121.50050954,24.67864383],[121.49916858,24.67802502],[121.49712299,24.67633687],[121.49683676,24.67552119],[121.49510554,24.67448809],[121.49389861,24.67354823],[121.49271756,24.67319376],[121.48928117,24.67422873],[121.48847534,24.67513551],[121.48685143,24.67516772],[121.48500314,24.67388169],[121.48299795,24.67385311],[121.48180687,24.674341],[121.47998818,24.67385063],[121.47854903,24.67362484],[121.47643798,24.67376346],[121.47369953,24.67309457],[121.47237427,24.67314816],[121.46969782,24.67194686],[121.46862395,24.6718772],[121.46700611,24.67240507],[121.46516911,24.67239975],[121.46112771,24.67271163],[121.46010463,24.67323199],[121.45949003,24.67315904],[121.45732382,24.67091967],[121.45502223,24.66785705],[121.45447914,24.66581337],[121.45389858,24.66440583],[121.45152734,24.66304491],[121.44958575,24.66222347],[121.44856552,24.65969997],[121.44774399,24.65836828],[121.44751769,24.65708459],[121.44792412,24.65510717],[121.4487349,24.65336843],[121.44933747,24.65272519],[121.45125334,24.65167958],[121.45137122,24.65105719],[121.44997695,24.64873823],[121.44914811,24.64660853],[121.44836428,24.64567228],[121.44597375,24.64428517],[121.44498005,24.64294887],[121.4448371,24.64105376],[121.44557897,24.639893],[121.44538302,24.63808277],[121.44501341,24.63729659],[121.44372473,24.63635708],[121.44054025,24.63509699],[121.43928368,24.63260948],[121.43772542,24.63022245],[121.43696874,24.62865688],[121.43575109,24.62666782],[121.43562604,24.62560649],[121.43483054,24.62445656],[121.43514482,24.62262667],[121.43567796,24.62155055],[121.43500727,24.61981291],[121.43453934,24.61919646],[121.43361329,24.61890755],[121.43288146,24.61748443],[121.43289246,24.61630164],[121.43224488,24.61528061],[121.43060943,24.61451024],[121.42980253,24.61216136],[121.42978003,24.61127478],[121.4290006,24.60984465],[121.42780365,24.6060871],[121.42720284,24.60541984],[121.42605893,24.60495589],[121.42583745,24.60426871],[121.42456251,24.60311546],[121.42256845,24.60223862],[121.42010978,24.60136997],[121.4182799,24.60103542],[121.41631221,24.60222789],[121.41527829,24.601957],[121.41277405,24.60365126],[121.41256731,24.60148041],[121.41183956,24.60048209],[121.41043945,24.60005878],[121.40846377,24.59898196],[121.40817789,24.5980681],[121.40671306,24.59712225],[121.4068078,24.59644493],[121.40626651,24.59549733],[121.40547341,24.59489499],[121.40373606,24.59300258],[121.40303894,24.59170819],[121.40301214,24.59105762],[121.40454755,24.58775598],[121.40620713,24.58528902],[121.40920337,24.58120574],[121.4104474,24.57889759],[121.41080924,24.5776136],[121.41151725,24.57634514],[121.41214573,24.57455046],[121.41215475,24.5731039],[121.41147531,24.57261363],[121.40905261,24.57162526],[121.40733797,24.56986685],[121.40565946,24.56979382],[121.40392738,24.56897526],[121.40336194,24.56764913],[121.40168665,24.56553613],[121.40119788,24.56397789],[121.40149789,24.56266637],[121.40112297,24.56186486],[121.39929347,24.56112234],[121.39764639,24.55967229],[121.39647086,24.55766032],[121.39487364,24.55612971],[121.39467297,24.55557525],[121.3955533,24.55280189],[121.39714882,24.55066566],[121.39831197,24.5494262],[121.39875507,24.54820416],[121.39871556,24.54731986],[121.39821333,24.54516777],[121.39696756,24.54168721],[121.39673962,24.53982352],[121.39716762,24.53835755],[121.39829272,24.53669767],[121.39851342,24.53563334],[121.39833903,24.53411348],[121.39916474,24.53215149],[121.40150104,24.53021874],[121.40162657,24.52923942],[121.39958488,24.52650783],[121.39849936,24.52587015],[121.397807,24.524913],[121.39664462,24.52464231],[121.394113,24.52466765],[121.39186601,24.5241123],[121.39051578,24.52292932],[121.3899231,24.52165783],[121.38955765,24.51992045],[121.38852642,24.51780133],[121.38781005,24.51725003],[121.38547131,24.51708682],[121.38510939,24.51682151],[121.38555068,24.51456904],[121.38527688,24.51336345],[121.3841964,24.51158604],[121.38371935,24.51035556],[121.3820069,24.50974636],[121.38036399,24.50990516],[121.37927931,24.509531],[121.37775925,24.50965975],[121.37602404,24.51005484],[121.37360806,24.51007273],[121.37334674,24.50989661],[121.37279788,24.50680892],[121.37284659,24.50504553],[121.37252663,24.50221426],[121.37172224,24.49925538],[121.37066,24.49787056],[121.3691578,24.49744685],[121.36729734,24.49648414],[121.36502905,24.49585545],[121.36384392,24.49495771],[121.36281195,24.4933704],[121.36272223,24.49212091],[121.36169035,24.49054736],[121.35900981,24.48823793],[121.35774332,24.48660962],[121.35645483,24.48610783],[121.35277073,24.48549519],[121.35133905,24.48460093],[121.35002322,24.48427125],[121.34865805,24.48472436],[121.34712965,24.48482864],[121.34566331,24.48432687],[121.34424605,24.48271863],[121.34301298,24.48242557],[121.34241095,24.48171434],[121.34169985,24.47957539],[121.34163577,24.47802369],[121.34124643,24.47697489],[121.34006687,24.47485228],[121.33831487,24.4741509],[121.33594306,24.4723526],[121.33557416,24.47168482],[121.33594877,24.47030273],[121.33599378,24.46736678],[121.33498853,24.46669477],[121.3332493,24.46611727],[121.33248967,24.46553003],[121.33104888,24.46527372],[121.32985299,24.46426205],[121.32956855,24.46265305],[121.32843312,24.46200861],[121.32609911,24.46004255],[121.3249355,24.45856254],[121.32378916,24.45672211],[121.3230136,24.45485164],[121.3219714,24.45154202],[121.32019894,24.44800844],[121.31955473,24.44503909],[121.31873584,24.44406731],[121.31810172,24.44220023],[121.31765886,24.44148941],[121.32058649,24.44105543],[121.32278496,24.43940954],[121.32408786,24.43792708],[121.3256018,24.43592657],[121.32805989,24.43391237],[121.32844979,24.43232652],[121.32836943,24.4315718],[121.32766017,24.43043535],[121.32811555,24.42857639],[121.32870843,24.42727946],[121.32821763,24.4253859],[121.32818722,24.42364978],[121.32740729,24.42154715],[121.32738939,24.42057216],[121.32777424,24.41848278],[121.32764492,24.41659649],[121.32718335,24.41555382],[121.32743452,24.41302199],[121.32681004,24.4111987],[121.3263455,24.40919726],[121.3252074,24.4077817],[121.32499015,24.40691328],[121.32545588,24.4045164],[121.32596907,24.40365114],[121.32597256,24.40103699],[121.32648871,24.39987286],[121.32759475,24.39845558],[121.32800814,24.39828161],[121.33079956,24.39851614],[121.33232869,24.39794391],[121.33270102,24.39636564],[121.33359432,24.39500408],[121.33605079,24.39280259],[121.33697022,24.39239859],[121.33847466,24.39005441],[121.33945823,24.38976337],[121.33992336,24.39099745],[121.34241165,24.39264165],[121.3441541,24.39302438],[121.35021914,24.39284252],[121.35255725,24.3922906],[121.3536513,24.39307704],[121.35531638,24.39314913],[121.35753911,24.39177437],[121.3593838,24.39044659],[121.36130109,24.39014734],[121.36207811,24.38949886],[121.36488121,24.38907505],[121.36601121,24.38780248],[121.36718275,24.38604299],[121.36793832,24.38584926],[121.36875376,24.3849068],[121.36896776,24.38377707],[121.36972572,24.38275408],[121.36957779,24.38187401],[121.36822013,24.38126024],[121.36714511,24.37921134],[121.36744239,24.3779072],[121.36877092,24.3756036],[121.36930148,24.37428155],[121.36928674,24.37245763],[121.37144944,24.3704658],[121.37357284,24.36816605],[121.37422044,24.36797669],[121.3753153,24.36836706],[121.37738186,24.36836884],[121.37917252,24.36749714],[121.38112799,24.36686696],[121.3834554,24.36774435],[121.38517803,24.36876066],[121.38676175,24.36923458],[121.38789822,24.37000856],[121.3891884,24.37415494],[121.39035892,24.37533785],[121.39241622,24.37510051],[121.39323828,24.37531566],[121.39432386,24.37639271],[121.39459521,24.37713975],[121.39580428,24.37800798],[121.39811244,24.37776411],[121.40058812,24.37958561],[121.4018848,24.37960174],[121.4041243,24.3778255],[121.40495757,24.37761106],[121.40648414,24.37794914],[121.40789978,24.37754964],[121.40851534,24.37809973],[121.41077241,24.37876947],[121.41276389,24.3797432],[121.41425306,24.37938814],[121.41562422,24.37940564],[121.41652831,24.37978446],[121.41808528,24.37944541],[121.41861763,24.37907024],[121.41962466,24.37920524],[121.42152839,24.38071469],[121.42333913,24.38140556],[121.42573746,24.38148433],[121.42936409,24.38306142],[121.43396242,24.38323498],[121.43777961,24.38287786],[121.44078938,24.377812],[121.44169027,24.37542902],[121.44288245,24.37315386],[121.44437436,24.37412988],[121.44603675,24.37408248],[121.4479706,24.37482814],[121.44825363,24.37257212],[121.44930754,24.37024645],[121.45065272,24.36797339],[121.45138021,24.36592623],[121.45200502,24.36468167],[121.45428461,24.36363795],[121.45663918,24.36181461],[121.45745235,24.36085269],[121.45881641,24.3600396],[121.45951128,24.35925309],[121.46128569,24.35788037],[121.46340685,24.35703429],[121.46464896,24.35610293],[121.46497062,24.35555878],[121.46666391,24.35484656],[121.46906099,24.35424518],[121.47065626,24.35339785],[121.47318551,24.35260808],[121.47525519,24.35126664],[121.47886698,24.35187775],[121.48078756,24.35002293],[121.48090831,24.34926822],[121.48252159,24.34867069],[121.48547581,24.34837579],[121.48664632,24.34732636],[121.48743313,24.34605884],[121.48886356,24.3453777],[121.49074865,24.34406727],[121.49223017,24.34209212],[121.49403778,24.34093318],[121.49811394,24.3392363],[121.4996203,24.33944278],[121.50110066,24.34096384],[121.50275034,24.34175967],[121.50437546,24.34293636],[121.50704038,24.34323273],[121.50809611,24.34312181],[121.50864259,24.34197264],[121.51008921,24.34110137],[121.51263845,24.34107983],[121.51368155,24.34082243],[121.51551243,24.34181206],[121.5173693,24.34100462],[121.51847748,24.34115345],[121.52043379,24.34259483],[121.52215115,24.34302447],[121.52455561,24.34264066],[121.52563152,24.34204978],[121.52774718,24.3391541],[121.52842003,24.33885085],[121.52961049,24.33896917],[121.53087784,24.33861592],[121.53326449,24.33705793],[121.53544102,24.3373855],[121.53665879,24.33709918],[121.53844689,24.33612882],[121.54052736,24.3359147],[121.54245949,24.33707792],[121.5447238,24.33782523],[121.54676388,24.33717242],[121.54860956,24.33622912],[121.55073783,24.33419702],[121.55371089,24.33218659],[121.55607068,24.33115694],[121.55662533,24.33039024],[121.5572137,24.32869731],[121.55726539,24.32746767],[121.5577353,24.32599844],[121.55880274,24.32411337],[121.56007763,24.32263834],[121.56165438,24.32258698],[121.56332201,24.32223762],[121.56636558,24.3191865],[121.56740849,24.31921728],[121.56830983,24.31847654],[121.56959913,24.31794414],[121.57184044,24.31819564],[121.57364351,24.31939467],[121.57584702,24.31967335],[121.57757847,24.3189727],[121.57852826,24.31814272],[121.5804582,24.31781638],[121.58235214,24.31780691],[121.58347041,24.31735092],[121.58424819,24.31668937],[121.58750725,24.31606527],[121.58844569,24.31535006],[121.58922339,24.31400339],[121.58991848,24.3140376],[121.59082667,24.31494971],[121.59289154,24.31578084],[121.59375273,24.31641662],[121.59718389,24.3162974],[121.59856731,24.31560701],[121.6011814,24.31469834],[121.60312916,24.31317184],[121.60397127,24.3118671],[121.60509005,24.31065462],[121.60567277,24.30950605],[121.60646853,24.31041241],[121.60701494,24.31264057],[121.60664834,24.31369692],[121.60513889,24.31541149],[121.60540366,24.31661172],[121.60463274,24.31827347],[121.60355882,24.31903119],[121.60219617,24.31965056],[121.6010903,24.32058497],[121.60097921,24.32160465],[121.6013721,24.32298539],[121.60102916,24.32369711],[121.59886791,24.32528135],[121.5986241,24.32654115],[121.59656267,24.3281424],[121.59591892,24.32936392],[121.59579105,24.3316961],[121.59674735,24.33326382],[121.5984868,24.33367797],[121.59944335,24.33337664],[121.60047341,24.33113573],[121.60181546,24.33035066],[121.60305017,24.32930939],[121.60394674,24.32899828],[121.60541949,24.32931558],[121.60645229,24.33006093],[121.60624255,24.33095093],[121.60653615,24.33273074],[121.60757268,24.33522788],[121.60934858,24.33533354],[121.61130297,24.33601904],[121.6131541,24.33555583],[121.61460156,24.33376262],[121.61572205,24.33322412],[121.61734847,24.33356058],[121.61840228,24.33436387],[121.61865339,24.33574679],[121.61826596,24.33628701],[121.61647749,24.33691338],[121.61612046,24.33805784],[121.61657001,24.34068357],[121.61727912,24.34227061],[121.61802379,24.34464107],[121.61879995,24.34541471],[121.62027863,24.34533769],[121.6206161,24.34487561],[121.62149489,24.3420466],[121.6223867,24.34002174],[121.62289419,24.33944005],[121.62512625,24.33985861],[121.62617738,24.34027127],[121.62747154,24.34112254],[121.62809322,24.3393506],[121.62805264,24.33861083],[121.62664984,24.33628005],[121.62668189,24.33562982],[121.62787465,24.33476034],[121.62862942,24.33369822],[121.62935229,24.33347472],[121.63200987,24.33428108],[121.63296362,24.3349672],[121.63313451,24.33594579],[121.63279722,24.33653657],[121.63266855,24.3383747],[121.63296748,24.33990229],[121.63231581,24.3416421],[121.63171558,24.34196659],[121.63130888,24.34343967],[121.63149218,24.34427582],[121.63244816,24.34452768],[121.63465996,24.3444935],[121.63581922,24.34549875],[121.6359173,24.3461144],[121.63510924,24.34836833],[121.63322809,24.34917405],[121.63222121,24.3492204],[121.63093309,24.34835236],[121.63004854,24.34844776],[121.62931738,24.34947281],[121.62740711,24.34944889],[121.62678103,24.3498034],[121.62719289,24.35099449],[121.62720434,24.35283579],[121.62689433,24.3541279],[121.6262559,24.35479495],[121.62400833,24.35567447],[121.62174613,24.3571722],[121.62119323,24.35811793],[121.62150794,24.35991064],[121.62338092,24.36161008],[121.62338707,24.36246983],[121.62074961,24.36255144],[121.62038292,24.36303404],[121.62064666,24.36427475],[121.62157157,24.36550598],[121.62170595,24.3666309],[121.62384283,24.36753903],[121.62501952,24.36859489],[121.62667413,24.36936881],[121.62795361,24.36939552],[121.6309427,24.37055274],[121.63160057,24.37031564],[121.63165865,24.36922646],[121.63061602,24.36764054],[121.63053597,24.36660792],[121.63090771,24.36611382],[121.6322863,24.36593886],[121.63379009,24.36644969],[121.6347761,24.36653651],[121.63509016,24.36605351],[121.63478703,24.36435976],[121.63501959,24.36371994],[121.63727248,24.36314831],[121.63832773,24.36232299],[121.63866346,24.36092298],[121.64028855,24.35955424],[121.64002251,24.358263],[121.64062017,24.35699569],[121.64227438,24.35608913],[121.6438555,24.35351789],[121.64512599,24.35234221],[121.64659387,24.35191484],[121.64890305,24.34940106],[121.64982583,24.34921155],[121.65050528,24.34978134],[121.65071482,24.35093427],[121.65023865,24.35308276],[121.65002293,24.35487662],[121.6479741,24.35669329],[121.647808,24.35750365],[121.64817737,24.35836799],[121.64944762,24.35966101],[121.65066819,24.35985723],[121.65117973,24.35940995],[121.65192777,24.35775968],[121.6532779,24.35664651],[121.65382548,24.35536044],[121.65331214,24.35256896],[121.65393862,24.35214998],[121.65593919,24.35320849],[121.65744597,24.35293756],[121.65795657,24.3519133],[121.65865603,24.35128656],[121.66020574,24.35117242],[121.66137282,24.35199874],[121.66129062,24.35291447],[121.6624515,24.35317836],[121.66323336,24.35279418],[121.66338247,24.35106366],[121.66389488,24.34917772],[121.66483026,24.34815572],[121.6664696,24.34752946],[121.66759283,24.3458807],[121.66776641,24.34479485],[121.66866699,24.34349148],[121.67009297,24.34281957],[121.67287398,24.3437872],[121.6739744,24.34340106],[121.67406006,24.34227857],[121.67362635,24.34107198],[121.67353623,24.33983712],[121.67439345,24.33820722],[121.67593458,24.33746835],[121.67834107,24.33805482],[121.68400244,24.34077839],[121.68572287,24.34066463],[121.68681096,24.33916529],[121.6872725,24.33667136],[121.6872664,24.3348821],[121.68813709,24.33381325],[121.68949101,24.33358749],[121.69175202,24.33418094],[121.6936044,24.33485797],[121.69497384,24.3348575],[121.69731519,24.334264],[121.69962177,24.3326448],[121.70264781,24.33088838],[121.70645365,24.32908428],[121.70903347,24.32840212],[121.71308307,24.32701858],[121.71433758,24.3267245],[121.72106386,24.32588707],[121.72345021,24.3254838],[121.72513543,24.32559344],[121.72592501,24.3258899],[121.72778274,24.32599067],[121.7297956,24.32535046],[121.73141523,24.32449424],[121.73517132,24.32307896],[121.7366005,24.32312709],[121.74004886,24.32356095],[121.74472766,24.32285815],[121.7480529,24.32105028],[121.75130701,24.31880469],[121.75368209,24.31759527],[121.75523261,24.31627816],[121.75732187,24.31539334],[121.75910461,24.31421052],[121.76168284,24.31403146],[121.76573616,24.31334984],[121.76778211,24.3134164],[121.77013196,24.31312342],[121.77137179,24.31321884],[121.7727157,24.3136352],[121.77405669,24.31527743],[121.77395413,24.31961318],[121.77286513,24.32486098],[121.77224814,24.32630596],[121.77140478,24.32893847],[121.77088233,24.33259391],[121.77122671,24.33447453],[121.77129752,24.3359419],[121.77163005,24.33757028],[121.7727965,24.34026656],[121.77357354,24.34371833],[121.77728674,24.3511767],[121.77798289,24.35233592],[121.77812695,24.35439913],[121.77870852,24.35620824],[121.77929652,24.3572639],[121.78226549,24.36161721],[121.78287071,24.36400226],[121.78371284,24.36651383],[121.78458312,24.36793686],[121.78504114,24.36935886],[121.78701805,24.37250315],[121.78753196,24.37487754],[121.78739566,24.37555104],[121.78789166,24.38153458],[121.78800747,24.3847087],[121.78853499,24.38805558],[121.78848557,24.39242778],[121.78900772,24.39748584],[121.79031647,24.40279322],[121.79043663,24.4044661],[121.79113782,24.40823669],[121.79178099,24.41043765],[121.79392499,24.41629625],[121.79649272,24.42245332],[121.7986627,24.42796779],[121.80026556,24.43086933],[121.80185431,24.43434338],[121.80338532,24.43616799],[121.80500493,24.43758046],[121.80783384,24.43975156],[121.81082651,24.44145347],[121.81217183,24.44269344],[121.81234693,24.4435342],[121.81477365,24.44652549],[121.81559147,24.44789948],[121.81654405,24.44674624],[121.81713902,24.44833948],[121.81715865,24.45021764],[121.81804241,24.45151558],[121.82017402,24.45380527],[121.82096249,24.45395104],[121.82184025,24.45586812],[121.82145499,24.45687509],[121.8200536,24.45851659],[121.82036824,24.46142798],[121.82129801,24.46242751],[121.82355321,24.46334402],[121.82466112,24.46461767],[121.82685761,24.46520669],[121.82760525,24.46581531],[121.83076183,24.46695618],[121.83264641,24.46742999],[121.8333318,24.46795829],[121.83422631,24.46963206],[121.83615896,24.47074717],[121.83696913,24.47184152],[121.83829749,24.47226509],[121.83850055,24.47300814],[121.83987147,24.47404183],[121.84121589,24.47559059],[121.84390994,24.47686776],[121.84610791,24.47694146],[121.84857494,24.47900805],[121.84971043,24.47937707],[121.85158351,24.47950732],[121.85335517,24.48016399],[121.85543974,24.4805924],[121.85864227,24.47876794],[121.85967951,24.47856416],[121.86141242,24.47966727],[121.86240718,24.48120376],[121.86145379,24.48265562],[121.86021448,24.4836488],[121.85857045,24.48386073],[121.85668369,24.48337904],[121.85252826,24.48365947],[121.85164837,24.48390193],[121.85071667,24.48489844],[121.85049019,24.48619091],[121.85090364,24.48729826],[121.85035226,24.48811329],[121.85028038,24.49057579],[121.84972344,24.49179932],[121.84974597,24.49264452],[121.8507943,24.49339262],[121.85101702,24.49412579],[121.85049242,24.49467991],[121.84803517,24.49581614],[121.84746358,24.49741015],[121.84642621,24.49658791],[121.84501293,24.49727152],[121.84352611,24.49747419],[121.84163902,24.49749046],[121.8402245,24.49804203],[121.83900817,24.4996144],[121.83856991,24.50076591],[121.83834271,24.50328381],[121.83822958,24.50654337],[121.8383293,24.50847192],[121.83891255,24.51231837],[121.83991837,24.51653447],[121.84028211,24.5174006],[121.84190221,24.52025425],[121.84319316,24.52118904],[121.84495887,24.5216889],[121.84964073,24.5220699],[121.85111912,24.52283298],[121.85625288,24.52394437],[121.85725591,24.52484528],[121.85912253,24.52572202],[121.86091518,24.52718146],[121.86565912,24.52736809],[121.8668493,24.52796022],[121.86779975,24.52757029],[121.86856344,24.52766049],[121.86977301,24.5284887],[121.86953772,24.52934586],[121.87011435,24.53001411],[121.87256279,24.53110422],[121.87246876,24.53282229],[121.87369698,24.5346407],[121.87290647,24.53815172],[121.87239565,24.53912038],[121.87231644,24.54162809],[121.87360454,24.54455793],[121.87410007,24.54538682],[121.87383814,24.54607656],[121.87288163,24.54716321],[121.87251101,24.54965584],[121.87206331,24.55116434],[121.87118222,24.55253233],[121.8712539,24.5530447],[121.87087834,24.55610186],[121.87075821,24.5580657],[121.87077204,24.5614232],[121.87118905,24.56329083],[121.87026025,24.56914381],[121.86921096,24.57128217],[121.86922625,24.5727554],[121.86982099,24.5760892],[121.87103763,24.57744631],[121.87206541,24.57818698],[121.87298478,24.57792259],[121.87349302,24.57720775],[121.87520298,24.57758136],[121.8753458,24.57876409],[121.87647273,24.57902496],[121.87678074,24.57819662],[121.87782251,24.57833292],[121.87946273,24.57924783],[121.87949902,24.57995444],[121.87827729,24.58003228],[121.87726994,24.57976604],[121.87693169,24.58095376],[121.87619553,24.58139118],[121.87525454,24.58139362],[121.87481137,24.58279069],[121.87415555,24.58327153],[121.87368678,24.58453892],[121.87266636,24.58365907],[121.87229709,24.58391395],[121.87264028,24.58525517],[121.87541276,24.58595009],[121.87634484,24.58741255],[121.87923024,24.5910428],[121.87896056,24.5911949],[121.87344616,24.59661842],[121.87663442,24.59792332],[121.87921692,24.59912934],[121.88170909,24.59866423],[121.88214876,24.5991765],[121.88498813,24.59961566],[121.88587703,24.59957638],[121.88588883,24.60050046],[121.88464277,24.60064461],[121.88364755,24.60138746],[121.88364031,24.60206272],[121.88456612,24.60310973],[121.88459861,24.60361834],[121.88282069,24.6034216],[121.88179724,24.60372287],[121.88085464,24.60556663],[121.88020414,24.60575032],[121.8780664,24.60514271],[121.87512356,24.6057116],[121.87462923,24.60611097],[121.87431156,24.60772791],[121.8733913,24.60873897],[121.87127275,24.60902452],[121.8700561,24.60866563],[121.86846236,24.60892742],[121.86611894,24.60992881],[121.86239614,24.61359962],[121.86093363,24.61454962],[121.85875358,24.61670401],[121.85841164,24.61783022],[121.85660451,24.62010308],[121.8563837,24.62076566],[121.85540352,24.62190104],[121.85374894,24.62503711],[121.85331375,24.62630887],[121.85211263,24.62800648],[121.85163611,24.62954249],[121.85123735,24.62990766],[121.85049144,24.63211274],[121.8488839,24.63575677],[121.84504772,24.64491201],[121.84405945,24.64786192],[121.84150428,24.65624179],[121.84062796,24.65967179],[121.84004591,24.6628305],[121.83913263,24.66648752],[121.83862114,24.67060333],[121.83817631,24.67289805],[121.83836141,24.67900482],[121.83823552,24.67965483],[121.83844654,24.68169069],[121.83782749,24.6836131],[121.83772033,24.68500748],[121.83791101,24.68657554],[121.83758523,24.68728446],[121.83784239,24.68929793],[121.83753307,24.69038536],[121.83767703,24.69201139],[121.8372726,24.69349251],[121.83754216,24.69482546],[121.83738899,24.69829235],[121.83679762,24.69832004],[121.83667103,24.69999489],[121.83682214,24.70110511],[121.83650086,24.70182269],[121.83658052,24.70293925],[121.83635761,24.70467136],[121.83630182,24.70823945],[121.83658783,24.71070404],[121.8378693,24.71320027],[121.83923646,24.71472677],[121.83950146,24.71585568],[121.83912899,24.71741903],[121.83827911,24.71807067],[121.83501328,24.71852075],[121.83363742,24.71903625],[121.83277479,24.7198993],[121.83175904,24.72191922],[121.83038254,24.72402063],[121.82888505,24.72671012],[121.82586926,24.73300575],[121.82483408,24.73553625],[121.82349797,24.73929729],[121.82203161,24.74391429],[121.82178107,24.74520226],[121.82097566,24.74769804],[121.82070955,24.75012774],[121.82037668,24.75094084],[121.81983923,24.75384326],[121.81982756,24.75477982],[121.81909749,24.75879487],[121.81871732,24.76318287],[121.8184104,24.76492229],[121.81823747,24.76762783],[121.8181454,24.77133118],[121.81822795,24.77347724],[121.81802291,24.77395618],[121.81798902,24.77814022],[121.8181108,24.78240483],[121.81830061,24.78439819],[121.81824589,24.78631775],[121.81852967,24.78808277],[121.8184318,24.78993925],[121.81881923,24.7936435],[121.81899183,24.7972878],[121.81928482,24.79834389],[121.81968195,24.8032191],[121.81990638,24.80407352],[121.8201675,24.80695486],[121.82033472,24.80730809],[121.821614,24.81548025],[121.82209981,24.81812208],[121.82269692,24.82057934],[121.82309818,24.82344717],[121.82338122,24.82398621],[121.8242961,24.82887397],[121.82460547,24.82939706],[121.82479992,24.83102686],[121.82619118,24.8361014],[121.82740759,24.83966543],[121.8271334,24.842363],[121.82794439,24.84216086],[121.82922684,24.84680233],[121.83061265,24.85045014],[121.83382623,24.85731105],[121.83429679,24.85748649],[121.83457204,24.85890318],[121.8404089,24.87113867],[121.84268131,24.87616053],[121.84581382,24.88059681],[121.84721237,24.88305515],[121.84831543,24.88453676],[121.850828,24.88646251],[121.85109971,24.88854889],[121.85089717,24.88934342],[121.85135367,24.89011709],[121.85402757,24.89172912],[121.85832236,24.89337844],[121.86046506,24.89446468],[121.86208724,24.89657948],[121.86393292,24.89835123],[121.86593703,24.90200408],[121.86736668,24.90299053],[121.86909166,24.90345412],[121.87200026,24.90502959],[121.87250151,24.90618709],[121.87457185,24.90755307],[121.87474661,24.9081156],[121.87643013,24.90993786],[121.87752147,24.91023669],[121.87841362,24.91112202],[121.87812504,24.91173602],[121.87928765,24.91309888],[121.88087725,24.91417274],[121.88235123,24.91485958],[121.88328415,24.91640552],[121.88488446,24.9177986],[121.88536577,24.91889442],[121.88530163,24.9209791],[121.88542258,24.92323874],[121.88693095,24.92504567],[121.88755663,24.92772223],[121.88686723,24.92915949],[121.8874472,24.93147454],[121.88788057,24.93509317],[121.88828293,24.93602261],[121.88938487,24.93720393],[121.89325759,24.93921522],[121.89374547,24.94012689],[121.89492247,24.94065794],[121.89737576,24.94093241],[121.89824587,24.94083356],[121.89907083,24.93999248],[121.90107815,24.93995465],[121.90335901,24.94060269],[121.90398755,24.93982216],[121.90466266,24.93981943],[121.90425718,24.94142868],[121.90446617,24.94248791],[121.9041171,24.94365244],[121.90456151,24.94531128],[121.905351,24.9466011],[121.90690962,24.94696499],[121.90794639,24.94764748],[121.90838278,24.94869947],[121.91134779,24.95072893],[121.91262933,24.95064455],[121.91471537,24.95194041],[121.91626425,24.95186366],[121.91796141,24.95303637],[121.91803846,24.95363973],[121.91904974,24.95404632],[121.91919158,24.9548471],[121.92056143,24.95576203],[121.91997481,24.95844768],[121.92182117,24.96086203],[121.92183376,24.96179867],[121.92261551,24.96248266],[121.92237897,24.96321589],[121.92420636,24.96576766],[121.92558325,24.96856355],[121.9281233,24.96944518],[121.93150927,24.9717911],[121.93425215,24.97290855],[121.93622069,24.97385501],[121.93637378,24.97329643],[121.93750497,24.97366494],[121.93854524,24.97321927],[121.94164084,24.97373043],[121.94226257,24.97504778],[121.94372326,24.97598984],[121.94426535,24.97683412],[121.94656696,24.97804695],[121.94869278,24.97887568],[121.94946992,24.97882452],[121.95145807,24.97925648],[121.95362857,24.98007774],[121.95449937,24.98000808],[121.95702054,24.98187864],[121.95829901,24.98262572],[121.96002416,24.9825846],[121.96223348,24.98175502],[121.96362836,24.98235939],[121.96430245,24.98218727],[121.96602789,24.9830844]]],[[[121.95970846,24.84493697],[121.95983137,24.84696291],[121.95834724555341,24.84905873392441],[121.95586779,24.85058811],[121.95365203,24.85104917],[121.95178495,24.85162058],[121.94981765,24.85167584],[121.94735958,24.85082523],[121.94494837,24.84704367],[121.94362492,24.8447276],[121.94272656,24.84387646],[121.9411193,24.84392451],[121.9387561,24.84458674],[121.9354469,24.84709209],[121.9344093,24.84673316],[121.93431259,24.84558012],[121.93558887,24.84453917],[121.93771581,24.84321574],[121.93889808,24.84151287],[121.94051329495615,24.83828157757216],[121.94308973008309,24.83668629124407],[121.94612994,24.83550769],[121.94830025577322,24.83550761240674],[121.94898128,24.83589646],[121.95098758,24.83585047],[121.95269371,24.8364699],[121.95438553,24.83623763],[121.95705749,24.8368221],[121.96147009,24.83528435],[121.96292877,24.8359299],[121.96357514,24.83698185],[121.96449943,24.83781091],[121.96509174,24.83899187],[121.96493848,24.84049049],[121.96446959,24.84091901],[121.96280928,24.84109942],[121.96032399,24.84300728],[121.96064442,24.84370939],[121.95970846,24.84493697]]]]},"properties":{"gml_id":"layer_city_boundary_pg.45","Name":"宜兰县","layer":"市","code":"711700000000","grade":2}},
{"type":"Feature","geometry":{"type":"Polygon","coordinates":[[[121.77405669,24.31527743],[121.7727157,24.3136352],[121.77137179,24.31321884],[121.77013196,24.31312342],[121.76778211,24.3134164],[121.76573616,24.31334984],[121.76168284,24.31403146],[121.75910461,24.31421052],[121.75732187,24.31539334],[121.75523261,24.31627816],[121.75368209,24.31759527],[121.75130701,24.31880469],[121.7480529,24.32105028],[121.74472766,24.32285815],[121.74004886,24.32356095],[121.7366005,24.32312709],[121.73517132,24.32307896],[121.73141523,24.32449424],[121.7297956,24.32535046],[121.72778274,24.32599067],[121.72592501,24.3258899],[121.72513543,24.32559344],[121.72345021,24.3254838],[121.72106386,24.32588707],[121.71433758,24.3267245],[121.71308307,24.32701858],[121.70903347,24.32840212],[121.70645365,24.32908428],[121.70264781,24.33088838],[121.69962177,24.3326448],[121.69731519,24.334264],[121.69497384,24.3348575],[121.6936044,24.33485797],[121.69175202,24.33418094],[121.68949101,24.33358749],[121.68813709,24.33381325],[121.6872664,24.3348821],[121.6872725,24.33667136],[121.68681096,24.33916529],[121.68572287,24.34066463],[121.68400244,24.34077839],[121.67834107,24.33805482],[121.67593458,24.33746835],[121.67439345,24.33820722],[121.67353623,24.33983712],[121.67362635,24.34107198],[121.67406006,24.34227857],[121.6739744,24.34340106],[121.67287398,24.3437872],[121.67009297,24.34281957],[121.66866699,24.34349148],[121.66776641,24.34479485],[121.66759283,24.3458807],[121.6664696,24.34752946],[121.66483026,24.34815572],[121.66389488,24.34917772],[121.66338247,24.35106366],[121.66323336,24.35279418],[121.6624515,24.35317836],[121.66129062,24.35291447],[121.66137282,24.35199874],[121.66020574,24.35117242],[121.65865603,24.35128656],[121.65795657,24.3519133],[121.65744597,24.35293756],[121.65593919,24.35320849],[121.65393862,24.35214998],[121.65331214,24.35256896],[121.65382548,24.35536044],[121.6532779,24.35664651],[121.65192777,24.35775968],[121.65117973,24.35940995],[121.65066819,24.35985723],[121.64944762,24.35966101],[121.64817737,24.35836799],[121.647808,24.35750365],[121.6479741,24.35669329],[121.65002293,24.35487662],[121.65023865,24.35308276],[121.65071482,24.35093427],[121.65050528,24.34978134],[121.64982583,24.34921155],[121.64890305,24.34940106],[121.64659387,24.35191484],[121.64512599,24.35234221],[121.6438555,24.35351789],[121.64227438,24.35608913],[121.64062017,24.35699569],[121.64002251,24.358263],[121.64028855,24.35955424],[121.63866346,24.36092298],[121.63832773,24.36232299],[121.63727248,24.36314831],[121.63501959,24.36371994],[121.63478703,24.36435976],[121.63509016,24.36605351],[121.6347761,24.36653651],[121.63379009,24.36644969],[121.6322863,24.36593886],[121.63090771,24.36611382],[121.63053597,24.36660792],[121.63061602,24.36764054],[121.63165865,24.36922646],[121.63160057,24.37031564],[121.6309427,24.37055274],[121.62795361,24.36939552],[121.62667413,24.36936881],[121.62501952,24.36859489],[121.62384283,24.36753903],[121.62170595,24.3666309],[121.62157157,24.36550598],[121.62064666,24.36427475],[121.62038292,24.36303404],[121.62074961,24.36255144],[121.62338707,24.36246983],[121.62338092,24.36161008],[121.62150794,24.35991064],[121.62119323,24.35811793],[121.62174613,24.3571722],[121.62400833,24.35567447],[121.6262559,24.35479495],[121.62689433,24.3541279],[121.62720434,24.35283579],[121.62719289,24.35099449],[121.62678103,24.3498034],[121.62740711,24.34944889],[121.62931738,24.34947281],[121.63004854,24.34844776],[121.63093309,24.34835236],[121.63222121,24.3492204],[121.63322809,24.34917405],[121.63510924,24.34836833],[121.6359173,24.3461144],[121.63581922,24.34549875],[121.63465996,24.3444935],[121.63244816,24.34452768],[121.63149218,24.34427582],[121.63130888,24.34343967],[121.63171558,24.34196659],[121.63231581,24.3416421],[121.63296748,24.33990229],[121.63266855,24.3383747],[121.63279722,24.33653657],[121.63313451,24.33594579],[121.63296362,24.3349672],[121.63200987,24.33428108],[121.62935229,24.33347472],[121.62862942,24.33369822],[121.62787465,24.33476034],[121.62668189,24.33562982],[121.62664984,24.33628005],[121.62805264,24.33861083],[121.62809322,24.3393506],[121.62747154,24.34112254],[121.62617738,24.34027127],[121.62512625,24.33985861],[121.62289419,24.33944005],[121.6223867,24.34002174],[121.62149489,24.3420466],[121.6206161,24.34487561],[121.62027863,24.34533769],[121.61879995,24.34541471],[121.61802379,24.34464107],[121.61727912,24.34227061],[121.61657001,24.34068357],[121.61612046,24.33805784],[121.61647749,24.33691338],[121.61826596,24.33628701],[121.61865339,24.33574679],[121.61840228,24.33436387],[121.61734847,24.33356058],[121.61572205,24.33322412],[121.61460156,24.33376262],[121.6131541,24.33555583],[121.61130297,24.33601904],[121.60934858,24.33533354],[121.60757268,24.33522788],[121.60653615,24.33273074],[121.60624255,24.33095093],[121.60645229,24.33006093],[121.60541949,24.32931558],[121.60394674,24.32899828],[121.60305017,24.32930939],[121.60181546,24.33035066],[121.60047341,24.33113573],[121.59944335,24.33337664],[121.5984868,24.33367797],[121.59674735,24.33326382],[121.59579105,24.3316961],[121.59591892,24.32936392],[121.59656267,24.3281424],[121.5986241,24.32654115],[121.59886791,24.32528135],[121.60102916,24.32369711],[121.6013721,24.32298539],[121.60097921,24.32160465],[121.6010903,24.32058497],[121.60219617,24.31965056],[121.60355882,24.31903119],[121.60463274,24.31827347],[121.60540366,24.31661172],[121.60513889,24.31541149],[121.60664834,24.31369692],[121.60701494,24.31264057],[121.60646853,24.31041241],[121.60567277,24.30950605],[121.60509005,24.31065462],[121.60397127,24.3118671],[121.60312916,24.31317184],[121.6011814,24.31469834],[121.59856731,24.31560701],[121.59718389,24.3162974],[121.59375273,24.31641662],[121.59289154,24.31578084],[121.59082667,24.31494971],[121.58991848,24.3140376],[121.58922339,24.31400339],[121.58844569,24.31535006],[121.58750725,24.31606527],[121.58424819,24.31668937],[121.58347041,24.31735092],[121.58235214,24.31780691],[121.5804582,24.31781638],[121.57852826,24.31814272],[121.57757847,24.3189727],[121.57584702,24.31967335],[121.57364351,24.31939467],[121.57184044,24.31819564],[121.56959913,24.31794414],[121.56830983,24.31847654],[121.56740849,24.31921728],[121.56636558,24.3191865],[121.56332201,24.32223762],[121.56165438,24.32258698],[121.56007763,24.32263834],[121.55880274,24.32411337],[121.5577353,24.32599844],[121.55726539,24.32746767],[121.5572137,24.32869731],[121.55662533,24.33039024],[121.55607068,24.33115694],[121.55371089,24.33218659],[121.55073783,24.33419702],[121.54860956,24.33622912],[121.54676388,24.33717242],[121.5447238,24.33782523],[121.54245949,24.33707792],[121.54052736,24.3359147],[121.53844689,24.33612882],[121.53665879,24.33709918],[121.53544102,24.3373855],[121.53326449,24.33705793],[121.53087784,24.33861592],[121.52961049,24.33896917],[121.52842003,24.33885085],[121.52774718,24.3391541],[121.52563152,24.34204978],[121.52455561,24.34264066],[121.52215115,24.34302447],[121.52043379,24.34259483],[121.51847748,24.34115345],[121.5173693,24.34100462],[121.51551243,24.34181206],[121.51368155,24.34082243],[121.51263845,24.34107983],[121.51008921,24.34110137],[121.50864259,24.34197264],[121.50809611,24.34312181],[121.50704038,24.34323273],[121.50437546,24.34293636],[121.50275034,24.34175967],[121.50110066,24.34096384],[121.4996203,24.33944278],[121.49811394,24.3392363],[121.49403778,24.34093318],[121.49223017,24.34209212],[121.49074865,24.34406727],[121.48886356,24.3453777],[121.48743313,24.34605884],[121.48664632,24.34732636],[121.48547581,24.34837579],[121.48252159,24.34867069],[121.48090831,24.34926822],[121.48078756,24.35002293],[121.47886698,24.35187775],[121.47525519,24.35126664],[121.47318551,24.35260808],[121.47065626,24.35339785],[121.46906099,24.35424518],[121.46666391,24.35484656],[121.46497062,24.35555878],[121.46464896,24.35610293],[121.46340685,24.35703429],[121.46128569,24.35788037],[121.45951128,24.35925309],[121.45881641,24.3600396],[121.45745235,24.36085269],[121.45663918,24.36181461],[121.45428461,24.36363795],[121.45200502,24.36468167],[121.44865725,24.36278296],[121.44778805,24.36149601],[121.44745859,24.35984297],[121.44709189,24.35946848],[121.44604991,24.35959355],[121.44470897,24.35917848],[121.44273535,24.35896398],[121.4415677,24.35859473],[121.44058551,24.35694913],[121.44022854,24.35526851],[121.43953524,24.35400895],[121.43879442,24.35345998],[121.43778727,24.35205351],[121.43645324,24.3484375],[121.43561099,24.34724793],[121.43624118,24.34521378],[121.43705832,24.34343991],[121.43773429,24.34245617],[121.43726401,24.34159056],[121.4357096,24.34037903],[121.43429932,24.33827168],[121.43408629,24.33704607],[121.43356389,24.33606307],[121.4334639,24.33478726],[121.43265435,24.33111907],[121.43248772,24.32959486],[121.43336413,24.32681692],[121.4344341,24.32571265],[121.43494098,24.32256351],[121.43397429,24.32113554],[121.43233655,24.32073955],[121.43134344,24.32024682],[121.43027582,24.31899087],[121.42848789,24.31736025],[121.42728362,24.31582804],[121.42609077,24.31397182],[121.42322756,24.308217],[121.42180194,24.30749528],[121.42023487,24.30762338],[121.41806377,24.3083309],[121.41667668,24.30915361],[121.41557166,24.30849266],[121.41437222,24.30822435],[121.41271837,24.30754774],[121.41142878,24.30726532],[121.40990449,24.3073521],[121.40726949,24.3080537],[121.4053868,24.30830246],[121.4047449,24.30764207],[121.40498817,24.30494886],[121.40456302,24.30233465],[121.40375093,24.29925118],[121.40318921,24.29769537],[121.40346821,24.29695272],[121.40276429,24.29594672],[121.39996922,24.29368813],[121.39805882,24.29133252],[121.39721917,24.2905285],[121.39657747,24.28873873],[121.39513867,24.28811502],[121.39351006,24.2882334],[121.39093339,24.28973816],[121.39061823,24.28955358],[121.38962476,24.28725731],[121.3872367,24.28470744],[121.38557196,24.28336367],[121.38357551,24.28242141],[121.38229513,24.28162324],[121.38075373,24.28009118],[121.38046732,24.27948138],[121.38154936,24.27765858],[121.38215704,24.27617724],[121.38221008,24.27508545],[121.38279302,24.27162028],[121.38290135,24.26952867],[121.38326369,24.26798013],[121.38567624,24.26402471],[121.3852254,24.26215717],[121.38524492,24.26047455],[121.38577581,24.25862063],[121.38565793,24.25680899],[121.38511896,24.25512515],[121.3837971,24.25495217],[121.38018512,24.25333741],[121.37841846,24.25281628],[121.37662475,24.25303066],[121.37309314,24.25409623],[121.37254227,24.2540651],[121.37155305,24.25315947],[121.36989188,24.25254423],[121.36701793,24.25217447],[121.3652228,24.24847172],[121.3642547,24.24706705],[121.36168416,24.24463409],[121.36066223,24.24394401],[121.35853579,24.24360258],[121.35622019,24.24457058],[121.35259984,24.24385541],[121.35249103,24.2431957],[121.35315876,24.24011952],[121.35321637,24.23892691],[121.35295625,24.23637798],[121.35202691,24.2340717],[121.35055134,24.23308374],[121.3490417,24.23164069],[121.34839658,24.22998745],[121.34547376,24.22657521],[121.34472138,24.22591226],[121.34415523,24.22483596],[121.34301355,24.22355425],[121.34331965,24.2221345],[121.34454462,24.21964286],[121.34626407,24.2165866],[121.34656709,24.21541043],[121.34786022,24.21258104],[121.34928413,24.21063658],[121.34931448,24.20930603],[121.3483421,24.20733289],[121.34915689,24.20447752],[121.34967153,24.20023595],[121.34922967,24.19961023],[121.3474012,24.19993856],[121.34483741,24.19988893],[121.34405256,24.19926041],[121.34085444,24.19846062],[121.33858442,24.19919037],[121.33580537,24.1991104],[121.3339394,24.1983079],[121.33069234,24.19776402],[121.32883406,24.19664098],[121.3275694,24.19629449],[121.3257591,24.1961741],[121.32523448,24.19591387],[121.32417172,24.19467524],[121.32300448,24.19196808],[121.32231267,24.19154461],[121.32047983,24.19145624],[121.31863896,24.18925019],[121.31736103,24.18810975],[121.31643653,24.18656389],[121.31611357,24.18552853],[121.31539459,24.18494897],[121.31441732,24.18471993],[121.31102443,24.18324949],[121.30761655,24.18060632],[121.30564367,24.18004681],[121.30327927,24.18008655],[121.30025562,24.17992973],[121.29878356,24.18009142],[121.29644063,24.17832452],[121.29480636,24.17763819],[121.2929854,24.177201],[121.29171015,24.1771089],[121.28811423,24.17766483],[121.28660843,24.17763336],[121.28619991,24.17736018],[121.28621346,24.17602877],[121.28767448,24.17328229],[121.28783236,24.17245675],[121.28798734,24.16934934],[121.28828751,24.16622664],[121.28801511,24.16462501],[121.28793159,24.16165624],[121.2883912,24.15825432],[121.28779765,24.15720871],[121.28620021,24.15707569],[121.28480571,24.15727898],[121.281976,24.15819261],[121.28065094,24.15811616],[121.28040354,24.15770151],[121.28102722,24.15449107],[121.2832223,24.15383557],[121.28450181,24.15283963],[121.28468207,24.15204175],[121.2842662,24.1487243],[121.28421938,24.14584928],[121.28362194,24.14331658],[121.28275467,24.1416524],[121.28208663,24.13968854],[121.28180615,24.13683386],[121.2813671,24.13587201],[121.28480693,24.13471285],[121.28652481,24.13448555],[121.29079607,24.13343165],[121.2930243,24.13308761],[121.29586151,24.13244144],[121.2966861,24.13113511],[121.29843933,24.13040517],[121.29982292,24.12920963],[121.3014894,24.12747383],[121.30353971,24.12457859],[121.30526994,24.12347431],[121.30798925,24.12241646],[121.30914113,24.12160071],[121.3116231,24.12018965],[121.31442343,24.11801044],[121.31588114,24.11641806],[121.31967654,24.11656054],[121.32141346,24.11637956],[121.32312662,24.11597337],[121.32528927,24.11593884],[121.32712381,24.11474299],[121.32849238,24.11440878],[121.32806392,24.11146935],[121.32692802,24.11026104],[121.32628495,24.10829914],[121.32618977,24.10743514],[121.3264692,24.10600079],[121.32581289,24.10419272],[121.32580408,24.10303278],[121.3252244,24.1018291],[121.32401635,24.10061357],[121.32232903,24.09948788],[121.31911849,24.0953962],[121.31890075,24.09432973],[121.31918643,24.09276672],[121.32011298,24.09127041],[121.32114539,24.08887186],[121.32179498,24.0879992],[121.32329505,24.086544],[121.32312931,24.08494031],[121.32080957,24.08240546],[121.31950094,24.08154169],[121.31837441,24.08006076],[121.31606328,24.07852493],[121.31437525,24.07774238],[121.31195175,24.07565026],[121.30998971,24.07479544],[121.30818982,24.07330702],[121.30643629,24.07087189],[121.30584366,24.06926969],[121.30477909,24.06854902],[121.302327,24.06634876],[121.30139414,24.06503925],[121.30103533,24.06371965],[121.29988571,24.06217363],[121.29892136,24.06163768],[121.29834558,24.06179701],[121.29649056,24.0629488],[121.29554257,24.06377937],[121.29339485,24.06160283],[121.29224852,24.06126702],[121.29051778,24.06034178],[121.28942458,24.05889043],[121.2877748,24.05871923],[121.28647133,24.05795918],[121.28570111,24.05641935],[121.28464765,24.05520032],[121.28370498,24.05494928],[121.28320658,24.05426657],[121.28261081,24.05127721],[121.28356957,24.04995998],[121.28459208,24.04915553],[121.28503527,24.04822451],[121.28487196,24.04702123],[121.2855948,24.04518433],[121.28545688,24.04183251],[121.2857264,24.03972133],[121.28422522,24.03722692],[121.28274222,24.03524906],[121.28225909,24.03425159],[121.28185477,24.03214559],[121.28018064,24.03060108],[121.27865431,24.0268211],[121.27660832,24.02461451],[121.27637739,24.02290376],[121.27631491,24.02015129],[121.27395817,24.01627732],[121.27378999,24.01516815],[121.2725875,24.01370512],[121.27178612,24.01311769],[121.27137819,24.01138123],[121.27031265,24.01001494],[121.27025603,24.00911955],[121.26956181,24.00789424],[121.2700502,24.00671103],[121.26942024,24.0063444],[121.26824386,24.00460134],[121.26799237,24.00377431],[121.26643227,24.00189939],[121.26544239,24.00102908],[121.2650387,23.99953135],[121.26391109,23.99774701],[121.26125072,23.99446143],[121.26011061,23.99232389],[121.26005845,23.98982871],[121.26077485,23.98862808],[121.26114038,23.98722893],[121.26138614,23.98484738],[121.26129189,23.9824399],[121.26160591,23.98124357],[121.26319782,23.97870568],[121.26402323,23.97631664],[121.26486567,23.97536399],[121.26649674,23.97522231],[121.26985005,23.97518476],[121.27321444,23.97536578],[121.27390888,23.97481668],[121.27507862,23.97187336],[121.27561574,23.96835772],[121.27585578,23.96789149],[121.27790937,23.96583225],[121.27777898,23.96524357],[121.27625806,23.96340506],[121.27524614,23.96041753],[121.27517755,23.95819871],[121.27581546,23.95586352],[121.27540387,23.95350369],[121.27470399,23.95144461],[121.27299583,23.94959549],[121.27186497,23.94877246],[121.27182008,23.94821596],[121.27285017,23.94662012],[121.27428458,23.94571385],[121.27357222,23.9443901],[121.27351551,23.94370586],[121.27403436,23.94199929],[121.27314232,23.93963908],[121.27207467,23.93821556],[121.27385599,23.93621824],[121.27370621,23.934129],[121.27394305,23.93307589],[121.27484874,23.93154052],[121.27460025,23.92999638],[121.27367415,23.92925563],[121.2734065,23.92848906],[121.27432102,23.92704783],[121.27523539,23.92477376],[121.27631222,23.92393749],[121.27651333,23.92316164],[121.27593504,23.92168088],[121.27573261,23.92024732],[121.27513309,23.91887647],[121.27524247,23.91742522],[121.27623643,23.91642526],[121.27626679,23.9159644],[121.27543427,23.91469457],[121.27537823,23.91205331],[121.27610651,23.91011702],[121.27597158,23.90951234],[121.27490071,23.90753358],[121.27240144,23.90704845],[121.27043141,23.90649495],[121.26626972,23.90726479],[121.26542875,23.90608888],[121.2636272,23.90478669],[121.26294509,23.90450708],[121.26106106,23.90260068],[121.26181393,23.90112355],[121.26269798,23.90014095],[121.26232726,23.89924948],[121.2627103,23.89889757],[121.26430169,23.89858256],[121.26597791,23.89867905],[121.26653443,23.89840908],[121.26544674,23.89728136],[121.26522571,23.89641047],[121.26604278,23.89419572],[121.26547403,23.89240654],[121.2655064,23.89123982],[121.26741205,23.88899821],[121.26736293,23.88717351],[121.26776317,23.88553763],[121.26835729,23.88494465],[121.26844987,23.88375103],[121.2674277,23.88326632],[121.26550997,23.88313685],[121.26467816,23.88221084],[121.26337044,23.88122206],[121.26292573,23.8794986],[121.2635547,23.87754367],[121.26420788,23.87662284],[121.26446849,23.87478093],[121.26521356,23.87311217],[121.26498612,23.87274663],[121.26340521,23.87263699],[121.26167271,23.87228211],[121.26007301,23.87266617],[121.25797361,23.87233143],[121.25730645,23.87002993],[121.25693821,23.86945459],[121.25494492,23.86849828],[121.25362246,23.8683943],[121.25287905,23.86744112],[121.25266409,23.86535873],[121.25296407,23.86367443],[121.25262821,23.86210454],[121.25214217,23.86129988],[121.25039729,23.86084574],[121.24988883,23.85907885],[121.2502395,23.85770444],[121.25019187,23.85664585],[121.24936284,23.85437236],[121.2488004,23.85391239],[121.24892303,23.85212986],[121.24710544,23.85050462],[121.24587696,23.85001448],[121.24451723,23.84891148],[121.24382493,23.84753347],[121.24406167,23.84623426],[121.24347986,23.84498277],[121.24168109,23.84287502],[121.23976659,23.84104936],[121.23931598,23.84009461],[121.23928434,23.83714071],[121.23866386,23.83488535],[121.23772956,23.83249109],[121.23813725,23.83015886],[121.23759987,23.82838611],[121.23725541,23.82639353],[121.23667598,23.82521095],[121.23694556,23.82380618],[121.23757717,23.82299754],[121.23891284,23.82202594],[121.23753443,23.82104045],[121.23652823,23.8199207],[121.23611723,23.81907633],[121.23491342,23.81811208],[121.23467616,23.81750719],[121.23472335,23.81417226],[121.2345536,23.81217108],[121.23212574,23.81036193],[121.23050735,23.81023457],[121.2292554,23.8088314],[121.22759998,23.80860742],[121.22751862,23.8070131],[121.22790901,23.80533313],[121.22647328,23.80440476],[121.22550598,23.79823342],[121.226577,23.7960882],[121.22668627,23.79532993],[121.22637889,23.79340719],[121.22706055,23.79127681],[121.22873947,23.79055849],[121.23033139,23.79027675],[121.23061501,23.78946088],[121.23052223,23.78830303],[121.22834569,23.78522174],[121.22629204,23.78367277],[121.22365311,23.78239536],[121.22065076,23.78174085],[121.21941502,23.7816385],[121.21827568,23.77972334],[121.21626484,23.77878763],[121.21526057,23.77805094],[121.21296569,23.77690634],[121.21238734,23.77583846],[121.21173454,23.77557935],[121.21039928,23.77565163],[121.20921358,23.77599258],[121.2069724,23.7751013],[121.20661563,23.77343433],[121.20563031,23.77243729],[121.20465084,23.77239743],[121.20532435,23.77112941],[121.2057701,23.76949483],[121.20664651,23.76741059],[121.20863454,23.76551181],[121.2079957,23.76434531],[121.20646408,23.7628841],[121.20801878,23.7619191],[121.21096705,23.76111027],[121.21186591,23.76011015],[121.2131727,23.75762092],[121.2147293,23.75712571],[121.21749159,23.75695803],[121.21864462,23.7563827],[121.22000369,23.75420583],[121.22148008,23.75272039],[121.22321115,23.75268214],[121.22522825,23.75177977],[121.2268972,23.75208158],[121.22843388,23.75185736],[121.22930585,23.75226782],[121.23065519,23.75099379],[121.23251556,23.75059921],[121.23330424,23.74894658],[121.23308043,23.74795086],[121.23182693,23.74784821],[121.23007592,23.74718267],[121.22881479,23.74428267],[121.22898691,23.74275228],[121.22879265,23.74123287],[121.22891711,23.73987912],[121.22871888,23.73777454],[121.22842705,23.7364707],[121.22869155,23.73484406],[121.2296888,23.73317022],[121.22994851,23.73141736],[121.22963911,23.73018922],[121.23099242,23.73012221],[121.23226688,23.72952957],[121.23316315,23.7300425],[121.23324225,23.72895029],[121.23372555,23.72757177],[121.23481924,23.72627207],[121.23520208,23.7253409],[121.23621048,23.72435775],[121.23946795,23.72405679],[121.23880659,23.72314949],[121.23781204,23.72031874],[121.2378178,23.7198506],[121.23929268,23.71701617],[121.23955945,23.71541705],[121.23890407,23.71394067],[121.23883609,23.71285743],[121.23926531,23.71096249],[121.23978744,23.71013476],[121.24091471,23.70950284],[121.24117217,23.70900521],[121.24111513,23.70580621],[121.24042016,23.70267065],[121.23932301,23.70018856],[121.23935358,23.69978013],[121.2412119,23.69846302],[121.24016725,23.69698865],[121.23936979,23.69468472],[121.23925209,23.69191559],[121.2394645,23.68839504],[121.23932112,23.68674378],[121.23738731,23.68510719],[121.23599974,23.68234134],[121.23427885,23.68095822],[121.23367982,23.67932091],[121.23269792,23.67805141],[121.2324044,23.67703994],[121.23263488,23.67629263],[121.23364579,23.67485796],[121.23461717,23.67383863],[121.23562385,23.67177263],[121.23600889,23.67050491],[121.23602177,23.66466707],[121.23583873,23.66251976],[121.23542377,23.66140674],[121.23416122,23.66050782],[121.23192683,23.65787801],[121.23166681,23.65523217],[121.2306873,23.65354484],[121.23117675,23.65135246],[121.23045592,23.65018976],[121.23024859,23.64798599],[121.2290378,23.64643316],[121.22771496,23.64518273],[121.22614443,23.64191099],[121.22515509,23.64009784],[121.22426355,23.63913089],[121.22400991,23.63293042],[121.22435878,23.63138221],[121.22480495,23.63042977],[121.22499029,23.62877008],[121.2247296,23.62681758],[121.2240938,23.6250461],[121.22379927,23.62358272],[121.22321034,23.62248474],[121.2222639,23.62154722],[121.2208729,23.6192233],[121.21995501,23.61692588],[121.21732288,23.61469605],[121.21710829,23.61260834],[121.21652569,23.61074761],[121.21644167,23.60914333],[121.21594392,23.60726716],[121.21472561,23.60548207],[121.21414503,23.60368798],[121.21404867,23.6023777],[121.21355475,23.60064858],[121.21312105,23.60008245],[121.21001973,23.5986301],[121.20812555,23.59824143],[121.20680659,23.59613279],[121.20622953,23.59578692],[121.20276295,23.59610956],[121.20172842,23.59678595],[121.20012557,23.59640143],[121.19823815,23.59779588],[121.19683803,23.59851519],[121.19456167,23.60052371],[121.19365828,23.60033543],[121.19196356,23.59859879],[121.19092978,23.59794344],[121.18981702,23.59647225],[121.18940929,23.59481155],[121.18713948,23.59428082],[121.18585083,23.59368981],[121.1836183,23.59320969],[121.18298679,23.59272567],[121.18230993,23.59122998],[121.1810071,23.59027106],[121.17982727,23.59008717],[121.18000669,23.58745736],[121.17909738,23.5851841],[121.17882755,23.58312129],[121.17823834,23.58268563],[121.17717038,23.58261918],[121.17537808,23.58372386],[121.17321621,23.58411047],[121.17162273,23.58412802],[121.17108432,23.58443734],[121.17035188,23.58588662],[121.16940935,23.58657448],[121.16674659,23.58714163],[121.1646824,23.58720185],[121.16243969,23.58690761],[121.16050981,23.58703474],[121.1595902,23.58626268],[121.15737775,23.58591234],[121.15557032,23.58705095],[121.15500204,23.58677715],[121.15339214,23.58677789],[121.15239498,23.58410706],[121.15198448,23.58126887],[121.15196675,23.57903819],[121.15220165,23.57790481],[121.15194447,23.57693158],[121.15191651,23.57390604],[121.15215026,23.57315864],[121.15343385,23.57167029],[121.15511288,23.57086295],[121.1571492,23.57048861],[121.1582954,23.56984211],[121.16035189,23.56976357],[121.16034103,23.5678277],[121.15801716,23.56404848],[121.15763785,23.56089086],[121.15714306,23.55955543],[121.15553005,23.559995],[121.15334544,23.55988967],[121.1520416,23.56053264],[121.15118843,23.55985542],[121.15079629,23.55868735],[121.14995329,23.55734846],[121.14803011,23.55657595],[121.14634259,23.55487451],[121.14623329,23.55419715],[121.14765687,23.55294273],[121.14821346,23.55203574],[121.14895696,23.54979106],[121.14956841,23.54892984],[121.15086789,23.54577871],[121.1510433,23.54436872],[121.15009905,23.54321532],[121.14901468,23.54027741],[121.14852514,23.53971906],[121.14830687,23.53634299],[121.14792721,23.53535525],[121.14687619,23.53410531],[121.14824549,23.53279246],[121.1491047,23.53164236],[121.1507564,23.52881162],[121.15110355,23.52725013],[121.1506316,23.52654712],[121.1495019,23.52706782],[121.14808185,23.52685343],[121.14695479,23.52719268],[121.14439938,23.52559507],[121.14295084,23.52400497],[121.14097244,23.52253166],[121.13980659,23.52187412],[121.13833545,23.5205917],[121.13721536,23.51897421],[121.13627941,23.51730628],[121.1355702,23.51524581],[121.13513528,23.51493318],[121.13292438,23.51483296],[121.13225507,23.51510581],[121.1311284,23.5174843],[121.12878942,23.51849779],[121.12826713,23.51848594],[121.12678623,23.51716667],[121.12635111,23.51704694],[121.12233625,23.51984127],[121.12045215,23.52099506],[121.11806123,23.52162022],[121.11689733,23.52152518],[121.11548859,23.52023341],[121.1096228,23.51900238],[121.10671645,23.51942993],[121.1057904,23.51902393],[121.1036742,23.51893018],[121.10222355,23.51968484],[121.10102323,23.52124485],[121.09835905,23.52133259],[121.09757409,23.52169012],[121.09585064,23.52045343],[121.09435347,23.51864315],[121.09311198,23.51755323],[121.09209869,23.51484183],[121.09164774,23.51443776],[121.09046325,23.51458674],[121.08810529,23.51404591],[121.08572579,23.51447935],[121.08275773,23.5147034],[121.08141445,23.51533883],[121.08021253,23.51548996],[121.07867398,23.51641638],[121.075026,23.51741413],[121.07312557,23.51747025],[121.06852242,23.51847519],[121.06876832,23.51684921],[121.06876004,23.51476709],[121.06829671,23.51379988],[121.06792429,23.51195518],[121.06692293,23.51004798],[121.06609896,23.5079669],[121.06602254,23.50611889],[121.06378542,23.50473942],[121.06298117,23.50383732],[121.06287941,23.50154567],[121.06208057,23.49943019],[121.05843998,23.49738527],[121.05724523,23.49618796],[121.05485582,23.49605379],[121.05409684,23.49560332],[121.05279389,23.49356495],[121.05394459,23.490717],[121.05414891,23.48989642],[121.05388248,23.48855038],[121.05333403,23.48748588],[121.05206479,23.48698532],[121.0508227,23.48688401],[121.05011658,23.48652966],[121.04974538,23.48512448],[121.04873154,23.48270809],[121.04755228,23.48227127],[121.0469229,23.48140001],[121.04497003,23.4805403],[121.04308764,23.47804809],[121.04156601,23.47688306],[121.0390073,23.47443337],[121.03896604,23.47372886],[121.0424688,23.47195446],[121.04362342,23.4711243],[121.04441136,23.47012161],[121.0462595,23.46920286],[121.04965239,23.46783287],[121.0497823,23.46705173],[121.05112599,23.46448739],[121.05221753,23.46396052],[121.0538138,23.46382809],[121.05566057,23.46269344],[121.05758917,23.46239162],[121.05900487,23.46188676],[121.05814788,23.46004072],[121.05627899,23.45947412],[121.05566701,23.45902746],[121.05324121,23.45543868],[121.05333937,23.45345484],[121.05206441,23.45101228],[121.05158044,23.45076234],[121.04959392,23.45091289],[121.04646464,23.45087203],[121.04577372,23.45052906],[121.04396407,23.44895695],[121.04076004,23.44823585],[121.03928486,23.44764337],[121.03754044,23.44645738],[121.03495344,23.4460599],[121.03352826,23.44543983],[121.03376175,23.44417661],[121.03273433,23.44299244],[121.03142143,23.44221217],[121.02865985,23.44160768],[121.02766361,23.44015861],[121.02651933,23.439153],[121.02404048,23.43917469],[121.02189076,23.43888382],[121.02111905,23.43764095],[121.01957621,23.43643137],[121.01851409,23.43595116],[121.01667131,23.43553425],[121.01526824,23.43541038],[121.01446341,23.43499341],[121.01391614,23.43377511],[121.0130716,23.43336555],[121.01323774,23.43261144],[121.01415503,23.43093445],[121.01658968,23.4309664],[121.01731192,23.43046699],[121.01899749,23.43032954],[121.01984172,23.42965604],[121.02107208,23.42936138],[121.02234551,23.42735537],[121.02231731,23.4255323],[121.02272031,23.42481179],[121.02601358,23.42414458],[121.02740867,23.42318313],[121.02924733,23.42279058],[121.02948511,23.42218264],[121.02938291,23.42023639],[121.0283932,23.4185343],[121.02774126,23.41625281],[121.0262709,23.41505152],[121.02491074,23.41460295],[121.02519068,23.41416001],[121.02687044,23.41309818],[121.02686515,23.41184276],[121.02741444,23.40968083],[121.02727479,23.4080754],[121.02665131,23.40604187],[121.02812794,23.40452514],[121.02834611,23.40376342],[121.02705624,23.40299889],[121.02597032,23.40293066],[121.02443553,23.40156006],[121.02264067,23.40027339],[121.02174553,23.39996803],[121.02123863,23.40072673],[121.02004288,23.40134055],[121.01914345,23.40143764],[121.01810206,23.40011097],[121.01670803,23.39883268],[121.0154762,23.3971053],[121.01464228,23.3965828],[121.01173727,23.39591044],[121.01046271,23.39509805],[121.00878894,23.39554599],[121.00803399,23.39660098],[121.00643416,23.39655605],[121.00500082,23.39601707],[121.00321092,23.39478832],[121.00113269,23.39174563],[121.00286665,23.3900446],[121.00371661,23.38893681],[121.00479149,23.3882483],[121.00702966,23.38734419],[121.00768881,23.38666027],[121.00791086,23.385487],[121.00771754,23.38466535],[121.00694802,23.38400777],[121.00531006,23.3833918],[121.00293272,23.38307635],[121.00009425,23.38237274],[120.99933261,23.38113826],[120.99760815,23.37996652],[120.99676701,23.37874625],[120.99388705,23.37593997],[120.99242273,23.37365906],[120.99232256,23.37295638],[120.99117785,23.3714229],[120.99008359,23.37091409],[120.98811036,23.37067665],[120.98677476,23.36576594],[120.98656462,23.36342529],[120.98696744,23.36085611],[120.98709501,23.35873194],[120.98898531,23.35826204],[120.99119681,23.35718363],[120.99223206,23.35717108],[120.99466226,23.35637182],[120.99882909,23.35675337],[121.00005671,23.35652138],[121.00287208,23.35503271],[121.00334581,23.3545199],[121.00757407,23.35202593],[121.00801655,23.35041709],[121.00754369,23.34918103],[121.00883498,23.34710304],[121.010404,23.34581424],[121.01169439,23.34584821],[121.01519337,23.34634178],[121.017546,23.34808182],[121.01827746,23.35024523],[121.02004538,23.35038384],[121.02066835,23.3495077],[121.02226503,23.34826581],[121.02239296,23.34608652],[121.02331272,23.3433527],[121.02474566,23.3398635],[121.0269963,23.3376233],[121.02822358,23.33718819],[121.02998882,23.33726461],[121.0310075,23.33695412],[121.03148624,23.33640345],[121.03215634,23.33453244],[121.03278414,23.33393773],[121.03486481,23.33388459],[121.03645012,23.33350608],[121.03790163,23.33209768],[121.03895589,23.32970147],[121.03941962,23.32913471],[121.04182371,23.32800687],[121.04364352,23.328083],[121.04561855,23.3274735],[121.04672051,23.32661314],[121.04816329,23.32588303],[121.04901594,23.32468295],[121.04877862,23.32290608],[121.04715942,23.32000811],[121.04783905,23.31687235],[121.04810775,23.31456998],[121.04775412,23.3130302],[121.04693934,23.31205491],[121.04643375,23.31033386],[121.04644369,23.30911284],[121.04575578,23.30817633],[121.04420341,23.30747645],[121.04170961,23.30704782],[121.04046986,23.3060551],[121.03623013,23.3037611],[121.03427498,23.30420946],[121.03189539,23.30367234],[121.03202749,23.30257751],[121.03136473,23.30043367],[121.02989977,23.29836675],[121.02832344,23.2971228],[121.03016073,23.29759854],[121.03218691,23.29835075],[121.03406209,23.29953981],[121.0350444,23.29984794],[121.03673195,23.29984858],[121.03890077,23.30065287],[121.03993543,23.29978352],[121.04155342,23.29745288],[121.04306597,23.29631073],[121.04585385,23.29575057],[121.04827069,23.29468395],[121.05104177,23.29239802],[121.05339903,23.29118799],[121.05473133,23.29113436],[121.05631497,23.29029872],[121.0574901,23.28739841],[121.05939033,23.28623035],[121.05942776,23.28522407],[121.05997807,23.28410922],[121.05990159,23.28331348],[121.06206735,23.2794076],[121.06189931,23.27857437],[121.06065007,23.27655835],[121.0609529,23.27360995],[121.06073148,23.27290041],[121.06173371,23.27204647],[121.06146621,23.27097576],[121.06198648,23.26938035],[121.06285512,23.26871611],[121.06184614,23.2680165],[121.06241692,23.26584007],[121.0641883,23.26308472],[121.06483573,23.26118696],[121.06453737,23.26071812],[121.06503588,23.25930409],[121.06577193,23.25872612],[121.0661788,23.2572838],[121.06719103,23.25690563],[121.06922519,23.25517495],[121.07011118,23.25200818],[121.06985262,23.250039],[121.07004423,23.24875586],[121.07115874,23.24662139],[121.07188921,23.24582248],[121.07401327,23.24441245],[121.07434162,23.24361883],[121.07589911,23.24179457],[121.07731744,23.23878179],[121.07851279,23.23741326],[121.07795061,23.23441352],[121.07823229,23.23356893],[121.07935348,23.23264975],[121.08089551,23.23375762],[121.08249409,23.23346989],[121.08363582,23.23296423],[121.0852061,23.23325716],[121.08654002,23.23385322],[121.08829463,23.23359448],[121.09244823,23.23388451],[121.09385255,23.2331769],[121.09504848,23.2312434],[121.09637988,23.22964872],[121.09755938,23.22908131],[121.09885513,23.22806033],[121.10089431,23.22762507],[121.10179055,23.22709167],[121.10334392,23.22709035],[121.10429846,23.22643348],[121.10564659,23.22415002],[121.10608779,23.22395214],[121.10888416,23.22351711],[121.11222047,23.22425978],[121.11369625,23.22473652],[121.11550472,23.22501151],[121.11948487,23.22454219],[121.12088621,23.22504177],[121.12441683,23.22502888],[121.12651876,23.22455082],[121.12939544,23.22329726],[121.12989207,23.22282466],[121.1307326,23.22062789],[121.13136346,23.21984771],[121.1322915,23.21683124],[121.1323944,23.21548803],[121.13414357,23.21244699],[121.13443968,23.21140934],[121.13520199,23.2105971],[121.1375031,23.20892273],[121.13809422,23.20808968],[121.13897678,23.20280677],[121.13985846,23.20152619],[121.14275893,23.20078908],[121.14558785,23.19949159],[121.14891,23.19867891],[121.15005611,23.19856034],[121.15318393,23.19884272],[121.15470184,23.19914687],[121.15608773,23.20022934],[121.15870762,23.20374233],[121.15969221,23.20454118],[121.16090958,23.20596302],[121.16196948,23.20629842],[121.16366762,23.20637634],[121.1650598,23.20711515],[121.16692174,23.20718558],[121.16897481,23.20764183],[121.16969132,23.20707492],[121.1730994,23.20866938],[121.17408345,23.20952096],[121.17562794,23.21018546],[121.17936043,23.20864157],[121.18089947,23.20715253],[121.1837795,23.20553286],[121.1843949,23.20491196],[121.18645036,23.20477277],[121.18755523,23.20408117],[121.18950434,23.2037156],[121.19092338,23.20228727],[121.19187652,23.19841565],[121.19246705,23.19682933],[121.19289914,23.19631811],[121.19442878,23.19250631],[121.19825496,23.18844045],[121.19792167,23.18595087],[121.19825436,23.18426921],[121.19909311,23.18256275],[121.19931832,23.18127865],[121.19934473,23.17935019],[121.19973809,23.17793691],[121.19915447,23.17608416],[121.19917002,23.17509008],[121.20074736,23.17322249],[121.20167985,23.17141695],[121.20364328,23.16877885],[121.20574288,23.16666593],[121.20558097,23.16481624],[121.20608582,23.16339336],[121.20716423,23.16208541],[121.2102992,23.15989435],[121.21102799,23.15841352],[121.21120284,23.15728712],[121.21250593,23.15474584],[121.21175399,23.1536716],[121.21112611,23.15053133],[121.21082104,23.14980007],[121.21095699,23.14889159],[121.2106411,23.14805762],[121.21205754,23.14523278],[121.21195083,23.14422976],[121.21455863,23.14390022],[121.21678322,23.14301028],[121.22020836,23.14201372],[121.22241188,23.14110522],[121.22506629,23.13985017],[121.22908802,23.13966182],[121.23104369,23.13917417],[121.23321365,23.13664086],[121.23399062,23.13453596],[121.23464029,23.13338533],[121.23628941,23.13147782],[121.23772332,23.13020353],[121.23845628,23.12873376],[121.24011641,23.12867434],[121.24231375,23.12802014],[121.24500871,23.12836309],[121.24678228,23.12932176],[121.24830451,23.12958106],[121.24940479,23.1314154],[121.25204502,23.12970656],[121.25414559,23.12820012],[121.25777214,23.12597185],[121.25822535,23.12442449],[121.25901636,23.1234512],[121.25911066,23.12224031],[121.25956969,23.12101044],[121.26189387,23.11905717],[121.26384471,23.11806381],[121.26445646,23.11702552],[121.26420494,23.1155418],[121.26520105,23.11475476],[121.26712294,23.11431334],[121.26767085,23.11217744],[121.26738641,23.10938001],[121.2665319,23.10796499],[121.26618245,23.10671893],[121.26551153,23.10601554],[121.26433009,23.10404812],[121.26550875,23.10343326],[121.26743366,23.10285611],[121.26944657,23.10204237],[121.27097871,23.10091827],[121.27150432,23.09949306],[121.27235484,23.09787463],[121.27345571,23.09832702],[121.27471081,23.09850607],[121.27689114,23.10009695],[121.27862937,23.10109928],[121.27935536,23.10244125],[121.28107447,23.1040485],[121.28288481,23.10380194],[121.28441301,23.10656347],[121.28582607,23.10694021],[121.28732883,23.10670392],[121.28877651,23.10772718],[121.28960965,23.10784131],[121.29142356,23.10936165],[121.29398077,23.10988061],[121.29591579,23.10982167],[121.29695193,23.10929546],[121.29791973,23.10994625],[121.29879028,23.10944375],[121.29998178,23.10925711],[121.30131827,23.10981353],[121.30265907,23.11084103],[121.30343292,23.11116127],[121.3052254,23.11127844],[121.30872499,23.11124037],[121.31240618,23.11094541],[121.31484823,23.11037525],[121.31595791,23.1104637],[121.31962332,23.11364773],[121.31991701,23.11430732],[121.32198117,23.1172354],[121.3218949,23.11829904],[121.32257167,23.11990927],[121.32230582,23.12150417],[121.32294431,23.1237646],[121.32270788,23.12524274],[121.32180184,23.12770477],[121.32151885,23.12965116],[121.32208929,23.13123841],[121.32213641,23.13208678],[121.32134905,23.13388549],[121.32119144,23.13484833],[121.3205263,23.13613527],[121.32034913,23.13775008],[121.32078561,23.1385428],[121.32205485,23.13961108],[121.32254791,23.14072527],[121.32294843,23.14240179],[121.32381379,23.14329155],[121.32338363,23.14497257],[121.32447734,23.14658469],[121.32424804,23.14817799],[121.3243994,23.14897197],[121.32582034,23.15084963],[121.32720475,23.15218564],[121.32562917,23.15356818],[121.32497557,23.15438412],[121.32355873,23.15512222],[121.32201411,23.15544867],[121.32216741,23.1567968],[121.32130637,23.15924782],[121.32041803,23.15989577],[121.31962682,23.16141687],[121.31750025,23.16436208],[121.31734689,23.16515569],[121.31785356,23.16589551],[121.31867671,23.16825953],[121.32084879,23.16880911],[121.32189034,23.16946568],[121.32203556,23.17242533],[121.32233793,23.17331669],[121.32393281,23.17478356],[121.32380407,23.17838164],[121.32409152,23.1787532],[121.32561381,23.17925995],[121.32620701,23.17911364],[121.32844559,23.17931513],[121.32969326,23.18035446],[121.33124089,23.1788701],[121.33245177,23.1789388],[121.33312181,23.17805629],[121.3349338,23.17792585],[121.33537898,23.17921416],[121.33537089,23.18137883],[121.33680938,23.18254708],[121.33636869,23.18380925],[121.33800836,23.18601963],[121.33761836,23.18856783],[121.33829465,23.18959936],[121.33826147,23.19068236],[121.33912597,23.19160885],[121.33904422,23.19230844],[121.34003715,23.19406479],[121.34134905,23.19484641],[121.34211796,23.19574445],[121.34254511,23.19781367],[121.3432006,23.19855747],[121.34298167,23.20015041],[121.34362367,23.20072647],[121.34335253,23.20216868],[121.34371766,23.20395619],[121.34520926,23.20808169],[121.34688063,23.209202],[121.34679598,23.21092673],[121.34612244,23.2115925],[121.34569238,23.21355823],[121.34607507,23.2153275],[121.3466173,23.21632414],[121.34656772,23.21716064],[121.34871074,23.21725335],[121.34997029,23.21787836],[121.35043386,23.2187792],[121.35171214,23.22023887],[121.35328445,23.22000506],[121.35441119,23.22115602],[121.35459698,23.22170713],[121.3562817,23.22307424],[121.35596793,23.22390453],[121.35438093,23.22551821],[121.35416749,23.22652828],[121.35447938,23.22761513],[121.35421725,23.22857726],[121.35317832,23.22912546],[121.35262311,23.23025288],[121.35260221,23.23129763],[121.35346361,23.23336591],[121.35507891,23.23473245],[121.35534971,23.23538601],[121.35641908,23.23635133],[121.35688268,23.23728039],[121.35781346,23.23830595],[121.35782609,23.24055459],[121.35951334,23.24207136],[121.3609011,23.24434521],[121.36153832,23.24689791],[121.36082561,23.24819705],[121.35922292,23.24913729],[121.35896269,23.2508156],[121.35949777,23.25280649],[121.36140482,23.25354843],[121.36185656,23.25424091],[121.36292036,23.2568405],[121.36361533,23.25763947],[121.36445911,23.25803344],[121.36576308,23.25798315],[121.3660797,23.25898541],[121.36692867,23.26023618],[121.36830612,23.26114703],[121.37037218,23.26203211],[121.37110203,23.2630788],[121.37163131,23.26559497],[121.37161304,23.26676839],[121.3723355,23.26781965],[121.37380867,23.26893227],[121.37552235,23.26937367],[121.37791966,23.26961265],[121.37768064,23.27092158],[121.37848043,23.27314952],[121.37860652,23.27450516],[121.378244,23.27754707],[121.37767073,23.2795992],[121.37725762,23.28034339],[121.37685677,23.28209118],[121.37712702,23.28336227],[121.37731263,23.28752595],[121.37715874,23.28830108],[121.37650868,23.2890235],[121.37716462,23.29134176],[121.37703048,23.29303438],[121.37629708,23.29576064],[121.37735997,23.29777914],[121.37788474,23.29824238],[121.37817308,23.29936573],[121.3778151,23.3007319],[121.37951633,23.30279821],[121.38048891,23.30428303],[121.38130494,23.30467288],[121.38220921,23.3056062],[121.38286673,23.30698816],[121.38415634,23.30838219],[121.38556935,23.30889235],[121.3878485,23.31063412],[121.38794094,23.31197649],[121.38909303,23.31365434],[121.38897698,23.31467556],[121.39011274,23.31588902],[121.39033698,23.31764248],[121.39025071,23.32061672],[121.39213789,23.32169879],[121.39573046,23.32177474],[121.39773693,23.32167916],[121.39947629,23.32313526],[121.39965883,23.32432238],[121.39959245,23.32638288],[121.40019282,23.32720744],[121.40066019,23.32857226],[121.40120143,23.33168126],[121.40185957,23.33262963],[121.40207409,23.33387138],[121.40317136,23.33624784],[121.40485718,23.33820514],[121.4060221,23.33906195],[121.40665679,23.34003336],[121.40688436,23.34140026],[121.40825429,23.34252981],[121.40946793,23.34498103],[121.40976278,23.34593939],[121.41141317,23.34680309],[121.41402227,23.34744699],[121.4149971,23.34845911],[121.41680351,23.34945094],[121.4167889,23.3499214],[121.41834878,23.35217945],[121.41961968,23.35333801],[121.42054415,23.35368411],[121.42220521,23.35497574],[121.42256927,23.35585813],[121.42261864,23.35804715],[121.42304219,23.35928619],[121.42280384,23.36002463],[121.41798131,23.36056196],[121.41725259,23.36166325],[121.4159608,23.36173815],[121.41515311,23.36221894],[121.41319105,23.36384011],[121.41104397,23.36428001],[121.41010012,23.36489197],[121.40825703,23.36452206],[121.40757343,23.36463156],[121.40612306,23.36551046],[121.40425258,23.36756513],[121.40471451,23.36825496],[121.40483332,23.36926279],[121.40416232,23.3709901],[121.40351196,23.37450205],[121.4036281,23.37580695],[121.4031606,23.37741043],[121.40268528,23.37816925],[121.40264543,23.37905124],[121.40176952,23.38025874],[121.40102353,23.38285623],[121.40000998,23.38520852],[121.40001112,23.38647421],[121.40159325,23.38877927],[121.40361661,23.38940595],[121.40368771,23.39035001],[121.40555324,23.39215563],[121.40741998,23.39464745],[121.40802116,23.39609094],[121.40911427,23.39691101],[121.4104953,23.39894484],[121.41147157,23.40072555],[121.4118958,23.40190706],[121.4126129,23.40267073],[121.4125852,23.40356794],[121.41320626,23.40521609],[121.41397373,23.40632562],[121.41568337,23.40818527],[121.41631882,23.41016431],[121.41758487,23.4119568],[121.41721584,23.412571],[121.41848776,23.41386261],[121.41831941,23.41560173],[121.41933575,23.41661961],[121.41997175,23.41689377],[121.41957458,23.41940927],[121.42029717,23.42066118],[121.42088347,23.42093641],[121.42293238,23.42300892],[121.42481399,23.42410323],[121.42572618,23.42485439],[121.42536398,23.42528578],[121.42561944,23.42621793],[121.42890133,23.42939904],[121.43066511,23.43058903],[121.43313705,23.431734],[121.43340343,23.43285957],[121.43509304,23.43323312],[121.43689211,23.43289921],[121.43825858,23.43326433],[121.43951043,23.43271247],[121.44109496,23.43414239],[121.44125709,23.43520849],[121.44237776,23.43718715],[121.4440927,23.43851453],[121.44435287,23.44093388],[121.44604523,23.44354248],[121.44741908,23.44378697],[121.448182,23.44293893],[121.45082241,23.44319737],[121.45234987,23.4417458],[121.45505827,23.44111428],[121.45674924,23.44215687],[121.45758081,23.44219143],[121.4602022,23.4415673],[121.46166678,23.44149936],[121.46203904,23.43954813],[121.46344477,23.43886132],[121.46392048,23.4395418],[121.46658222,23.43970694],[121.46967102,23.44028617],[121.47057595,23.44076756],[121.47331094,23.44061562],[121.47434926,23.43946748],[121.47489818,23.43776176],[121.47603331,23.43630005],[121.47758775,23.43485168],[121.47904562,23.43229535],[121.47987351,23.43109803],[121.48302585,23.43019225],[121.49483929,23.43178337],[121.49552735,23.43284585],[121.4963408,23.43584499],[121.49701677,23.44093549],[121.49737211,23.44253604],[121.49751881,23.44451086],[121.49791947,23.4469583],[121.49857202,23.44983582],[121.49938543,23.45236936],[121.4993436,23.45318817],[121.49982852,23.45614985],[121.50141041,23.459186],[121.50178792,23.4601898],[121.50217143,23.462378],[121.50279143,23.46477604],[121.50414685,23.4684712],[121.50545718,23.47015876],[121.50668832,23.47116643],[121.50809754,23.47171075],[121.50836542,23.47368445],[121.50911962,23.47753937],[121.50971588,23.47943268],[121.51105293,23.48045107],[121.51223929,23.48165362],[121.51258787,23.4824389],[121.51271827,23.48543838],[121.51314073,23.48675442],[121.51395355,23.48714856],[121.51376262,23.48842851],[121.51282924,23.49128694],[121.5117252,23.49224163],[121.51017245,23.49236486],[121.50900912,23.49196989],[121.50809718,23.49117183],[121.50701145,23.49490642],[121.50675084,23.49812419],[121.50626048,23.50024311],[121.50649625,23.50179248],[121.50607591,23.50391088],[121.50608353,23.50485919],[121.50497229,23.50546834],[121.50496941,23.50689875],[121.50446618,23.50713808],[121.50441871,23.50842279],[121.50528059,23.50932128],[121.50493717,23.51020372],[121.50543576,23.51126955],[121.50502325,23.51182891],[121.50487239,23.51381955],[121.50416343,23.5162434],[121.50356992,23.51743985],[121.50395345,23.51790531],[121.50347362,23.51902897],[121.50368329,23.52071933],[121.50438171,23.5222356],[121.50470346,23.52455964],[121.50536115,23.52804461],[121.50537374,23.52939839],[121.50803467,23.53149795],[121.50785652,23.53323562],[121.50703773,23.53417896],[121.50725774,23.53597422],[121.50807208,23.53714421],[121.50842022,23.53870993],[121.50860218,23.54112022],[121.5094605,23.54340519],[121.51021449,23.54740791],[121.5108869,23.54890833],[121.51134384,23.55148054],[121.51201643,23.55293481],[121.51358771,23.55547497],[121.51689409,23.56012905],[121.51858866,23.56345324],[121.52007358,23.56545121],[121.52201015,23.56705824],[121.52229012,23.56915614],[121.5230884,23.57157967],[121.52427251,23.57372662],[121.52629419,23.57638267],[121.52665255,23.5783201],[121.52637293,23.58005992],[121.52595658,23.58136151],[121.52611676,23.58241078],[121.5271358,23.5855138],[121.52710869,23.58636666],[121.52771882,23.58773978],[121.528971,23.59277951],[121.5299644,23.59612423],[121.53007456,23.59716174],[121.52947212,23.59778268],[121.53048885,23.6018073],[121.52998502,23.60307377],[121.53007986,23.60521758],[121.5298076,23.609066],[121.5300431,23.61003453],[121.53037226,23.61365374],[121.53104922,23.61837996],[121.53097305,23.62392222],[121.53122969,23.62646929],[121.53213598,23.62957092],[121.53299105,23.63316777],[121.5335263,23.63441338],[121.53454043,23.63950818],[121.53518507,23.64209044],[121.53526885,23.64365746],[121.53587752,23.64561748],[121.53731004,23.64854702],[121.53954536,23.65086799],[121.53989416,23.65157149],[121.54277124,23.65255756],[121.54339535,23.6533309],[121.54386616,23.65534798],[121.54376433,23.6560044],[121.54239219,23.65751557],[121.54168548,23.65857162],[121.54099897,23.66052485],[121.54174323,23.66189458],[121.54351048,23.66253523],[121.54535835,23.66456697],[121.54551779,23.66593812],[121.54532357,23.66854081],[121.54563291,23.67003893],[121.54656718,23.67195324],[121.54667001,23.67362574],[121.54588061,23.67503365],[121.54618359,23.67523495],[121.54724948,23.67963728],[121.54812016,23.68196592],[121.54876812,23.68321135],[121.54962475,23.68618479],[121.55048579,23.68984688],[121.5504503,23.69161119],[121.55068609,23.69244087],[121.55165911,23.69389428],[121.55209966,23.69577698],[121.55275105,23.69679364],[121.55336345,23.69834358],[121.55293659,23.69938397],[121.55129414,23.69978961],[121.55065767,23.70044585],[121.54985696,23.70294758],[121.549916,23.70533681],[121.54928695,23.7117722],[121.54988875,23.71655219],[121.55070616,23.71856034],[121.55163265,23.72020636],[121.55212983,23.72168142],[121.55223991,23.72274092],[121.55367441,23.72440162],[121.55610141,23.72504979],[121.55654787,23.72479543],[121.55764249,23.72626696],[121.5579375,23.72744067],[121.55892257,23.72878788],[121.56019938,23.72953088],[121.56005566,23.73064685],[121.56117898,23.73274423],[121.56114135,23.73334074],[121.56240053,23.73524573],[121.56316733,23.73577357],[121.56329858,23.73737598],[121.56402374,23.73924373],[121.56565558,23.74043411],[121.56701497,23.74261324],[121.56788612,23.7447796],[121.56746858,23.74659743],[121.56829419,23.74686422],[121.56981015,23.74945444],[121.57051543,23.75231692],[121.57176964,23.75486757],[121.57159047,23.75583475],[121.5724511,23.75660963],[121.57296378,23.75988354],[121.57314159,23.76234973],[121.57208184,23.76257653],[121.57125953,23.76613128],[121.57109616,23.77002944],[121.57105748,23.77320688],[121.57080539,23.77675428],[121.57080788,23.78237597],[121.57137029,23.78573],[121.5714219,23.78846029],[121.57209946,23.7911925],[121.5723979,23.79793191],[121.5728511,23.80042142],[121.57354376,23.80250854],[121.57387477,23.8042373],[121.57464274,23.80626706],[121.57563585,23.8083666],[121.576527,23.81090342],[121.57766173,23.81200138],[121.5800659,23.81498089],[121.58126355,23.81599839],[121.58340132,23.81982921],[121.58398211,23.82171986],[121.58433743,23.82364432],[121.58472358,23.82411779],[121.58520459,23.82590442],[121.58519822,23.82748205],[121.58589194,23.82930392],[121.58752176,23.83143279],[121.58817316,23.8337468],[121.58951802,23.83658251],[121.58959004,23.83735431],[121.59186791,23.84057465],[121.59244986,23.84216564],[121.59317214,23.84310081],[121.59391721,23.84458867],[121.59406283,23.84574064],[121.59457181,23.84679015],[121.59490271,23.84854149],[121.59595943,23.85036427],[121.59604367,23.85119362],[121.59659058,23.85217415],[121.59703443,23.85384514],[121.59709284,23.85487001],[121.59823581,23.85701546],[121.59961068,23.86372079],[121.5998063,23.86757187],[121.6004111,23.86863966],[121.60077377,23.87100919],[121.60179578,23.87429645],[121.60209849,23.87678397],[121.60254433,23.8779712],[121.60259906,23.87988224],[121.60323949,23.88243979],[121.60329327,23.88393903],[121.60409534,23.88738074],[121.60407831,23.88848569],[121.60469007,23.89267912],[121.60496819,23.89366007],[121.60527071,23.89666352],[121.6056846,23.89940443],[121.60489075,23.90412357],[121.60501504,23.90733129],[121.60493158,23.90816681],[121.60518047,23.91077342],[121.60593593,23.91425991],[121.60601984,23.91590881],[121.6066858,23.91859089],[121.60714245,23.91983892],[121.60779219,23.9205183],[121.60921115,23.92390199],[121.60920511,23.92583283],[121.60950147,23.92851648],[121.60995888,23.93036666],[121.61080133,23.93143528],[121.61159816,23.93193987],[121.61186946,23.93332735],[121.61091681,23.93824991],[121.61063267,23.94103853],[121.61016927,23.94311457],[121.60920508,23.94560523],[121.60906765,23.94696018],[121.60982617,23.94792839],[121.60944453,23.94839128],[121.60803574,23.94905365],[121.60740137,23.95049762],[121.60690563,23.95277331],[121.60699218,23.95471509],[121.60730931,23.95748831],[121.60790074,23.96016472],[121.60867818,23.96165705],[121.61224992,23.96657569],[121.61477525,23.97102761],[121.61583605,23.97320465],[121.61911264,23.97623641],[121.6221855,23.97786874],[121.6245457,23.97623186],[121.62658397,23.97371964],[121.62827885,23.9694691],[121.63499624,23.97981027],[121.63482618,23.98462926],[121.63955088,23.99539984],[121.6405211,23.99687542],[121.64139879,23.99896486],[121.64211129,23.99976779],[121.64313852,23.99958723],[121.64388067,24.00171755],[121.64491835,24.00374442],[121.64570362,24.00439592],[121.6474574,24.00702805],[121.64790615,24.00894257],[121.64778977,24.00981623],[121.64708411,24.01091798],[121.6461696,24.01404305],[121.64366357,24.01938775],[121.64212409,24.02045814],[121.63649241,24.02387834],[121.63568619,24.02458301],[121.63291589,24.02750843],[121.63235918,24.02831113],[121.63052866,24.03026036],[121.62849563,24.03322414],[121.62557918,24.03832445],[121.62393837,24.04181049],[121.62277533,24.04395696],[121.62070824,24.04836853],[121.62071637,24.04892655],[121.61979783,24.05057178],[121.61891253,24.05314793],[121.61832768,24.05596575],[121.61795502,24.05646884],[121.61648746,24.06145977],[121.6161491,24.06373861],[121.61567428,24.07087245],[121.61585492,24.07340219],[121.61574885,24.07440399],[121.61619381,24.07860568],[121.61669301,24.07976197],[121.61737414,24.08344425],[121.61837391,24.08615774],[121.61930971,24.0880155],[121.61912394,24.08958603],[121.6200315,24.09161546],[121.62100334,24.09327864],[121.62217608,24.09376096],[121.6254767,24.0990732],[121.62835923,24.10268926],[121.63033473,24.10473335],[121.63370766,24.10759154],[121.63554397,24.10873676],[121.64283418,24.11270115],[121.64514317,24.11375567],[121.65086347,24.1175675],[121.65372919,24.12000015],[121.65506377,24.12151576],[121.65639374,24.1239376],[121.65739543,24.12535791],[121.65815089,24.12680068],[121.6601262,24.12947838],[121.66224649,24.13171134],[121.66375161,24.13451853],[121.66450512,24.1375282],[121.66475557,24.13949224],[121.66513488,24.14052196],[121.66473584,24.14366478],[121.66468574,24.14618068],[121.66445934,24.1481365],[121.66420881,24.15543693],[121.66218939,24.15884568],[121.66041768,24.16240501],[121.65912251,24.16643804],[121.65863078,24.16950906],[121.65847229,24.17188209],[121.65871157,24.1790867],[121.6597512,24.18411186],[121.66047757,24.18638679],[121.66183034,24.18932627],[121.66282875,24.1922615],[121.66331063,24.19414459],[121.66604805,24.19783441],[121.66794332,24.19898621],[121.66943248,24.20056625],[121.67099467,24.20382193],[121.67216696,24.20579269],[121.67394072,24.20756105],[121.67783242,24.2089344],[121.6800525,24.21005255],[121.68372191,24.21209636],[121.68487994,24.21224375],[121.68606953,24.21298233],[121.68988729,24.21649471],[121.69058857,24.21690645],[121.69171106,24.21697522],[121.69403158,24.21914184],[121.69627183,24.22072595],[121.6972331,24.22088877],[121.69919218,24.2221338],[121.70126222,24.22268788],[121.70290316,24.22390028],[121.70533983,24.22503783],[121.70612503,24.22561324],[121.70907785,24.23205768],[121.71124383,24.2359885],[121.71321537,24.23887331],[121.71558459,24.24167504],[121.71695783,24.2427819],[121.71938228,24.24381306],[121.7207356,24.24400662],[121.72187403,24.24363703],[121.72283555,24.24371949],[121.72461356,24.24426333],[121.72674265,24.24537405],[121.72829328,24.24570792],[121.73006205,24.24776536],[121.73107008,24.24807725],[121.73227738,24.24975406],[121.73335771,24.25053919],[121.73523175,24.25240635],[121.73817002,24.2558844],[121.74055628,24.25802484],[121.74231143,24.25904364],[121.74347331,24.26011055],[121.74410237,24.26129637],[121.74492912,24.26511243],[121.74538174,24.26764541],[121.746157,24.2711474],[121.74676719,24.27522349],[121.74729834,24.2775456],[121.74815416,24.27989528],[121.75016837,24.28371374],[121.75095095,24.28501598],[121.75355973,24.28824307],[121.76003687,24.29444986],[121.76121968,24.29575978],[121.76321325,24.2974499],[121.76645367,24.29987662],[121.76953064,24.30270418],[121.76992971,24.30381267],[121.7721037,24.30706691],[121.77299813,24.30876575],[121.77326754,24.31065803],[121.77382462,24.31241339],[121.77405669,24.31527743]]]},"properties":{"gml_id":"layer_city_boundary_pg.46","Name":"花莲县","layer":"市","code":"711800000000","grade":2}},
{"type":"Feature","geometry":{"type":"MultiPolygon","coordinates":[[[[121.49483929,23.43178337],[121.48302585,23.43019225],[121.47987351,23.43109803],[121.47904562,23.43229535],[121.47758775,23.43485168],[121.47603331,23.43630005],[121.47489818,23.43776176],[121.47434926,23.43946748],[121.47331094,23.44061562],[121.47057595,23.44076756],[121.46967102,23.44028617],[121.46658222,23.43970694],[121.46392048,23.4395418],[121.46344477,23.43886132],[121.46203904,23.43954813],[121.46166678,23.44149936],[121.4602022,23.4415673],[121.45758081,23.44219143],[121.45674924,23.44215687],[121.45505827,23.44111428],[121.45234987,23.4417458],[121.45082241,23.44319737],[121.448182,23.44293893],[121.44741908,23.44378697],[121.44604523,23.44354248],[121.44435287,23.44093388],[121.4440927,23.43851453],[121.44237776,23.43718715],[121.44125709,23.43520849],[121.44109496,23.43414239],[121.43951043,23.43271247],[121.43825858,23.43326433],[121.43689211,23.43289921],[121.43509304,23.43323312],[121.43340343,23.43285957],[121.43313705,23.431734],[121.43066511,23.43058903],[121.42890133,23.42939904],[121.42561944,23.42621793],[121.42536398,23.42528578],[121.42572618,23.42485439],[121.42481399,23.42410323],[121.42293238,23.42300892],[121.42088347,23.42093641],[121.42029717,23.42066118],[121.41957458,23.41940927],[121.41997175,23.41689377],[121.41933575,23.41661961],[121.41831941,23.41560173],[121.41848776,23.41386261],[121.41721584,23.412571],[121.41758487,23.4119568],[121.41631882,23.41016431],[121.41568337,23.40818527],[121.41397373,23.40632562],[121.41320626,23.40521609],[121.4125852,23.40356794],[121.4126129,23.40267073],[121.4118958,23.40190706],[121.41147157,23.40072555],[121.4104953,23.39894484],[121.40911427,23.39691101],[121.40802116,23.39609094],[121.40741998,23.39464745],[121.40555324,23.39215563],[121.40368771,23.39035001],[121.40361661,23.38940595],[121.40159325,23.38877927],[121.40001112,23.38647421],[121.40000998,23.38520852],[121.40102353,23.38285623],[121.40176952,23.38025874],[121.40264543,23.37905124],[121.40268528,23.37816925],[121.4031606,23.37741043],[121.4036281,23.37580695],[121.40351196,23.37450205],[121.40416232,23.3709901],[121.40483332,23.36926279],[121.40471451,23.36825496],[121.40425258,23.36756513],[121.40612306,23.36551046],[121.40757343,23.36463156],[121.40825703,23.36452206],[121.41010012,23.36489197],[121.41104397,23.36428001],[121.41319105,23.36384011],[121.41515311,23.36221894],[121.4159608,23.36173815],[121.41725259,23.36166325],[121.41798131,23.36056196],[121.42280384,23.36002463],[121.42304219,23.35928619],[121.42261864,23.35804715],[121.42256927,23.35585813],[121.42220521,23.35497574],[121.42054415,23.35368411],[121.41961968,23.35333801],[121.41834878,23.35217945],[121.4167889,23.3499214],[121.41680351,23.34945094],[121.4149971,23.34845911],[121.41402227,23.34744699],[121.41141317,23.34680309],[121.40976278,23.34593939],[121.40946793,23.34498103],[121.40825429,23.34252981],[121.40688436,23.34140026],[121.40665679,23.34003336],[121.4060221,23.33906195],[121.40485718,23.33820514],[121.40317136,23.33624784],[121.40207409,23.33387138],[121.40185957,23.33262963],[121.40120143,23.33168126],[121.40066019,23.32857226],[121.40019282,23.32720744],[121.39959245,23.32638288],[121.39965883,23.32432238],[121.39947629,23.32313526],[121.39773693,23.32167916],[121.39573046,23.32177474],[121.39213789,23.32169879],[121.39025071,23.32061672],[121.39033698,23.31764248],[121.39011274,23.31588902],[121.38897698,23.31467556],[121.38909303,23.31365434],[121.38794094,23.31197649],[121.3878485,23.31063412],[121.38556935,23.30889235],[121.38415634,23.30838219],[121.38286673,23.30698816],[121.38220921,23.3056062],[121.38130494,23.30467288],[121.38048891,23.30428303],[121.37951633,23.30279821],[121.3778151,23.3007319],[121.37817308,23.29936573],[121.37788474,23.29824238],[121.37735997,23.29777914],[121.37629708,23.29576064],[121.37703048,23.29303438],[121.37716462,23.29134176],[121.37650868,23.2890235],[121.37715874,23.28830108],[121.37731263,23.28752595],[121.37712702,23.28336227],[121.37685677,23.28209118],[121.37725762,23.28034339],[121.37767073,23.2795992],[121.378244,23.27754707],[121.37860652,23.27450516],[121.37848043,23.27314952],[121.37768064,23.27092158],[121.37791966,23.26961265],[121.37552235,23.26937367],[121.37380867,23.26893227],[121.3723355,23.26781965],[121.37161304,23.26676839],[121.37163131,23.26559497],[121.37110203,23.2630788],[121.37037218,23.26203211],[121.36830612,23.26114703],[121.36692867,23.26023618],[121.3660797,23.25898541],[121.36576308,23.25798315],[121.36445911,23.25803344],[121.36361533,23.25763947],[121.36292036,23.2568405],[121.36185656,23.25424091],[121.36140482,23.25354843],[121.35949777,23.25280649],[121.35896269,23.2508156],[121.35922292,23.24913729],[121.36082561,23.24819705],[121.36153832,23.24689791],[121.3609011,23.24434521],[121.35951334,23.24207136],[121.35782609,23.24055459],[121.35781346,23.23830595],[121.35688268,23.23728039],[121.35641908,23.23635133],[121.35534971,23.23538601],[121.35507891,23.23473245],[121.35346361,23.23336591],[121.35260221,23.23129763],[121.35262311,23.23025288],[121.35317832,23.22912546],[121.35421725,23.22857726],[121.35447938,23.22761513],[121.35416749,23.22652828],[121.35438093,23.22551821],[121.35596793,23.22390453],[121.3562817,23.22307424],[121.35459698,23.22170713],[121.35441119,23.22115602],[121.35328445,23.22000506],[121.35171214,23.22023887],[121.35043386,23.2187792],[121.34997029,23.21787836],[121.34871074,23.21725335],[121.34656772,23.21716064],[121.3466173,23.21632414],[121.34607507,23.2153275],[121.34569238,23.21355823],[121.34612244,23.2115925],[121.34679598,23.21092673],[121.34688063,23.209202],[121.34520926,23.20808169],[121.34371766,23.20395619],[121.34335253,23.20216868],[121.34362367,23.20072647],[121.34298167,23.20015041],[121.3432006,23.19855747],[121.34254511,23.19781367],[121.34211796,23.19574445],[121.34134905,23.19484641],[121.34003715,23.19406479],[121.33904422,23.19230844],[121.33912597,23.19160885],[121.33826147,23.19068236],[121.33829465,23.18959936],[121.33761836,23.18856783],[121.33800836,23.18601963],[121.33636869,23.18380925],[121.33680938,23.18254708],[121.33537089,23.18137883],[121.33537898,23.17921416],[121.3349338,23.17792585],[121.33312181,23.17805629],[121.33245177,23.1789388],[121.33124089,23.1788701],[121.32969326,23.18035446],[121.32844559,23.17931513],[121.32620701,23.17911364],[121.32561381,23.17925995],[121.32409152,23.1787532],[121.32380407,23.17838164],[121.32393281,23.17478356],[121.32233793,23.17331669],[121.32203556,23.17242533],[121.32189034,23.16946568],[121.32084879,23.16880911],[121.31867671,23.16825953],[121.31785356,23.16589551],[121.31734689,23.16515569],[121.31750025,23.16436208],[121.31962682,23.16141687],[121.32041803,23.15989577],[121.32130637,23.15924782],[121.32216741,23.1567968],[121.32201411,23.15544867],[121.32355873,23.15512222],[121.32497557,23.15438412],[121.32562917,23.15356818],[121.32720475,23.15218564],[121.32582034,23.15084963],[121.3243994,23.14897197],[121.32424804,23.14817799],[121.32447734,23.14658469],[121.32338363,23.14497257],[121.32381379,23.14329155],[121.32294843,23.14240179],[121.32254791,23.14072527],[121.32205485,23.13961108],[121.32078561,23.1385428],[121.32034913,23.13775008],[121.3205263,23.13613527],[121.32119144,23.13484833],[121.32134905,23.13388549],[121.32213641,23.13208678],[121.32208929,23.13123841],[121.32151885,23.12965116],[121.32180184,23.12770477],[121.32270788,23.12524274],[121.32294431,23.1237646],[121.32230582,23.12150417],[121.32257167,23.11990927],[121.3218949,23.11829904],[121.32198117,23.1172354],[121.31991701,23.11430732],[121.31962332,23.11364773],[121.31595791,23.1104637],[121.31484823,23.11037525],[121.31240618,23.11094541],[121.30872499,23.11124037],[121.3052254,23.11127844],[121.30343292,23.11116127],[121.30265907,23.11084103],[121.30131827,23.10981353],[121.29998178,23.10925711],[121.29879028,23.10944375],[121.29791973,23.10994625],[121.29695193,23.10929546],[121.29591579,23.10982167],[121.29398077,23.10988061],[121.29142356,23.10936165],[121.28960965,23.10784131],[121.28877651,23.10772718],[121.28732883,23.10670392],[121.28582607,23.10694021],[121.28441301,23.10656347],[121.28288481,23.10380194],[121.28107447,23.1040485],[121.27935536,23.10244125],[121.27862937,23.10109928],[121.27689114,23.10009695],[121.27471081,23.09850607],[121.27345571,23.09832702],[121.27235484,23.09787463],[121.27150432,23.09949306],[121.27097871,23.10091827],[121.26944657,23.10204237],[121.26743366,23.10285611],[121.26550875,23.10343326],[121.26433009,23.10404812],[121.26551153,23.10601554],[121.26618245,23.10671893],[121.2665319,23.10796499],[121.26738641,23.10938001],[121.26767085,23.11217744],[121.26712294,23.11431334],[121.26520105,23.11475476],[121.26420494,23.1155418],[121.26445646,23.11702552],[121.26384471,23.11806381],[121.26189387,23.11905717],[121.25956969,23.12101044],[121.25911066,23.12224031],[121.25901636,23.1234512],[121.25822535,23.12442449],[121.25777214,23.12597185],[121.25414559,23.12820012],[121.25204502,23.12970656],[121.24940479,23.1314154],[121.24830451,23.12958106],[121.24678228,23.12932176],[121.24500871,23.12836309],[121.24231375,23.12802014],[121.24011641,23.12867434],[121.23845628,23.12873376],[121.23772332,23.13020353],[121.23628941,23.13147782],[121.23464029,23.13338533],[121.23399062,23.13453596],[121.23321365,23.13664086],[121.23104369,23.13917417],[121.22908802,23.13966182],[121.22506629,23.13985017],[121.22241188,23.14110522],[121.22020836,23.14201372],[121.21678322,23.14301028],[121.21455863,23.14390022],[121.21195083,23.14422976],[121.21205754,23.14523278],[121.2106411,23.14805762],[121.21095699,23.14889159],[121.21082104,23.14980007],[121.21112611,23.15053133],[121.21175399,23.1536716],[121.21250593,23.15474584],[121.21120284,23.15728712],[121.21102799,23.15841352],[121.2102992,23.15989435],[121.20716423,23.16208541],[121.20608582,23.16339336],[121.20558097,23.16481624],[121.20574288,23.16666593],[121.20364328,23.16877885],[121.20167985,23.17141695],[121.20074736,23.17322249],[121.19917002,23.17509008],[121.19915447,23.17608416],[121.19973809,23.17793691],[121.19934473,23.17935019],[121.19931832,23.18127865],[121.19909311,23.18256275],[121.19825436,23.18426921],[121.19792167,23.18595087],[121.19825496,23.18844045],[121.19442878,23.19250631],[121.19289914,23.19631811],[121.19246705,23.19682933],[121.19187652,23.19841565],[121.19092338,23.20228727],[121.18950434,23.2037156],[121.18755523,23.20408117],[121.18645036,23.20477277],[121.1843949,23.20491196],[121.1837795,23.20553286],[121.18089947,23.20715253],[121.17936043,23.20864157],[121.17562794,23.21018546],[121.17408345,23.20952096],[121.1730994,23.20866938],[121.16969132,23.20707492],[121.16897481,23.20764183],[121.16692174,23.20718558],[121.1650598,23.20711515],[121.16366762,23.20637634],[121.16196948,23.20629842],[121.16090958,23.20596302],[121.15969221,23.20454118],[121.15870762,23.20374233],[121.15608773,23.20022934],[121.15470184,23.19914687],[121.15318393,23.19884272],[121.15005611,23.19856034],[121.14891,23.19867891],[121.14558785,23.19949159],[121.14275893,23.20078908],[121.13985846,23.20152619],[121.13897678,23.20280677],[121.13809422,23.20808968],[121.1375031,23.20892273],[121.13520199,23.2105971],[121.13443968,23.21140934],[121.13414357,23.21244699],[121.1323944,23.21548803],[121.1322915,23.21683124],[121.13136346,23.21984771],[121.1307326,23.22062789],[121.12989207,23.22282466],[121.12939544,23.22329726],[121.12651876,23.22455082],[121.12441683,23.22502888],[121.12088621,23.22504177],[121.11948487,23.22454219],[121.11550472,23.22501151],[121.11369625,23.22473652],[121.11222047,23.22425978],[121.10888416,23.22351711],[121.10608779,23.22395214],[121.10564659,23.22415002],[121.10429846,23.22643348],[121.10334392,23.22709035],[121.10179055,23.22709167],[121.10089431,23.22762507],[121.09885513,23.22806033],[121.09755938,23.22908131],[121.09637988,23.22964872],[121.09504848,23.2312434],[121.09385255,23.2331769],[121.09244823,23.23388451],[121.08829463,23.23359448],[121.08654002,23.23385322],[121.0852061,23.23325716],[121.08363582,23.23296423],[121.08249409,23.23346989],[121.08089551,23.23375762],[121.07935348,23.23264975],[121.07823229,23.23356893],[121.07795061,23.23441352],[121.07851279,23.23741326],[121.07731744,23.23878179],[121.07589911,23.24179457],[121.07434162,23.24361883],[121.07401327,23.24441245],[121.07188921,23.24582248],[121.07115874,23.24662139],[121.07004423,23.24875586],[121.06985262,23.250039],[121.07011118,23.25200818],[121.06922519,23.25517495],[121.06719103,23.25690563],[121.0661788,23.2572838],[121.06577193,23.25872612],[121.06503588,23.25930409],[121.06453737,23.26071812],[121.06483573,23.26118696],[121.0641883,23.26308472],[121.06241692,23.26584007],[121.06184614,23.2680165],[121.06285512,23.26871611],[121.06198648,23.26938035],[121.06146621,23.27097576],[121.06173371,23.27204647],[121.06073148,23.27290041],[121.0609529,23.27360995],[121.06065007,23.27655835],[121.06189931,23.27857437],[121.06206735,23.2794076],[121.05990159,23.28331348],[121.05997807,23.28410922],[121.05942776,23.28522407],[121.05939033,23.28623035],[121.0574901,23.28739841],[121.05631497,23.29029872],[121.05473133,23.29113436],[121.05339903,23.29118799],[121.05104177,23.29239802],[121.04827069,23.29468395],[121.04585385,23.29575057],[121.04306597,23.29631073],[121.04155342,23.29745288],[121.03993543,23.29978352],[121.03890077,23.30065287],[121.03673195,23.29984858],[121.0350444,23.29984794],[121.03406209,23.29953981],[121.03218691,23.29835075],[121.03016073,23.29759854],[121.02832344,23.2971228],[121.02650416,23.29661744],[121.02558999,23.29602006],[121.02465265,23.29443437],[121.02374601,23.29370614],[121.02010366,23.29456773],[121.01899561,23.29344812],[121.01721556,23.29284905],[121.0142466,23.29273507],[121.01077956,23.29276968],[121.00984422,23.29249813],[121.00836785,23.29125797],[121.00691385,23.2912117],[121.00564279,23.29060483],[121.00236316,23.28821481],[121.00138441,23.28737691],[120.99925426,23.28691603],[120.99551289,23.28525509],[120.99402336,23.28444176],[120.99111748,23.28423831],[120.99035629,23.28390303],[120.98776298,23.28082902],[120.986084,23.28032342],[120.98414568,23.28105675],[120.98086933,23.28155591],[120.97899271,23.28226775],[120.97720178,23.2819311],[120.9736617,23.28180161],[120.97262948,23.28218848],[120.97079981,23.28115392],[120.97027913,23.28060661],[120.96867063,23.27785808],[120.96768731,23.27760806],[120.96611345,23.27658414],[120.964715,23.2747266],[120.96336383,23.27210125],[120.96186863,23.27140023],[120.95967805,23.27084076],[120.95912146,23.26980689],[120.95883859,23.26805764],[120.95852247,23.26739529],[120.95816417,23.26537362],[120.95737959,23.26415994],[120.95483497,23.26215383],[120.95355206,23.26081565],[120.95250455,23.26054564],[120.95110388,23.25951047],[120.94973736,23.25772367],[120.94900975,23.25588141],[120.94770415,23.25488121],[120.94669288,23.25311537],[120.94590169,23.2527602],[120.94125114,23.25194793],[120.93964658,23.24918934],[120.93833946,23.24754733],[120.93789715,23.24495058],[120.93633767,23.24451024],[120.93527769,23.24391534],[120.93401999,23.24378404],[120.93174598,23.24257976],[120.93060516,23.24246327],[120.92956449,23.24281181],[120.92720685,23.24463916],[120.926084,23.2443732],[120.92445591,23.2428084],[120.92369625,23.24180843],[120.92170872,23.24167096],[120.92132146,23.24107117],[120.91941149,23.24098106],[120.91778822,23.23959523],[120.91718162,23.23832269],[120.9159651,23.23810356],[120.91546131,23.23751187],[120.9151313,23.2357244],[120.91430246,23.23254385],[120.91175695,23.22843071],[120.91155054,23.22719758],[120.91212572,23.22514576],[120.91171261,23.22085413],[120.91203484,23.21702091],[120.91175692,23.21322381],[120.91171462,23.2102141],[120.91139047,23.20889035],[120.91045794,23.20813552],[120.90881992,23.20772329],[120.90763409,23.20706168],[120.90657405,23.205359],[120.90650313,23.20333503],[120.9071534,23.20113317],[120.90660879,23.20019247],[120.90574851,23.19955475],[120.90644071,23.19671367],[120.90814905,23.19465125],[120.90969782,23.19352815],[120.91089299,23.19216898],[120.91246259,23.18675902],[120.91153354,23.18536461],[120.91126045,23.18280964],[120.9098841,23.18021582],[120.90905169,23.17980084],[120.90684459,23.18048852],[120.90590689,23.18057796],[120.90389545,23.17952166],[120.90167008,23.17858376],[120.90018931,23.17712096],[120.89872455,23.17666511],[120.89844202,23.17625675],[120.89860499,23.17400017],[120.89831053,23.1731251],[120.89639447,23.17230136],[120.89585704,23.17143422],[120.89548904,23.16847144],[120.89556186,23.16557762],[120.89498116,23.16371715],[120.89482972,23.16257616],[120.89500506,23.16071962],[120.89201127,23.15905574],[120.89057415,23.15857237],[120.88735136,23.15824281],[120.88697161,23.15793277],[120.88652407,23.15581321],[120.88333426,23.15343779],[120.87938833,23.15264677],[120.87668372,23.15155423],[120.87660088,23.15094691],[120.87807453,23.14958236],[120.87953833,23.14858786],[120.88106143,23.14651932],[120.88364224,23.14511714],[120.88562039,23.14462387],[120.88655194,23.14080899],[120.88783703,23.13706451],[120.88787248,23.13637694],[120.88622757,23.13187628],[120.88626671,23.13072465],[120.88586092,23.12951609],[120.88596178,23.12804615],[120.88646215,23.12618849],[120.88783318,23.12323918],[120.8880592,23.12243951],[120.88772846,23.1217737],[120.88504969,23.12001747],[120.88510289,23.11852328],[120.88629222,23.11646687],[120.88677601,23.11361499],[120.88747537,23.11251099],[120.88865422,23.11156422],[120.88940264,23.11044077],[120.88938499,23.10868169],[120.88909998,23.10713746],[120.88870964,23.10667049],[120.88861323,23.10554939],[120.88814232,23.10420675],[120.88875238,23.10238116],[120.88915281,23.10049353],[120.88878707,23.09909347],[120.88806814,23.09781672],[120.88782137,23.09668642],[120.88663247,23.09492046],[120.88555145,23.09263118],[120.88575782,23.08961861],[120.88513861,23.08832261],[120.8835983,23.08656285],[120.88258673,23.08333292],[120.8813081,23.08211747],[120.8805254,23.08081518],[120.87941738,23.07993893],[120.879035,23.07906597],[120.87807649,23.07823303],[120.87692182,23.07572452],[120.8764886,23.07290242],[120.87597075,23.07052969],[120.87534716,23.06854471],[120.87424929,23.06696542],[120.87314497,23.06590304],[120.87051551,23.06141763],[120.86931564,23.0599274],[120.86997673,23.05780037],[120.87132548,23.05505257],[120.87238321,23.0544873],[120.87372519,23.05342779],[120.87453125,23.05243283],[120.87447897,23.05111995],[120.87719071,23.04962282],[120.87867304,23.04900176],[120.87975118,23.04777525],[120.88015274,23.0456757],[120.8812604,23.04419758],[120.88137188,23.04192999],[120.88082247,23.0399871],[120.88011226,23.03608172],[120.87946505,23.03466656],[120.87813928,23.03431173],[120.87636223,23.0342256],[120.8726396,23.0345016],[120.87111304,23.03413361],[120.87007006,23.03350105],[120.86619735,23.03231068],[120.86433894,23.03254966],[120.86343037,23.03226207],[120.86161575,23.03076991],[120.86097957,23.02940738],[120.86070267,23.02790395],[120.86068407,23.02598762],[120.86109235,23.02443727],[120.86197769,23.02206862],[120.86173172,23.02017864],[120.86189748,23.01894441],[120.86141981,23.01788518],[120.86156835,23.01665809],[120.8612235,23.01493044],[120.86127237,23.01320386],[120.86051758,23.01046651],[120.86077962,23.00875284],[120.86065936,23.0080514],[120.85823665,23.00505608],[120.85632141,23.00481944],[120.85446751,23.00540579],[120.85384164,23.00491084],[120.85101071,23.00502864],[120.85200971,23.00334943],[120.85221771,23.00188304],[120.85206703,22.99990581],[120.85078525,22.99824794],[120.85014268,22.9964187],[120.84864739,22.99431243],[120.84769334,22.99396742],[120.84703312,22.99285593],[120.8453136,22.99238258],[120.84217957,22.9912075],[120.84137095,22.9899111],[120.84192542,22.98786094],[120.84173134,22.98499222],[120.84118423,22.98400151],[120.84002892,22.98361469],[120.83870373,22.98268666],[120.83583385,22.98180561],[120.83450983,22.98075791],[120.83291992,22.98075473],[120.83222749,22.9800621],[120.83157027,22.97788321],[120.83068878,22.97582607],[120.82929217,22.97514474],[120.8289317,22.97353805],[120.82915493,22.97244564],[120.82978988,22.9713562],[120.8301464,22.96999109],[120.82781121,22.96832731],[120.82573345,22.96727289],[120.82497066,22.96648657],[120.82218214,22.96463379],[120.8223231,22.96371928],[120.8208644,22.96235069],[120.82092301,22.9609493],[120.82283319,22.95639975],[120.82305207,22.95492095],[120.82419113,22.95390032],[120.82475504,22.95245502],[120.82459618,22.95178258],[120.82357036,22.95053179],[120.82328236,22.94918429],[120.822648,22.94821526],[120.82178056,22.94512429],[120.82199708,22.94318783],[120.82153345,22.93886682],[120.82215982,22.93668815],[120.82194166,22.93499421],[120.82351553,22.93318704],[120.82471246,22.93131584],[120.82537677,22.92975973],[120.82663507,22.92859354],[120.82783177,22.9256118],[120.82864941,22.92295694],[120.8291618,22.9207843],[120.8310407,22.92015714],[120.83154228,22.91956651],[120.83261003,22.91383653],[120.83329127,22.91226865],[120.83228224,22.91100129],[120.83044925,22.91025752],[120.82996199,22.90952589],[120.82853832,22.90520828],[120.82866508,22.90397421],[120.82925707,22.90312488],[120.83064332,22.90175235],[120.83212231,22.90102008],[120.83354047,22.89981493],[120.83319999,22.89823448],[120.83423805,22.8961582],[120.8346598,22.89397063],[120.835213,22.89275496],[120.8369099,22.89145852],[120.83822939,22.88989394],[120.83871982,22.88768428],[120.83884437,22.8846385],[120.83988576,22.88261066],[120.84052847,22.88194939],[120.84198352,22.88121868],[120.84790608,22.87961066],[120.85083526,22.87844061],[120.85209148,22.87809772],[120.85516151,22.87871987],[120.85841461,22.87834133],[120.85973028,22.87836852],[120.86122185,22.87614834],[120.86252562,22.87514417],[120.86498212,22.87221468],[120.86497756,22.87117864],[120.86554854,22.86966471],[120.86420206,22.86666757],[120.86349983,22.86606544],[120.86221556,22.86572534],[120.85980591,22.8641374],[120.85915406,22.86344714],[120.85957978,22.86290504],[120.86165408,22.86139689],[120.86563782,22.85963295],[120.86871486,22.85838432],[120.86943486,22.85795461],[120.86929078,22.85661298],[120.86721639,22.85467745],[120.86660954,22.85335011],[120.86818614,22.85132838],[120.86827957,22.85050212],[120.86774071,22.84963088],[120.86557849,22.84709034],[120.86488083,22.84530032],[120.86456828,22.84308204],[120.86460955,22.84193483],[120.86399558,22.83943432],[120.86457695,22.83708002],[120.86525462,22.83611454],[120.86520508,22.83517774],[120.86455583,22.8321699],[120.8629543,22.82966498],[120.8616691,22.82697172],[120.86197199,22.82609657],[120.86396868,22.82559499],[120.86508958,22.82480246],[120.8658465,22.82322233],[120.86666633,22.82062108],[120.86682667,22.81965602],[120.86802055,22.81801224],[120.86863313,22.81685236],[120.87043121,22.81585487],[120.8717135,22.81479346],[120.87255224,22.81478155],[120.87337202,22.81528691],[120.87473757,22.81525601],[120.8754286,22.81436382],[120.87716251,22.81307306],[120.87775571,22.81364595],[120.8795576,22.81397415],[120.88113522,22.81451463],[120.8830684,22.81407804],[120.8839885,22.8134307],[120.88540522,22.81335073],[120.88785838,22.81262632],[120.88904968,22.81176368],[120.89119794,22.81162493],[120.89249716,22.81008975],[120.89440457,22.80852057],[120.89579775,22.80836501],[120.89654862,22.80797051],[120.89932692,22.80471135],[120.90089617,22.80427517],[120.90167666,22.8032667],[120.90245821,22.80125407],[120.90330336,22.79980805],[120.90365722,22.79819177],[120.90304572,22.79685127],[120.90295241,22.7954926],[120.90332661,22.7937202],[120.90315207,22.79269637],[120.90245133,22.79136809],[120.90176425,22.78838943],[120.90169523,22.78754506],[120.90263835,22.78664166],[120.90384363,22.78457248],[120.90418495,22.78319602],[120.9032414,22.78045686],[120.90320856,22.77850864],[120.90386278,22.77581146],[120.90318649,22.77382999],[120.90271756,22.77322105],[120.90115088,22.7720661],[120.90034792,22.76941605],[120.89963916,22.76880262],[120.89857836,22.76867645],[120.89604578,22.76785992],[120.89356409,22.76678497],[120.89313514,22.7662993],[120.89199868,22.7638626],[120.89407031,22.76334842],[120.89481629,22.76258224],[120.89499703,22.76056777],[120.89445231,22.75913752],[120.89525107,22.75755674],[120.89561439,22.75574321],[120.89422689,22.75217616],[120.89415175,22.75106531],[120.89453051,22.74981224],[120.89535726,22.74819824],[120.8941868,22.74417647],[120.89414228,22.74326695],[120.89564337,22.74181926],[120.89521459,22.74061566],[120.89503397,22.73860009],[120.8947214,22.73758812],[120.89281897,22.73603933],[120.89228642,22.73518859],[120.89216886,22.73417195],[120.89239844,22.73290519],[120.89143934,22.72938001],[120.89096282,22.72865269],[120.88944471,22.72811956],[120.88831715,22.72671759],[120.88764016,22.72431965],[120.88728278,22.72236826],[120.88526266,22.71922592],[120.88351522,22.71706845],[120.87942616,22.71606993],[120.87698094,22.71687621],[120.87548419,22.71717923],[120.87265804,22.71701793],[120.87042233,22.71616003],[120.86912348,22.71594584],[120.86826232,22.71670308],[120.86719106,22.71689059],[120.86310622,22.71656268],[120.86138695,22.71665681],[120.86023372,22.71570538],[120.85861617,22.71363114],[120.85807579,22.71367321],[120.85681465,22.71498858],[120.85636192,22.71590976],[120.85508295,22.71745229],[120.85312981,22.71695143],[120.84869876,22.71698675],[120.84793702,22.71556261],[120.84519647,22.7123423],[120.84422968,22.71063873],[120.84269969,22.71017266],[120.84251033,22.70884318],[120.84332296,22.7077397],[120.8421784,22.70686348],[120.8402408,22.70666774],[120.83967838,22.70395415],[120.83803613,22.70176687],[120.83786868,22.70082987],[120.83830703,22.69910265],[120.83768934,22.69781944],[120.83679552,22.69707962],[120.83499046,22.6965654],[120.8311744,22.69683758],[120.83014865,22.69758605],[120.8286969,22.69766101],[120.82756893,22.69735336],[120.82653276,22.69668392],[120.8259666,22.69586478],[120.8242605,22.69555396],[120.82219973,22.6959202],[120.81988328,22.6955973],[120.81897105,22.69475876],[120.81885121,22.69406596],[120.81936284,22.69270239],[120.8192872,22.69159315],[120.81887313,22.69088042],[120.81806164,22.69137839],[120.81633815,22.69184445],[120.81426025,22.69182466],[120.81334965,22.69210299],[120.81145156,22.69203994],[120.81083072,22.69158213],[120.81015911,22.69041931],[120.80929883,22.68838741],[120.80889696,22.68825367],[120.80802705,22.68918763],[120.80567116,22.68898056],[120.79768036,22.68910275],[120.79680089,22.68936336],[120.79595834,22.69038876],[120.7949356,22.69091259],[120.79232716,22.69147349],[120.79087871,22.69217569],[120.78913026,22.69328953],[120.7877522,22.69334084],[120.78674843,22.69274082],[120.78768368,22.68975699],[120.78886438,22.68791294],[120.78948827,22.68649201],[120.78926541,22.68383094],[120.79018582,22.68189957],[120.79132306,22.68043272],[120.79157306,22.67918512],[120.79131039,22.67857857],[120.79008627,22.677135],[120.78860438,22.67585916],[120.7875458,22.67363287],[120.78623143,22.67204304],[120.78641724,22.67053408],[120.78624157,22.66815291],[120.78622935,22.66372762],[120.7863557,22.66298435],[120.78570382,22.66117723],[120.78372163,22.65894763],[120.78286353,22.65700447],[120.78133622,22.65454563],[120.77978353,22.65253506],[120.77713631,22.65047207],[120.77699652,22.65005052],[120.77538119,22.64824734],[120.77477872,22.64722694],[120.77383798,22.64623141],[120.7730553,22.64423761],[120.77235668,22.64325655],[120.77199075,22.64218364],[120.77128264,22.64125089],[120.76926301,22.63924921],[120.76857462,22.63830711],[120.76766033,22.63618778],[120.76572555,22.63463127],[120.76445864,22.63391126],[120.76397295,22.63332853],[120.76312749,22.63114433],[120.76132214,22.63004179],[120.761206,22.62934862],[120.76149117,22.62748327],[120.76102465,22.62579518],[120.75866519,22.62383913],[120.75592042,22.61903348],[120.75487956,22.61698631],[120.75366627,22.61347867],[120.7528921,22.61208116],[120.75406438,22.60855443],[120.75397827,22.60775064],[120.75426928,22.60623596],[120.75407682,22.60442853],[120.75432825,22.60290976],[120.75481933,22.60156272],[120.75444293,22.60033717],[120.75358963,22.59925803],[120.75194844,22.596732],[120.74901738,22.59394805],[120.74660167,22.59095627],[120.74581037,22.58955001],[120.74576581,22.58832166],[120.74641362,22.58604989],[120.74667474,22.584012],[120.74751658,22.58208723],[120.74857957,22.58030703],[120.74909164,22.57863623],[120.74925245,22.57727245],[120.74918278,22.57560802],[120.74878976,22.57229798],[120.74795149,22.57107833],[120.74680902,22.57078533],[120.74419637,22.56960573],[120.74235599,22.56928814],[120.741535,22.56867237],[120.74116382,22.56653581],[120.74011962,22.5641907],[120.73963611,22.56254227],[120.73977341,22.56026012],[120.74001984,22.55924457],[120.73967738,22.55663234],[120.73905203,22.55366256],[120.73948601,22.5514553],[120.74070637,22.54966206],[120.74089488,22.5487505],[120.74335041,22.54452506],[120.74396496,22.54310639],[120.74566818,22.54073282],[120.7480228,22.53838256],[120.7485523,22.53625041],[120.7500228,22.53402152],[120.74991528,22.52936011],[120.75008112,22.52858442],[120.75166983,22.52531847],[120.7517356,22.52483777],[120.75132149,22.52197094],[120.75149791,22.52105046],[120.75253715,22.51948275],[120.75310859,22.51798177],[120.75305325,22.51665478],[120.75358226,22.51305495],[120.7535386,22.51146831],[120.75389029,22.51077112],[120.75748872,22.50854821],[120.75847571,22.50735014],[120.75887684,22.50587618],[120.75936876,22.50515861],[120.76169257,22.50256144],[120.76270537,22.50110043],[120.76346186,22.49887024],[120.76358674,22.49763731],[120.76434774,22.49538787],[120.76433091,22.49436158],[120.76390594,22.49239127],[120.76383985,22.49115884],[120.76292914,22.49049119],[120.76187654,22.48928772],[120.76045413,22.48853142],[120.75855795,22.48840708],[120.75845881,22.48644475],[120.75786646,22.4827324],[120.75746325,22.4818322],[120.75487325,22.4810744],[120.75152712,22.47972738],[120.75081325,22.47915598],[120.7520535,22.47798112],[120.75311348,22.4757924],[120.75442535,22.47243175],[120.75457352,22.4714062],[120.75417394,22.4694044],[120.75301296,22.46781387],[120.75302796,22.4666569],[120.75175197,22.464546],[120.75158066,22.46376661],[120.75178901,22.46162483],[120.75107103,22.45992892],[120.75105324,22.45902309],[120.75161359,22.45841238],[120.75302948,22.45799154],[120.7542411,22.45732529],[120.75524215,22.45720947],[120.75654521,22.45742036],[120.75808799,22.45851877],[120.75914838,22.45729183],[120.76273236,22.45451834],[120.76545645,22.45289989],[120.76868867,22.45256193],[120.77106297,22.45183817],[120.77192873,22.451838],[120.77587271,22.45035087],[120.77647165,22.44967842],[120.77645322,22.44894377],[120.77578981,22.44721441],[120.77566521,22.44576598],[120.77503688,22.44428821],[120.77513681,22.44329844],[120.77568109,22.44247907],[120.77623539,22.44090799],[120.77682036,22.44001217],[120.77873236,22.43865082],[120.78026431,22.43712959],[120.78106992,22.43569497],[120.78198281,22.43464028],[120.7827646,22.43325884],[120.7839094,22.43023097],[120.78473785,22.42914303],[120.78477304,22.42811972],[120.78687137,22.4251811],[120.7871155,22.42304916],[120.78802503,22.42088203],[120.78805789,22.41986795],[120.78853669,22.41897364],[120.78964239,22.41764941],[120.7886361,22.41734949],[120.78667347,22.41587548],[120.78646204,22.41485353],[120.7845944,22.41284486],[120.78344113,22.41260455],[120.78299402,22.41134476],[120.78175147,22.41061619],[120.78036131,22.40945312],[120.77865004,22.40932678],[120.77727662,22.40889202],[120.7760953,22.40966108],[120.77476767,22.40900728],[120.77363187,22.4070934],[120.77058276,22.40689709],[120.76921861,22.40810781],[120.76833166,22.40862654],[120.7662518,22.40904333],[120.76494767,22.40892694],[120.76321748,22.40715735],[120.76033427,22.40622984],[120.75812057,22.40490496],[120.75628993,22.40472997],[120.75419721,22.40509739],[120.75460557,22.40411479],[120.75550612,22.40301289],[120.75610302,22.40097052],[120.75758946,22.39807511],[120.75626598,22.39735231],[120.75428283,22.39683985],[120.75380212,22.3964361],[120.75228591,22.39390953],[120.75214567,22.39266806],[120.75241343,22.39205578],[120.75385285,22.39064708],[120.75553756,22.38944366],[120.75648825,22.38838438],[120.75617711,22.38787636],[120.75456228,22.38663394],[120.75235567,22.38581729],[120.75050392,22.38408934],[120.74862621,22.38038446],[120.74913219,22.37568819],[120.74878799,22.3732492],[120.74803556,22.37186414],[120.74752014,22.37140545],[120.744848,22.37017103],[120.74425014,22.36951531],[120.74346333,22.36726244],[120.74538364,22.36590859],[120.7473854,22.36413862],[120.75042849,22.3621149],[120.75175354,22.36145313],[120.75243619,22.36054462],[120.75395053,22.36022623],[120.75574586,22.36033105],[120.75723822,22.35961779],[120.75843577,22.3594517],[120.75982866,22.36027947],[120.76100845,22.36042055],[120.76318475,22.35896927],[120.76282517,22.3566935],[120.7631398,22.35391556],[120.76359053,22.35224168],[120.76526054,22.34950559],[120.76678282,22.34797652],[120.7679509,22.34739906],[120.7689123,22.34737518],[120.77033996,22.34778936],[120.77167531,22.34863241],[120.77405806,22.34853233],[120.7750291,22.34932032],[120.77580056,22.34874536],[120.77777748,22.34809763],[120.77911024,22.34791543],[120.78106481,22.34637434],[120.78328188,22.34618557],[120.7850613,22.34552435],[120.7851307,22.34448492],[120.78596628,22.342735],[120.78655175,22.34213939],[120.78763541,22.34211884],[120.78847286,22.34157516],[120.78923928,22.33839464],[120.79041719,22.33700111],[120.79247717,22.33562398],[120.79281417,22.33328294],[120.79237492,22.33074261],[120.79250986,22.32839722],[120.79287708,22.32628326],[120.7933645,22.32537638],[120.79337142,22.32392413],[120.79363609,22.32347271],[120.79483179,22.32301869],[120.79531161,22.32209811],[120.79551424,22.32072837],[120.79637691,22.31988566],[120.79679361,22.3183248],[120.79659037,22.31717161],[120.79592922,22.31621036],[120.79422327,22.31468102],[120.79296524,22.3124153],[120.79237231,22.31192879],[120.79052684,22.31134326],[120.78894144,22.31050625],[120.7871354,22.30920788],[120.78641509,22.30912508],[120.78320324,22.30946202],[120.78193417,22.30905524],[120.77815584,22.30849851],[120.77779753,22.3053735],[120.77705813,22.30390307],[120.77683802,22.30258463],[120.77774763,22.29797295],[120.77862163,22.29692358],[120.77973926,22.29640636],[120.78053008,22.29518423],[120.78155591,22.29459659],[120.7857296,22.29427366],[120.78677998,22.29435649],[120.78792263,22.29382571],[120.78861066,22.2940032],[120.78990208,22.29330867],[120.78997925,22.29283425],[120.79113216,22.29064828],[120.79094079,22.28860248],[120.79112502,22.28812355],[120.7925846,22.28700089],[120.79340476,22.28572384],[120.79602082,22.28515111],[120.79899578,22.28540644],[120.8003067,22.28480895],[120.80068968,22.28424786],[120.80346842,22.2842868],[120.8044267,22.28398005],[120.80548753,22.28409007],[120.80606636,22.28236805],[120.80581976,22.28129778],[120.80697595,22.2796625],[120.80709225,22.27811876],[120.80677813,22.27715893],[120.80487208,22.27678524],[120.80425898,22.27735455],[120.80305659,22.27699381],[120.80008393,22.27728138],[120.79819414,22.27646197],[120.79810128,22.27462072],[120.79752953,22.27240801],[120.79658874,22.27081807],[120.79629105,22.2699245],[120.79620869,22.26794281],[120.79654632,22.26713828],[120.79727428,22.26648485],[120.79851811,22.26603182],[120.79937316,22.26538745],[120.79940711,22.26455769],[120.7985762,22.26356742],[120.79895519,22.26209605],[120.79884359,22.25996906],[120.79789893,22.25793821],[120.79906505,22.25716165],[120.79972458,22.25718015],[120.80420155,22.25889712],[120.80515522,22.25943829],[120.80668912,22.25981684],[120.80802252,22.25936162],[120.80938883,22.26069521],[120.81112978,22.26136139],[120.81256432,22.26211284],[120.81391142,22.26187301],[120.8149687,22.26247767],[120.81540269,22.26322099],[120.81646035,22.26258938],[120.81769056,22.26143337],[120.81865593,22.26120537],[120.81987527,22.25986453],[120.82123238,22.25871105],[120.82292864,22.25770839],[120.8259112,22.25664598],[120.82670537,22.25543487],[120.82754567,22.25491236],[120.82941153,22.25224784],[120.83013816,22.25184091],[120.831508,22.25005984],[120.83175754,22.24884713],[120.83254546,22.24725451],[120.8338346,22.24630346],[120.83461896,22.245371],[120.83593601,22.24546551],[120.83687362,22.24507397],[120.83808434,22.24402971],[120.83939637,22.2436698],[120.84018887,22.24428586],[120.84129814,22.24457767],[120.84243263,22.24347807],[120.8441976,22.24319696],[120.84488522,22.24283877],[120.84642061,22.24352847],[120.84906749,22.24352152],[120.84951857,22.24378562],[120.85083932,22.24365675],[120.85320558,22.24249963],[120.85427193,22.24243409],[120.85546574,22.24149466],[120.85680309,22.2413264],[120.8586715,22.24081878],[120.85896648,22.24017464],[120.85868111,22.23916018],[120.85918135,22.23846708],[120.861619,22.23746649],[120.86354102,22.2355583],[120.86430147,22.23428484],[120.86404872,22.2333735],[120.86233018,22.23134844],[120.86251857,22.23096594],[120.86386314,22.23113882],[120.86495619,22.23032898],[120.86667998,22.22980814],[120.86745608,22.2300099],[120.86866915,22.23128144],[120.87084695,22.23139046],[120.87154782,22.2318787],[120.87145509,22.23293542],[120.87396076,22.23358635],[120.87473373,22.23424502],[120.87586085,22.2341896],[120.87653133,22.23484513],[120.87949223,22.23519823],[120.88031704,22.23465113],[120.88088143,22.23502505],[120.88250897,22.23740799],[120.88294319,22.23895193],[120.88403413,22.24059227],[120.8851588,22.24116384],[120.88592239,22.24198453],[120.88761399,22.24244341],[120.88870564,22.24325605],[120.88983885,22.2435189],[120.89138278,22.24429873],[120.89223806,22.24551534],[120.89629753,22.24642864],[120.89630566,22.24832607],[120.89589871,22.25095285],[120.89599924,22.25267711],[120.89548155,22.25515903],[120.89556145,22.25581114],[120.89511731,22.2569157],[120.89527065,22.25760832],[120.89481037,22.25828797],[120.89479974,22.26000331],[120.89450558,22.26090085],[120.89525641,22.2618625],[120.89469705,22.26377935],[120.89453411,22.26512338],[120.89331691,22.26585519],[120.89306129,22.26668891],[120.89274299,22.2695589],[120.89267789,22.27151912],[120.89227818,22.27321582],[120.89227517,22.27446072],[120.89187065,22.27748947],[120.89199927,22.27878027],[120.89166377,22.28295592],[120.89182657,22.28409311],[120.89193149,22.2896522],[120.89170085,22.29330388],[120.89184298,22.29407796],[120.89162469,22.29792391],[120.89173996,22.2992601],[120.89167697,22.30375096],[120.89196718,22.30613233],[120.89185781,22.30799845],[120.89220997,22.31083737],[120.89219023,22.31400745],[120.89259777,22.31462821],[120.89230662,22.31580168],[120.89243745,22.31809087],[120.89297917,22.32313272],[120.89329612,22.32455217],[120.89409588,22.33003177],[120.89491346,22.33466029],[120.89571451,22.33674382],[120.89660558,22.33732978],[120.8986573,22.34372244],[120.89965025,22.3457982],[120.90032,22.34676556],[120.90142085,22.3498634],[120.90261654,22.35254581],[120.9039119,22.35454349],[120.90484664,22.35553183],[120.90702254,22.35710132],[120.90837806,22.35840539],[120.9088286,22.35919535],[120.90956748,22.36346077],[120.91034702,22.3672172],[120.91149914,22.37205711],[120.91197255,22.37460895],[120.91328182,22.3793996],[120.91344839,22.38048107],[120.91469099,22.38408776],[120.91487271,22.3849239],[120.91682053,22.38911786],[120.91787746,22.39087431],[120.91891841,22.39299237],[120.92051787,22.39481173],[120.92146659,22.39721752],[120.92210721,22.39841616],[120.92236405,22.39994963],[120.92357875,22.40436448],[120.92438486,22.4064113],[120.92520106,22.4089672],[120.92689861,22.41301696],[120.92854042,22.41616634],[120.92884716,22.4171809],[120.92963951,22.41827224],[120.93160548,22.42043866],[120.93235223,22.42226061],[120.9331048,22.42320903],[120.93429661,22.42719059],[120.9352202,22.42918936],[120.93581243,22.43092054],[120.93769475,22.43560127],[120.93905292,22.43922546],[120.93922001,22.43993565],[120.94175685,22.44661743],[120.94386409,22.45103761],[120.94436825,22.45186306],[120.94564637,22.45548664],[120.94640344,22.4568805],[120.94669086,22.45868291],[120.94909053,22.46666611],[120.94964531,22.46890919],[120.94988978,22.4706339],[120.95145708,22.47632594],[120.95220457,22.47812424],[120.95322149,22.48176294],[120.95453456,22.48552088],[120.95454027,22.48691259],[120.95510336,22.49001806],[120.95583197,22.49279581],[120.95661733,22.49521281],[120.95885267,22.50112408],[120.95882818,22.50206026],[120.95936206,22.50475737],[120.95994275,22.5064575],[120.961043,22.50873862],[120.96212876,22.51197091],[120.96284981,22.51375651],[120.96428417,22.51678449],[120.96609912,22.52130384],[120.9671347,22.52367558],[120.96836676,22.52689423],[120.97117309,22.53541804],[120.97301848,22.54170462],[120.97422918,22.54536239],[120.97457558,22.54677529],[120.97567922,22.54946621],[120.97601923,22.55089826],[120.97714057,22.55410211],[120.98106683,22.56256559],[120.9826991,22.56548343],[120.98369131,22.56703213],[120.98561281,22.56945724],[120.98821226,22.57183054],[120.99003328,22.57325834],[120.99178792,22.5743688],[120.9947994,22.57605404],[120.99798912,22.57812636],[121.00124618,22.58101679],[121.00366272,22.58344325],[121.00508348,22.58464266],[121.00720343,22.58618147],[121.00829623,22.58745112],[121.00916043,22.5889604],[121.00963232,22.5910195],[121.0096304,22.59208089],[121.01026331,22.59579236],[121.01041821,22.59822088],[121.01029797,22.59944287],[121.01068934,22.60223305],[121.01125475,22.6049953],[121.01129426,22.6078655],[121.01170677,22.609766],[121.01162638,22.6106593],[121.01178235,22.61376607],[121.0121936,22.61566078],[121.01259626,22.61951086],[121.01283211,22.62044144],[121.01389402,22.62302697],[121.01430386,22.62535073],[121.01505486,22.62769014],[121.0154508,22.62954884],[121.01719324,22.63568493],[121.0186996,22.63948445],[121.01969465,22.64230283],[121.02181894,22.64728035],[121.02228432,22.64923048],[121.02573749,22.65584422],[121.02703328,22.657847],[121.02920142,22.66087848],[121.03195475,22.66406974],[121.03525384,22.66746564],[121.03775475,22.6693496],[121.0393358,22.67033639],[121.04288215,22.671917],[121.04564764,22.67285728],[121.04804891,22.67321502],[121.05177784,22.67487322],[121.05536057,22.67610052],[121.0570532,22.67721833],[121.05957515,22.67935355],[121.06149172,22.68062424],[121.06424631,22.68200669],[121.06491402,22.68342265],[121.06567178,22.68363563],[121.06717489,22.68507873],[121.06826066,22.6865217],[121.0708208,22.68861205],[121.07310769,22.69175491],[121.07709392,22.69529527],[121.08135879,22.69819848],[121.08489289,22.69981166],[121.08733965,22.70077681],[121.0886742,22.7015627],[121.09245518,22.70339872],[121.09606961,22.70459371],[121.09787793,22.70491397],[121.09968867,22.70489938],[121.10113198,22.7051612],[121.10581699,22.70735765],[121.10815164,22.70876112],[121.10967222,22.70940769],[121.11116277,22.7105307],[121.11343073,22.71185159],[121.11762442,22.71413144],[121.12059174,22.7147578],[121.12369596,22.71624731],[121.12565978,22.7178081],[121.12811207,22.71936157],[121.12924837,22.72101964],[121.13153195,22.72297069],[121.132035,22.72388074],[121.13315748,22.72485442],[121.13691289,22.72909352],[121.13959566,22.73132257],[121.14186338,22.73185014],[121.14331413,22.73278904],[121.1450903,22.73444677],[121.14711663,22.73676541],[121.14792975,22.73824943],[121.15018121,22.74064913],[121.15194475,22.74197056],[121.15492642,22.74553268],[121.15678849,22.74732196],[121.16105934,22.74973705],[121.16394386,22.75048611],[121.16599002,22.75117339],[121.16705319,22.75196156],[121.17200759,22.75480678],[121.17376938,22.75614531],[121.17619597,22.75879973],[121.17699662,22.76009799],[121.17867328,22.76456114],[121.17938661,22.76706516],[121.18025042,22.77130798],[121.1801764,22.77607261],[121.18047725,22.77937633],[121.18085265,22.78037319],[121.18091547,22.78179889],[121.1814034,22.78289995],[121.18335483,22.78525245],[121.18585667,22.78889119],[121.18789544,22.79065238],[121.19212228,22.79054657],[121.1927224,22.7899089],[121.19417971,22.79001105],[121.19518025,22.79048015],[121.19506553,22.79145297],[121.19618496,22.79241181],[121.19792486,22.79296673],[121.19834732,22.793725],[121.1980984,22.79443659],[121.19870194,22.79495412],[121.20000001,22.79457038],[121.2005427,22.7957839],[121.20099845,22.79604473],[121.20078255,22.79746528],[121.20089667,22.79876187],[121.19987314,22.80061615],[121.19971814,22.80188009],[121.19994439,22.80282899],[121.19939444,22.80367145],[121.19963418,22.80438739],[121.19914113,22.8052445],[121.19878486,22.80674226],[121.19713764,22.80976968],[121.19684193,22.81149775],[121.19750343,22.8123174],[121.19698406,22.8128912],[121.19694922,22.81398129],[121.19748019,22.81533155],[121.19653035,22.81624121],[121.19575535,22.81635828],[121.19411718,22.81766118],[121.19362828,22.81844518],[121.1935261,22.82040926],[121.19303979,22.82172531],[121.19190989,22.82269421],[121.19221741,22.82355206],[121.19198985,22.82488567],[121.19243337,22.82542191],[121.19084898,22.82706562],[121.18861809,22.82804208],[121.187494,22.82927158],[121.18710152,22.83032919],[121.18694238,22.83196347],[121.18626031,22.8328927],[121.18623623,22.83397752],[121.18694974,22.83483083],[121.18804125,22.83548721],[121.18796786,22.83600146],[121.18884441,22.83787427],[121.18881894,22.83910658],[121.1899941,22.84302787],[121.19006516,22.84407926],[121.18925905,22.846297],[121.18958431,22.84693409],[121.19114785,22.84843968],[121.1914898,22.84967879],[121.19220266,22.85056589],[121.19276154,22.85059395],[121.19610115,22.85343124],[121.19732683,22.85407961],[121.19824,22.85537683],[121.19879564,22.85671368],[121.19985367,22.85728773],[121.2013918,22.85709033],[121.20315544,22.85867688],[121.20473137,22.85989277],[121.20446885,22.86021715],[121.20641982,22.86098117],[121.20717034,22.86184972],[121.20904643,22.86308861],[121.21094727,22.86314599],[121.2124105,22.8636089],[121.21553693,22.86414081],[121.21602473,22.86458083],[121.2174504,22.8648584],[121.22024934,22.86499938],[121.22158988,22.86561003],[121.22359103,22.86692997],[121.22559195,22.86710309],[121.22970564,22.86495883],[121.23209397,22.86412401],[121.23335711,22.86448267],[121.23409557,22.86557186],[121.23517924,22.86645453],[121.23613142,22.86789645],[121.23593087,22.86879397],[121.23510212,22.86959782],[121.2352407,22.87096433],[121.23624618,22.87376277],[121.23697657,22.87437028],[121.23718396,22.87563418],[121.23811064,22.87734935],[121.23994253,22.8796221],[121.24120139,22.8801526],[121.24278961,22.88049961],[121.24554081,22.88064932],[121.24710408,22.88128589],[121.25096128,22.88606911],[121.25118086,22.88697088],[121.25180755,22.88786318],[121.25400925,22.89160351],[121.25493502,22.89339843],[121.25558564,22.89515854],[121.2576619,22.89677931],[121.25915032,22.89827283],[121.25973346,22.90002582],[121.25986862,22.90135493],[121.2603909,22.90262678],[121.26169262,22.90453432],[121.26220046,22.90644294],[121.26374481,22.9080475],[121.26582406,22.90897891],[121.26870829,22.91110029],[121.26942404,22.91186221],[121.26985367,22.91297225],[121.27150088,22.91527092],[121.27283658,22.91782517],[121.27434386,22.92260134],[121.274866,22.92493791],[121.27622683,22.92751501],[121.27815776,22.92990408],[121.27889316,22.93155113],[121.27874744,22.93424786],[121.27901194,22.93475825],[121.27964668,22.93766408],[121.27980447,22.93908162],[121.28173208,22.9452262],[121.28257629,22.94711454],[121.28427749,22.94957707],[121.28525253,22.94957128],[121.28651721,22.95071761],[121.28657579,22.95165231],[121.28744502,22.95283944],[121.2886731,22.95354163],[121.28947367,22.95363177],[121.29141519,22.95545927],[121.29203449,22.95562741],[121.29310053,22.95513231],[121.29402918,22.95373086],[121.29523921,22.95458946],[121.29597514,22.95673668],[121.29670227,22.95722053],[121.29939085,22.9595703],[121.30110954,22.96184761],[121.30215126,22.96282812],[121.30732985,22.96959326],[121.30845821,22.97092571],[121.30905538,22.97105714],[121.31081254,22.97290126],[121.31078995,22.97393399],[121.31140218,22.97488041],[121.31225447,22.97541008],[121.31368543,22.97679426],[121.31487996,22.97847993],[121.31649151,22.98122869],[121.31816763,22.9844979],[121.31968173,22.98790639],[121.32067671,22.98968498],[121.32376935,22.99388682],[121.32161574,22.99714695],[121.32159008,23.00007227],[121.32191826,23.0017533],[121.32271708,23.00293328],[121.3232353,23.00484621],[121.32532597,23.00467546],[121.32641773,23.00569009],[121.32732368,23.00709859],[121.328345,23.00923551],[121.32743403,23.00965476],[121.32821564,23.0112371],[121.32873175,23.01519151],[121.32944845,23.01619568],[121.33037072,23.016986],[121.33266111,23.01784216],[121.3344282,23.01828214],[121.33637474,23.01930914],[121.33719062,23.02010478],[121.33689374,23.02088059],[121.33515795,23.02181166],[121.33502585,23.02281824],[121.33538079,23.02390408],[121.33598144,23.02404106],[121.33661124,23.02520731],[121.33822516,23.02549151],[121.33916456,23.02590502],[121.33949816,23.028009],[121.33925263,23.02912006],[121.33824043,23.02925039],[121.33850062,23.03174777],[121.33834163,23.03237878],[121.33876099,23.03411155],[121.33948893,23.0349715],[121.33938313,23.03612278],[121.34077373,23.04041468],[121.34128916,23.04110691],[121.34164055,23.04243457],[121.34329983,23.04364496],[121.34412356,23.04637164],[121.34366192,23.0466043],[121.34371532,23.04831997],[121.34440006,23.04981686],[121.34574786,23.05094906],[121.34575016,23.05189183],[121.34627564,23.05293334],[121.34612598,23.05610213],[121.34651255,23.05892239],[121.34813603,23.06461781],[121.3493322,23.06669533],[121.35080203,23.06842525],[121.35268477,23.0702347],[121.35283928,23.07133263],[121.35415239,23.07142108],[121.35517341,23.07266229],[121.3567154,23.0737634],[121.35606229,23.07680299],[121.3550955,23.07884072],[121.35508628,23.07965003],[121.3566384,23.08155363],[121.35770088,23.08208271],[121.35784794,23.08539891],[121.35917087,23.08786882],[121.35952928,23.08890948],[121.36348204,23.09400871],[121.3661402,23.09615893],[121.3673083,23.09652558],[121.368318,23.09609074],[121.37103933,23.09577025],[121.37154681,23.09625413],[121.37507245,23.09651355],[121.37595539,23.09593119],[121.37689279,23.09602198],[121.38294493,23.09548395],[121.38465063,23.09677353],[121.38502921,23.09760465],[121.38429595,23.0985128],[121.38459435,23.09960295],[121.3853122,23.10086024],[121.38646075,23.1021431],[121.38707167,23.1017251],[121.38762419,23.10230137],[121.38785362,23.10336414],[121.38770094,23.10507845],[121.38931729,23.1065674],[121.39161228,23.10827673],[121.39334692,23.11050232],[121.39368794,23.11134498],[121.39515938,23.11342098],[121.39752718,23.11455811],[121.39859991,23.11396541],[121.40096102,23.11348431],[121.40291261,23.11376735],[121.40702234,23.11588157],[121.40762489,23.11646921],[121.40804263,23.11771623],[121.41005253,23.11999853],[121.41163333,23.12131134],[121.41247529,23.12234891],[121.41152696,23.12280257],[121.41214233,23.12345944],[121.41349308,23.12357095],[121.41408975,23.122737],[121.41544928,23.12337095],[121.41652689,23.12331393],[121.41750317,23.12276136],[121.41849049,23.12267747],[121.41951914,23.12349495],[121.4204704,23.12374629],[121.4223121,23.12467682],[121.42415095,23.12490247],[121.42473351,23.12643828],[121.42402396,23.12744535],[121.42315005,23.12774851],[121.4208958,23.12684229],[121.41880761,23.12680241],[121.41820839,23.12702381],[121.41635694,23.12676354],[121.4136827,23.12407882],[121.41115672,23.12397089],[121.40648557,23.12564207],[121.40541368,23.12621269],[121.40418637,23.12721107],[121.40296207,23.12873402],[121.40261868,23.13034144],[121.40081729,23.13313201],[121.39980029,23.13511121],[121.39987423,23.1378729],[121.40097904,23.14200653],[121.4010957,23.14603896],[121.40079906,23.14684872],[121.39997439,23.14697832],[121.39934803,23.14842615],[121.39991516,23.15009799],[121.40038062,23.15067833],[121.40252833,23.15084159],[121.40308032,23.15129057],[121.4043644,23.15343591],[121.40500479,23.15410412],[121.40520133,23.15608822],[121.40658718,23.15884818],[121.40758895,23.16227672],[121.40783431,23.16418238],[121.40775765,23.16682843],[121.40746437,23.16846986],[121.40682162,23.17027413],[121.4050376,23.17122688],[121.40385911,23.17106064],[121.40293947,23.17181084],[121.40269931,23.17421463],[121.40299033,23.17505704],[121.4039464,23.17648677],[121.40398789,23.17745705],[121.40358044,23.17871749],[121.40268542,23.17999098],[121.40062834,23.18142959],[121.3993113,23.18313076],[121.3983703,23.18569914],[121.39780622,23.18841547],[121.3979409,23.18916977],[121.39748679,23.19285216],[121.39646134,23.19587011],[121.39611234,23.19919775],[121.39620771,23.2011149],[121.39702419,23.20510886],[121.39813607,23.20795836],[121.39994076,23.20857517],[121.40047784,23.20902817],[121.40168648,23.21098839],[121.40282214,23.21223985],[121.40449627,23.21299122],[121.40697506,23.21308659],[121.40790175,23.21284498],[121.40883862,23.21306717],[121.4102407,23.2146094],[121.4111743,23.21510524],[121.41153437,23.21595332],[121.41266332,23.2168656],[121.41363334,23.21864129],[121.41444349,23.21970764],[121.41505372,23.22001807],[121.41737632,23.2228453],[121.42039116,23.22631239],[121.42066922,23.22703911],[121.42033429,23.22769837],[121.41797622,23.22826787],[121.41783303,23.22799074],[121.41605728,23.22745714],[121.41551111,23.22841731],[121.41513074,23.23019679],[121.41506886,23.23341887],[121.41489993,23.23492054],[121.41591849,23.23633782],[121.41691545,23.23860968],[121.41722187,23.24016762],[121.41704139,23.2414495],[121.41771865,23.24241774],[121.41900577,23.24530057],[121.41869978,23.24691801],[121.41902922,23.24797927],[121.41959335,23.24834716],[121.42081304,23.25004074],[121.42101663,23.25090608],[121.4211271,23.25344583],[121.42081904,23.25761479],[121.42193591,23.25861587],[121.42271195,23.26186925],[121.42366695,23.26300937],[121.4240596,23.26424347],[121.42607478,23.26476843],[121.42740514,23.26598815],[121.42772058,23.26667988],[121.42777615,23.26804201],[121.4270759,23.26921232],[121.42744556,23.27265295],[121.42860111,23.27704381],[121.42927142,23.27888875],[121.4297446,23.2814268],[121.4313226,23.28505805],[121.43192373,23.28527556],[121.43287332,23.28812367],[121.43427684,23.2888697],[121.43619226,23.29245364],[121.43824981,23.29413251],[121.4387586,23.29618547],[121.43918647,23.29685353],[121.44060309,23.297738],[121.44167592,23.29715767],[121.44201811,23.29826468],[121.44148715,23.29985898],[121.44216814,23.30125338],[121.44242345,23.30248762],[121.44346716,23.30391557],[121.44526854,23.30412939],[121.44660964,23.30489861],[121.44747647,23.30587697],[121.44774238,23.306684],[121.44701296,23.30887979],[121.44784563,23.30960195],[121.45404846,23.3135003],[121.45532247,23.3134008],[121.45766207,23.31375152],[121.45896947,23.31335505],[121.46006432,23.31201225],[121.46079837,23.31294388],[121.46202901,23.31253145],[121.46252526,23.31465605],[121.46291774,23.31778619],[121.46568542,23.32186663],[121.4658419,23.32338567],[121.46573351,23.32529219],[121.46650476,23.3297991],[121.4677534,23.33193351],[121.46766306,23.3326117],[121.46807105,23.33442214],[121.46775292,23.33656924],[121.46775305,23.34171949],[121.46764356,23.34561064],[121.46825128,23.3479562],[121.46974572,23.34968783],[121.46994849,23.35017722],[121.47117296,23.35116171],[121.47220862,23.3524237],[121.47195686,23.35317268],[121.47186298,23.35574728],[121.47080703,23.35667297],[121.47174055,23.35971203],[121.47303027,23.36188529],[121.47358472,23.36329099],[121.47367012,23.3642033],[121.47273703,23.36731185],[121.47220792,23.36966383],[121.47242827,23.37082283],[121.47221255,23.37153105],[121.47392582,23.37827639],[121.47400741,23.38040689],[121.4749354,23.3849888],[121.47485875,23.38661822],[121.47559056,23.38797776],[121.47653179,23.38881829],[121.47676418,23.38951241],[121.47709493,23.39326675],[121.47820022,23.3955108],[121.47911254,23.39614784],[121.48081439,23.39646357],[121.48203926,23.39727448],[121.48164319,23.3982989],[121.4818103,23.40211008],[121.48281517,23.40365858],[121.48349525,23.40405981],[121.48339855,23.40583242],[121.48388511,23.40991979],[121.48408628,23.41073231],[121.48510252,23.41247791],[121.48572092,23.41256891],[121.48734598,23.4170712],[121.48804388,23.41781659],[121.48786844,23.41846169],[121.48923593,23.42331842],[121.48970933,23.42426591],[121.49249472,23.42683458],[121.49483929,23.43178337]]],[[[121.49154724,22.67745704],[121.49174765,22.67890702],[121.48998399,22.67698196],[121.48828329,22.67699414],[121.4849945,22.67733168],[121.48341869,22.67662458],[121.4821429,22.67541856],[121.47984165,22.67407367],[121.47612767,22.67435334],[121.47276391,22.67494614],[121.47236385,22.6754451],[121.46965042,22.67631607],[121.46723683,22.67589928],[121.46654915,22.67638675],[121.4657363,22.67636382],[121.4654484,22.67507625],[121.46433504,22.67331332],[121.46467227,22.67148026],[121.4652848,22.67045916],[121.46759786,22.66862539],[121.47068583,22.66495829],[121.47331099,22.66078077],[121.4746863,22.65963171],[121.47531136,22.65870333],[121.47479801,22.65583776],[121.47449707,22.65215987],[121.47484705,22.65140558],[121.47402124,22.64935217],[121.47349563,22.64757709],[121.47350789,22.6464748],[121.47755948,22.64607893],[121.48048555,22.64543976],[121.48427437,22.64432457],[121.48593748,22.64398752],[121.48881337,22.64261735],[121.48881318,22.64179351],[121.49100123,22.64021469],[121.49205141,22.63906557],[121.49296427,22.63898404],[121.49343934,22.63839209],[121.49333911,22.63756826],[121.49376409,22.63672102],[121.49385122,22.63488757],[121.49441358,22.63323959],[121.49522625,22.63248504],[121.49771464,22.63183437],[121.4987777,22.63235619],[121.49875285,22.63306406],[121.49799027,22.63410869],[121.49967869,22.63507126],[121.50096672,22.63503601],[121.50206701,22.63428138],[121.50329247,22.63407209],[121.5051308,22.63437318],[121.50580603,22.63412926],[121.50596835,22.63303841],[121.50671865,22.63294532],[121.50636881,22.63433794],[121.50756941,22.63475528],[121.50569374,22.6352781],[121.50500605,22.63569607],[121.50461865,22.63689141],[121.50463147,22.63826065],[121.50278112,22.64015269],[121.50213113,22.64140609],[121.50206916,22.64388924],[121.49971846,22.6451664],[121.49953105,22.64589746],[121.50019428,22.64793937],[121.50123276,22.65041042],[121.5012454,22.65100215],[121.50219606,22.65219691],[121.50385924,22.65212672],[121.50507211,22.65148816],[121.50601004,22.6517083],[121.50587272,22.65275258],[121.50877417,22.65383061],[121.50888687,22.65452671],[121.50717396,22.65588478],[121.50691163,22.65716111],[121.50783754,22.65950441],[121.50876309,22.66021181],[121.50865076,22.66123281],[121.50905173,22.66484079],[121.51040274,22.66685897],[121.51029045,22.66803074],[121.51055329,22.66905155],[121.5111662,22.66972421],[121.50969073,22.67043238],[121.50911602,22.67279916],[121.50945423,22.6753628],[121.51000484,22.67706788],[121.50954233,22.67790327],[121.50706646,22.67863495],[121.50476513,22.67696529],[121.50428994,22.67701185],[121.50252655,22.67629323],[121.50211391,22.67646739],[121.50100081,22.67586454],[121.4996878,22.67602738],[121.49867483,22.67578412],[121.49719925,22.67592384],[121.49603638,22.67645787],[121.49553601,22.675704],[121.49467313,22.67563469],[121.49347251,22.67508987],[121.49154724,22.67745704]]],[[[121.56706368,22.08590916],[121.5685529,22.08752799],[121.56751417,22.08745794],[121.56655056,22.08642142],[121.56706368,22.08590916]]],[[[121.50465244,22.08480344],[121.50224961,22.08401118],[121.5009481,22.08293965],[121.49934627,22.08052889],[121.4999345,22.07927134],[121.50318842,22.07733882],[121.50367653,22.07590653],[121.5066051,22.07283264],[121.50872019,22.0701778],[121.50948363,22.06899006],[121.51002181,22.06766251],[121.51074777,22.06439007],[121.51069774,22.0633186],[121.5101346,22.06272454],[121.50918352,22.06098905],[121.50879562,22.05933517],[121.50720624,22.05914855],[121.50683086,22.0570637],[121.50859546,22.05687766],[121.50914615,22.05564317],[121.50912115,22.05457165],[121.50957175,22.05266159],[121.51083584,22.04956362],[121.51038534,22.04853855],[121.50890862,22.04766472],[121.50927157,22.04704746],[121.51067321,22.04747867],[121.5120123,22.04743232],[121.51520359,22.0468738],[121.51718096,22.0457676],[121.5175064,22.04402048],[121.52008453,22.04134186],[121.52083546,22.03979279],[121.52091058,22.0387095],[121.52172403,22.03902416],[121.52398921,22.03917598],[121.52492783,22.0385355],[121.52641715,22.03648563],[121.52680515,22.03522765],[121.52738085,22.03441234],[121.52954596,22.03237418],[121.53074741,22.03159392],[121.5317236,22.03017291],[121.53356332,22.02832103],[121.53463961,22.02759897],[121.53669208,22.02582863],[121.53749305,22.02485022],[121.53870699,22.02437281],[121.53959553,22.02462926],[121.54223614,22.02472296],[121.54356268,22.02570176],[121.54533978,22.0253293],[121.54617826,22.02579544],[121.54770505,22.02594716],[121.54885642,22.0256911],[121.55100898,22.02459643],[121.55189753,22.02459659],[121.55327417,22.02413086],[121.55342437,22.02304747],[121.55691603,22.02166178],[121.55769196,22.02114933],[121.55970689,22.01912261],[121.56227247,22.01729399],[121.56466286,22.01462649],[121.56546383,22.0139509],[121.56697819,22.01098025],[121.5693936,22.00875537],[121.56966895,22.00803306],[121.56996938,22.00559804],[121.56984428,22.00397849],[121.57026983,22.0021726],[121.57134606,22.00357096],[121.57220957,22.00366433],[121.57371135,22.00324515],[121.57643958,22.00289608],[121.5781666,22.00323429],[121.57961829,22.00396858],[121.57968084,22.00497061],[121.58113255,22.00485435],[121.5809824,22.00381735],[121.58322259,22.00207006],[121.58522499,22.00068388],[121.58746516,21.99977546],[121.58847886,21.99972904],[121.59079407,22.00016058],[121.59308421,22.00180389],[121.59532426,22.00496183],[121.59700114,22.0081895],[121.59786462,22.00934311],[121.59859041,22.01192972],[121.60155044403362,22.014658100882087],[121.60275387,22.01893668],[121.60270756,22.01982941],[121.60088036,22.02173966],[121.59788927,22.02411565],[121.59672539,22.02448822],[121.5964125,22.02526868],[121.59502337,22.02536162],[121.5910311,22.02779561],[121.58826533,22.02837756],[121.5856372,22.02939058],[121.58166998,22.03105567],[121.57867891,22.03242971],[121.5761634,22.03409506],[121.57295955,22.03669214],[121.57053163,22.03893986],[121.56951792,22.03939397],[121.56731531,22.03951007],[121.56804113,22.04084974],[121.56618892,22.04149006],[121.56724014,22.0424454],[121.56631401,22.04350521],[121.56595106,22.0443438],[121.56508744,22.0475002],[121.56407371,22.04871137],[121.56369816,22.05239188],[121.5638608,22.05404581],[121.56543762,22.05531561],[121.56592567,22.05645709],[121.56765266,22.05813454],[121.56966752,22.05882205],[121.57098155,22.05970743],[121.57277116,22.05989409],[121.5750739,22.05930053],[121.57589986,22.05996453],[121.57414774,22.06142004],[121.57088128,22.06472701],[121.57011773,22.07011896],[121.56847823,22.07205186],[121.56782742,22.07318136],[121.56782736,22.07546386],[121.56831542,22.07623253],[121.56944167,22.07931868],[121.57044282,22.08071624],[121.57010487,22.08240468],[121.56803988,22.08401128],[121.56646301,22.08430212],[121.56544932,22.08397589],[121.56317165,22.0827295],[121.5606312,22.08072616],[121.55995541,22.08036504],[121.55812825,22.08045787],[121.55676411,22.08168033],[121.55447388,22.08246012],[121.55205852,22.08263434],[121.54923019,22.0825756],[121.5460139,22.08234211],[121.54424931,22.08260961],[121.53707838,22.0814671],[121.53293599,22.08174581],[121.53027036,22.08108158],[121.52955705,22.08001013],[121.52891881,22.07964902],[121.52680377,22.08087135],[121.5255648,22.08108075],[121.52189798,22.08071911],[121.51940753,22.08078853],[121.5133754,22.08039157],[121.51119781,22.0808337],[121.50850707,22.08233543],[121.5060541,22.08474545],[121.50465244,22.08480344]]],[[[121.60703020688565,21.94417970044383],[121.60876651,21.94364103],[121.61091445,21.94373067],[121.61339496,21.9445172],[121.61457512,21.94560675],[121.61511968,21.94672581],[121.61521034,21.95135489],[121.61486312453445,21.953790594807167],[121.61448462,21.95495618],[121.61294661,21.95501894],[121.610694,21.95377139],[121.60849142,21.95329311],[121.60660171,21.95257011],[121.60444919,21.95242984],[121.60353564,21.95156715],[121.60417394,21.95002871],[121.60531281,21.94910811],[121.60613881,21.94803592],[121.60667699,21.94667226],[121.60703020688565,21.94417970044383]]]]},"properties":{"gml_id":"layer_city_boundary_pg.47","Name":"台东县","layer":"市","code":"711900000000","grade":2}},
{"type":"Feature","geometry":{"type":"MultiPolygon","coordinates":[[[[119.60006280648966,23.79534690616267],[119.59919123,23.79527531],[119.59871686835584,23.794497536370095],[119.59990761,23.79390841],[119.60074321,23.79470201],[119.60006280648966,23.79534690616267]]],[[[119.61234949,23.7560034],[119.6118846,23.75728518],[119.6111008661673,23.757519542588597],[119.60997029,23.75660425],[119.60984526,23.7560878],[119.60854050945579,23.755446610545597],[119.60836169,23.75498699],[119.60857336,23.752402],[119.607192,23.75190589],[119.60484657583017,23.748355668314783],[119.60405562,23.74561597],[119.60303838,23.74445513],[119.60142626,23.74344333],[119.59961157,23.74297408],[119.59739955,23.74188329],[119.59704784,23.73983946],[119.59607539,23.73913213],[119.59587768,23.73758207],[119.5968101156613,23.736407107900384],[119.59861423,23.73622384],[119.60022165,23.73476159],[119.60154968,23.73160286],[119.60199797,23.73017219],[119.60158715584708,23.727433155245155],[119.60304056,23.72697481],[119.60335466200111,23.72781940652792],[119.60304524,23.73029452],[119.60335422,23.7318306],[119.60474828,23.73264233],[119.60509726,23.73400668],[119.60642419,23.73679613],[119.60705666,23.73755212],[119.60851801,23.73864347],[119.6099146,23.73905332],[119.61497204,23.73744183],[119.61434189,23.73863172],[119.61195831,23.73934097],[119.61050947,23.73955889],[119.61117024,23.74124706],[119.61229273,23.74170086],[119.61383217,23.74027261],[119.61547376,23.74108551],[119.61645529,23.74193715],[119.6179311,23.74119535],[119.61927484536614,23.740896183425946],[119.62009079,23.74278944],[119.6210627,23.74244468],[119.62302859,23.74337984],[119.62273763,23.74562174],[119.62217556338328,23.747913739660994],[119.62166173977158,23.748690469752567],[119.62038566,23.74977711],[119.61901027,23.75005576],[119.6178049,23.75109221],[119.61654519,23.75159386],[119.61534637,23.75148577],[119.6141216,23.75185859],[119.61249231,23.75285153],[119.61161151,23.75395211],[119.61247474,23.75571396],[119.61234949,23.7560034]]],[[[119.5530238799369,23.720224545636317],[119.55310364778433,23.719425518883746],[119.55412019,23.71821535],[119.55603411,23.71741388],[119.55539636,23.71556997],[119.55586503345266,23.713782600820156],[119.55546973,23.71246341],[119.55446646,23.71165654],[119.55441741,23.71058123],[119.55526176,23.70973244],[119.55539579,23.70903954],[119.55767634,23.71030843],[119.55838016919606,23.71127435536843],[119.55752343,23.71160756],[119.55752336,23.71270779],[119.55691195,23.71339297],[119.55669134,23.71507998],[119.55776765,23.71645],[119.55735263,23.71791767],[119.55817417,23.71862517],[119.55744231934993,23.71933057380853],[119.55702588,23.72066549],[119.55504251,23.72114216],[119.5530238799369,23.720224545636317]]],[[[119.56379258,23.69538738],[119.56380307,23.69504647],[119.56499953,23.69359511],[119.56501899,23.69526778],[119.56379258,23.69538738]]],[[[119.55797868,23.69153698],[119.55734146,23.692142],[119.55699585,23.69084975],[119.55789706,23.69093229],[119.55797868,23.69153698]]],[[[119.55810774,23.68982088],[119.55661749,23.6897066],[119.55733304,23.68842633],[119.55788825,23.68828212],[119.55810774,23.68982088]]],[[[119.58428796,23.67657265],[119.58236195,23.67751673],[119.58054769,23.67692081],[119.57951867,23.67625196],[119.57765132,23.67437625],[119.57559203,23.67371121],[119.5744227,23.67310379],[119.57376638,23.67322586],[119.5713606,23.67164102],[119.57001071,23.67106809],[119.56872603,23.67133242],[119.56859084,23.67180923],[119.56522968,23.6708847],[119.56079864,23.67072698],[119.55666106,23.6687486],[119.55518542,23.66855524],[119.55386753,23.66646507],[119.55282444,23.66582317],[119.55283997,23.66448898],[119.55244566,23.66367772],[119.55095022,23.66284102],[119.55095856,23.66227212],[119.55206496,23.66027036],[119.55044142,23.65904584],[119.55073846,23.65836079],[119.55177701,23.65859412],[119.55215051,23.65948673],[119.55381068,23.65834984],[119.55399954,23.65758842],[119.55140963779343,23.65451053778415],[119.55163678609036,23.65435485505455],[119.5540629,23.65706673],[119.55472832,23.65729912],[119.55705699,23.65590471],[119.55862914,23.65562816],[119.56275166,23.6521007],[119.56325682,23.65139229],[119.56432896,23.65275414],[119.56464804,23.65444152],[119.56538836,23.65535082],[119.5661983,23.65584902],[119.56654516,23.65665139],[119.56691732,23.65913093],[119.56748749,23.66000021],[119.5713866,23.66239906],[119.57278307,23.66264222],[119.57492193,23.66262979],[119.57678199,23.66240391],[119.5777699,23.6625289],[119.5796323,23.66137518],[119.58064756,23.66180029],[119.58159038,23.66094345],[119.58086157,23.65906802],[119.58204709,23.65878816],[119.58269627,23.65803852],[119.5819237,23.65755608],[119.58080804,23.65762798],[119.58074079,23.65668915],[119.58178786,23.65676424],[119.58287126,23.65591138],[119.58327722,23.65489176],[119.58203219,23.65417406],[119.58241598,23.65264435],[119.58314579,23.65198695],[119.58622336,23.64977663],[119.58701013,23.647751],[119.58826844,23.64740311],[119.58865026,23.64689148],[119.58875908,23.64553888],[119.58786158,23.644163],[119.58907594,23.64427126],[119.59104828,23.64298606],[119.59307191,23.64208214],[119.5937838,23.64155118],[119.5947562,23.64003724],[119.59437336,23.63861879],[119.59561723,23.63605185],[119.59586745,23.634561],[119.59548051,23.63311548],[119.59460038,23.63212107],[119.59273799,23.63098143],[119.59173357,23.63005972],[119.59066862,23.62950394],[119.59133157,23.62818083],[119.59017141,23.62694366],[119.58997544,23.62585859],[119.58914112,23.6251597],[119.58940966,23.62364169],[119.58860719,23.62259729],[119.58951745,23.62227102],[119.59063069,23.62288984],[119.59168073,23.62416128],[119.59315713,23.62462293],[119.59554668,23.62465216],[119.59818129,23.62354492],[119.59939968,23.6222896],[119.59897695,23.62146051],[119.59999733,23.620373],[119.60065065,23.62093257],[119.60094197,23.62269449],[119.60219554,23.6241863],[119.60368499,23.6243453],[119.60470594,23.62512239],[119.60232991,23.62852228],[119.60328632,23.62911001],[119.60460565,23.63109591],[119.60548641,23.63201125],[119.60632782,23.63242784],[119.6075619,23.63224919],[119.60953128,23.63265231],[119.61011704,23.63348074],[119.60991482,23.63544774],[119.60929376,23.63519961],[119.60805917,23.63580267],[119.60725765,23.63667266],[119.60597666,23.63591692],[119.60555163,23.63507205],[119.60475254,23.63486974],[119.60474907,23.63418124],[119.60335843,23.6334846],[119.602053,23.63387118],[119.60075493,23.63479723],[119.60296793,23.63729889],[119.60273508,23.63741718],[119.60084548,23.63517613],[119.59922887,23.63630883],[119.59739085,23.63961401],[119.59761104,23.64122495],[119.60016601,23.64172978],[119.60173793,23.6425341],[119.60170167,23.64331305],[119.60046985,23.6451531],[119.60086554,23.64782209],[119.6019998,23.64795539],[119.60231662,23.6489113],[119.60374027,23.64949269],[119.6062079,23.64901804],[119.60709952,23.64913645],[119.60852735,23.64889382],[119.60972203,23.64923677],[119.60957353,23.64832536],[119.61021209,23.64810388],[119.61103552,23.64930609],[119.61198831,23.65012855],[119.61169696,23.65176632],[119.61235474,23.65264637],[119.60942949,23.6546557],[119.60719765,23.65725822],[119.60645274,23.65907158],[119.60659299,23.66045482],[119.60765279,23.66095408],[119.60842543,23.66281792],[119.60657519,23.66296964],[119.60588345,23.66343512],[119.60290625,23.66447837],[119.60249894,23.66544386],[119.60357604,23.66890479],[119.60154503,23.6698766],[119.59964507,23.67171247],[119.59963381,23.67387962],[119.59787253,23.67449593],[119.59677565,23.67441437],[119.59560088,23.67370781],[119.59511767,23.67213851],[119.59363696,23.67158887],[119.59238106,23.67156659],[119.59060017,23.67184428],[119.58745736,23.67292172],[119.58694599,23.67346092],[119.58679862,23.67455858],[119.58506576,23.67634623],[119.58428796,23.67657265]]],[[[119.60576480730721,23.621466245132623],[119.60539265648715,23.62117374820762],[119.60545974,23.6200809],[119.60385358,23.61910066],[119.60298069,23.61827784],[119.60270277,23.61743916],[119.6018319,23.61711973],[119.60010873,23.61719638],[119.59930831,23.61688118],[119.59807361,23.61749996],[119.59734469,23.61741698],[119.59703146,23.61661906],[119.59752498,23.61557649],[119.60018299,23.61346457],[119.60127781,23.6130698],[119.60126585,23.61259805],[119.60333713,23.61164866],[119.60298487,23.61075609],[119.60358692,23.60975597],[119.60508913,23.60926252],[119.60504179,23.61009118],[119.60561103,23.61075039],[119.60701523,23.60998866],[119.60963766,23.61037118],[119.61168233,23.61215553],[119.61269737,23.61259398],[119.61290615,23.61363383],[119.61378472,23.61435498],[119.6133126,23.61595285],[119.61376201,23.61651542],[119.6132941,23.61829612],[119.61360861,23.61948002],[119.61313583,23.62034874],[119.61186455,23.62020477],[119.61031388,23.62057206],[119.60843842,23.62136726],[119.60704925,23.62235919],[119.60680016,23.62127209],[119.60576480730721,23.621466245132623]]],[[[119.6123588915658,23.607050419242075],[119.61236067,23.60544154],[119.61051232,23.60556169],[119.60579421,23.60556663],[119.60570101,23.60254204],[119.60515673,23.60197529],[119.60439626,23.60193988],[119.60294801,23.6006204],[119.60374471,23.59994459],[119.603339,23.59833888],[119.60432974,23.59771424],[119.60494019,23.59588786],[119.60549821,23.59625365],[119.60621255,23.59558492],[119.60627059,23.59482394],[119.60769994,23.5937077],[119.60704228,23.5923829],[119.60730184,23.5894382],[119.60709791,23.58823579],[119.60612418,23.58694835],[119.60718759,23.5865672],[119.60726114,23.58598224],[119.60659241,23.58523764],[119.60451255,23.58528639],[119.6026264,23.58458036],[119.60066237,23.58471664],[119.59960574,23.58409767],[119.59842115,23.58280647],[119.5994514,23.58179795],[119.5996296,23.5803209],[119.59851233,23.57867502],[119.59932538,23.57838519],[119.59928651,23.57710538],[119.60014534,23.57658737],[119.60024546,23.57564563],[119.5990107,23.57583099],[119.59777395,23.57476573],[119.59713575,23.57201185],[119.59727116,23.56898863],[119.59547115,23.56946959],[119.5939131,23.57065845],[119.59383632,23.57183035],[119.59444241,23.57331343],[119.59374761,23.57463669],[119.59299166,23.57495787],[119.59109801,23.57451134],[119.58990991,23.5723284],[119.58857983,23.57172845],[119.58747688,23.57194708],[119.58600374,23.57290753],[119.58552094,23.57366334],[119.585597,23.57604013],[119.58687097,23.5771663],[119.58817913,23.57798758],[119.5888622,23.57875478],[119.58904348,23.57993022],[119.58815963,23.5804144],[119.58822002,23.57926514],[119.58751168,23.57852963],[119.58542631,23.57835014],[119.58330561,23.57918433],[119.58299599,23.57978597],[119.58327012,23.58140579],[119.58262895,23.58326155],[119.58346978,23.58321776],[119.58350559,23.58446147],[119.58612964,23.58678578],[119.58617403,23.58774954],[119.58505254,23.58920304],[119.58439894,23.58943124],[119.58319428,23.59070896],[119.58385793,23.59157558],[119.5838072,23.59332754],[119.58407261,23.59428369],[119.58230729,23.594042],[119.5817155,23.59211411],[119.58262391,23.59182853],[119.58179323,23.59009116],[119.58013157,23.58938628],[119.57847451,23.58777388],[119.57658353,23.58769061],[119.57703347,23.58681983],[119.5767945,23.58601256],[119.57538882,23.58557757],[119.57436292,23.58481835],[119.57393102,23.58554684],[119.57248773,23.5856831],[119.57245464,23.58497213],[119.57101839,23.58489614],[119.56939634,23.58525426],[119.56816048,23.58485921],[119.56689949,23.58495637],[119.56587589,23.58557865],[119.56406848,23.58584257],[119.56353918,23.5852124],[119.561824,23.58513283],[119.56195189,23.5837463],[119.56654498,23.57790316],[119.56732516,23.57586185],[119.56741032,23.57494727],[119.56620008,23.57336244],[119.56277287,23.57171793],[119.56071022,23.57118445],[119.55976231,23.56990513],[119.56008713,23.56709535],[119.56048526,23.56677336],[119.56046487,23.56564696],[119.56008735,23.56454669],[119.5587358,23.56367115],[119.55713232,23.56358886],[119.55629153,23.56274533],[119.55729826,23.56229023],[119.55816887,23.56070012],[119.55956793,23.56094793],[119.55971559,23.56206032],[119.56212117,23.56252345],[119.56267385,23.56191194],[119.56369416,23.5626374],[119.5667047,23.56261291],[119.56899653,23.56466333],[119.56976138,23.56399007],[119.56808032,23.56238666],[119.56822998,23.5620949],[119.57014355,23.56430697],[119.56886926,23.56532071],[119.57026318,23.5666317],[119.57157136,23.56552526],[119.57198487,23.56565467],[119.57429361,23.56797132],[119.57608752,23.56642737],[119.57482216,23.56519723],[119.57554898,23.56458503],[119.57678235,23.56578142],[119.57953801,23.5633986],[119.57843594,23.56219723],[119.57659838,23.5637504],[119.57637819,23.56344647],[119.57818913,23.56189791],[119.57682654,23.5605485],[119.57342144,23.5635951],[119.57234872,23.56314982],[119.57418984,23.5616328],[119.57514215,23.56113942],[119.57463767,23.56036472],[119.57724114,23.55840465],[119.5762834,23.55701536],[119.57380848,23.55847379],[119.57286216,23.55794452],[119.57398426,23.55722251],[119.5756755,23.55484143],[119.57353967,23.55451296],[119.57292088,23.55376803],[119.57137367,23.55294072],[119.57067061,23.5528056],[119.56944457,23.55319837],[119.56816494,23.55294796],[119.56818236,23.55393892],[119.56752588,23.55481495],[119.5660745,23.5557029],[119.56408764,23.55621127],[119.56348724,23.55732863],[119.56273559,23.55671281],[119.56260131,23.55572905],[119.56189923,23.55481958],[119.56238446,23.55332565],[119.56224667,23.55252249],[119.56398847,23.55276902],[119.56505398,23.5531286],[119.56554816,23.55266177],[119.56496339,23.55169997],[119.56293563,23.55143191],[119.56237458,23.55006818],[119.56564114,23.54899759],[119.56653907,23.55039846],[119.56790114,23.55032351],[119.56829323,23.55146209],[119.56962458,23.55107345],[119.56876755,23.54837442],[119.57174877,23.54929131],[119.57232443,23.54913117],[119.5725944,23.54694045],[119.57300912,23.54623234],[119.57442794,23.54732423],[119.57630787,23.54739177],[119.57704288,23.54826042],[119.57802377,23.54802652],[119.58070083,23.54923105],[119.58132844,23.54975018],[119.58200382,23.54874309],[119.58391935,23.54841084],[119.58499762,23.54971385],[119.5865543,23.54963123],[119.58716627,23.55075765],[119.58749021,23.55195061],[119.58878568,23.55135426],[119.59217913,23.55268907],[119.59258189,23.55158365],[119.59326768,23.55079996],[119.59417907,23.55036079],[119.59523753,23.55036578],[119.59593776,23.54966555],[119.5977952,23.54982773],[119.59838434,23.54927239],[119.59996504,23.54989838],[119.6023514,23.54784392],[119.60250681,23.54702161],[119.60209729,23.54635048],[119.60074556,23.54599225],[119.60010753,23.54534909],[119.60043881,23.5434177],[119.60176476,23.5420852],[119.6022087,23.54131143],[119.60297327,23.54091342],[119.6030882,23.54027638],[119.60035827,23.54003636],[119.60026674,23.53935948],[119.59939597,23.53840568],[119.59824062,23.53841012],[119.59617064,23.53940231],[119.59512805,23.53821437],[119.59485131,23.53704156],[119.59539627,23.53633515],[119.59583181,23.53491355],[119.59723412,23.53281101],[119.59768319,23.53276639],[119.59910137,23.53160964],[119.59926572,23.53073312],[119.59830487,23.52940492],[119.59724815,23.52900264],[119.5963173,23.52780525],[119.59588709,23.52652918],[119.59476234,23.52671407],[119.59412291,23.52736666],[119.59353752,23.5271725],[119.59248758,23.52800498],[119.59248575,23.52889442],[119.59169565,23.53007808],[119.58993836,23.53110286],[119.58844519,23.53076086],[119.58814171,23.53002834],[119.58640104,23.52914773],[119.58537929,23.53034802],[119.5849478,23.53132261],[119.58272008,23.53270123],[119.58056655,23.53174987],[119.58020233,23.52895198],[119.58034217,23.52824939],[119.58125144,23.52763198],[119.5813231,23.52625015],[119.58012234,23.52571509],[119.57979141,23.52491945],[119.58013266,23.52387974],[119.57957598,23.52289531],[119.57843693,23.52190853],[119.57732543,23.52140924],[119.57591272,23.52116841],[119.5757843,23.51992728],[119.57465695,23.52014139],[119.57412019,23.51985667],[119.57343824,23.52166064],[119.57348051,23.52265828],[119.57306558,23.52337316],[119.57172169,23.52426077],[119.57144501,23.52524604],[119.57185247,23.52598498],[119.57305183,23.52620406],[119.5741089,23.5269203],[119.57426984,23.52804166],[119.57233068,23.52723386],[119.57120661,23.52900332],[119.57220643,23.52949854],[119.57240319,23.53012991],[119.57180272,23.53104638],[119.57187229,23.53198748],[119.57028989,23.53174046],[119.56802224,23.53112795],[119.566721,23.53178284],[119.56592518,23.53333209],[119.565673,23.53462202],[119.56507052,23.53450907],[119.56441814,23.53367618],[119.56520366,23.53300512],[119.56603272,23.53171311],[119.56590156,23.53124403],[119.56470094,23.53030703],[119.56452296,23.52976589],[119.56289411,23.52930901],[119.56277487,23.53019888],[119.56084767,23.53083341],[119.55977532,23.52837664],[119.56069236,23.52805278],[119.56132855,23.52739131],[119.56037541,23.52648725],[119.55838662,23.52644021],[119.5573451,23.52678031],[119.55715407,23.52734536],[119.55559987,23.52825615],[119.55474615,23.52930666],[119.55493096,23.53002613],[119.55456985,23.53141801],[119.55516776,23.53205023],[119.5568126,23.53310761],[119.55725536,23.53388485],[119.5563539,23.53523352],[119.5569062,23.53636705],[119.556785,23.538038],[119.55425193,23.53881006],[119.55077408,23.54070061],[119.54977161,23.54067256],[119.55023576,23.54196218],[119.55014974,23.54284064],[119.55100458,23.54357354],[119.55080093,23.54457432],[119.55109002,23.54600678],[119.55087303,23.5475539],[119.55179811,23.54853262],[119.54960475,23.54964428],[119.5480683,23.55084841],[119.54777341,23.55163053],[119.54899165,23.55325385],[119.54884727,23.55394063],[119.5477653,23.55381125],[119.54714125,23.55242512],[119.54688164,23.55085936],[119.54630792,23.54972136],[119.54682733,23.54890459],[119.54640676,23.5482356],[119.54532038,23.54776535],[119.54534275,23.54651013],[119.54445285,23.54603241],[119.54360089,23.546146],[119.54304385,23.54674843],[119.54287935,23.54805607],[119.54220147,23.54800426],[119.54204329,23.54645168],[119.54249328,23.5454952],[119.54140246,23.54311061],[119.54103974,23.54303061],[119.54144963,23.54132706],[119.54119841,23.53887181],[119.54382409,23.53723051],[119.54459639,23.53815337],[119.5463964,23.53876335],[119.54794289,23.5394961],[119.54946169,23.53900765],[119.55020218,23.5369056],[119.54948523,23.5356146],[119.54826807,23.53539315],[119.54829125,23.53404537],[119.54877025,23.53324228],[119.55016658,23.53357145],[119.55173545,23.53322051],[119.55340353,23.53200459],[119.55436157,23.53006202],[119.55352811,23.52827934],[119.554795,23.52686843],[119.55540994,23.52514831],[119.55697892,23.52346767],[119.55749194,23.5234252],[119.55870554,23.52420193],[119.56031805,23.52392523],[119.56165536,23.52442609],[119.56283303,23.52609912],[119.56453103,23.52627809],[119.56723838,23.52582578],[119.56993372,23.52443663],[119.57249974,23.52209752],[119.5730092,23.52116558],[119.57401059,23.51772829],[119.57369521,23.51662556],[119.57183868,23.51485803],[119.57076181,23.51307407],[119.57101997,23.51127618],[119.57084248,23.51042126],[119.57183667,23.50865228],[119.57283993,23.50806842],[119.57535811,23.50734127],[119.57706155,23.50783612],[119.57801358,23.5091216],[119.57911747,23.50951256],[119.58061314,23.50915934],[119.58282625,23.50955064],[119.5841567,23.50920253],[119.58491498,23.5097663],[119.58579884,23.50980136],[119.58715325,23.51106269],[119.58786105,23.51065819],[119.58895241,23.51145772],[119.5885984,23.5121521],[119.58952672,23.51275359],[119.59176406,23.51286249],[119.59431145,23.51271508],[119.59599062,23.51234296],[119.5966523,23.51379422],[119.59781545,23.51420965],[119.59813932,23.51342507],[119.5972594,23.51311466],[119.59777104,23.51210136],[119.59755471,23.5102714],[119.59791127,23.51015264],[119.59871916,23.51179296],[119.60061122,23.51100234],[119.60165431,23.50944519],[119.60267353,23.50910037],[119.60368306,23.50931769],[119.60484849,23.50916418],[119.60538424,23.50835393],[119.6062569,23.50781552],[119.60741564,23.5080074],[119.60802706,23.50915406],[119.60780851,23.5129384],[119.60624879,23.5148001],[119.60549159,23.51623879],[119.60657499,23.51720527],[119.60759984,23.51714484],[119.61005315,23.51848294],[119.61126702,23.51886421],[119.61084317,23.51965372],[119.61172746,23.52149007],[119.61156935,23.52250428],[119.6101756,23.52274227],[119.60893773,23.52213986],[119.60642443,23.52214741],[119.60445021,23.52514395],[119.60471903,23.52604363],[119.60546609,23.52712204],[119.60504907,23.52774672],[119.60565346,23.52874442],[119.60646338,23.52944559],[119.60766767,23.5295199],[119.60915997,23.52999942],[119.60966259,23.53068823],[119.60960581,23.5321129],[119.61069379,23.53310868],[119.61168817,23.53271875],[119.61202637,23.53345109],[119.61173518,23.53408432],[119.61230179,23.53503473],[119.61232681,23.53600985],[119.61300056,23.53702981],[119.61427768,23.53800902],[119.61596747,23.53887371],[119.61819465,23.53887391],[119.619446,23.53773796],[119.62097339,23.5377093],[119.62149848,23.53853568],[119.62098137,23.53940912],[119.62075416,23.54101506],[119.62085981,23.54207112],[119.62266459,23.54302783],[119.62447245,23.54488974],[119.62693887,23.54587987],[119.6275519,23.54587288],[119.62856569,23.54730452],[119.6294413,23.54773892],[119.63139282,23.54773101],[119.63210992,23.54605759],[119.63436427,23.54659246],[119.63526888587589,23.547674591644515],[119.63437989,23.54895593],[119.63515349,23.55127792],[119.63717007,23.55262865],[119.63861375,23.55310582],[119.63874841,23.55430622],[119.63998126,23.55649988],[119.64156973,23.55810288],[119.6429622,23.55898656],[119.64530992,23.56015747],[119.64662987,23.560538],[119.65228363,23.5605934],[119.65533382,23.56080857],[119.65822655,23.56044194],[119.66084086,23.560476],[119.66251956,23.56011218],[119.66384104,23.56030068],[119.66658157,23.56138606],[119.66693047,23.55870501],[119.66814281,23.5580745],[119.66817955,23.55983062],[119.6675093,23.56118794],[119.66753019,23.56198924],[119.66924238,23.56207443],[119.66950108,23.56123582],[119.67195121,23.56142616],[119.67190971,23.55940595],[119.67290449,23.55939488],[119.67291735,23.56029553],[119.67475568,23.5602695],[119.67606459,23.55973333],[119.67697818,23.55689855],[119.67523323,23.55644111],[119.67514407,23.55576427],[119.67432096,23.55480167],[119.67523991,23.55361479],[119.6753885,23.55244255],[119.67700439,23.55197727],[119.67815125,23.5513718],[119.67970247,23.55196324],[119.68053875,23.55191444],[119.68193954,23.55336659],[119.68309033,23.55352408],[119.6851073,23.55272737],[119.6869943,23.55366264],[119.68849869,23.55471471],[119.68971497,23.55427816],[119.69114051,23.554703],[119.69161307,23.55434423],[119.69357449,23.55515945],[119.69523298,23.55372084],[119.69538804,23.55445155],[119.6945746,23.5545974],[119.69390071,23.55567042],[119.69272469,23.55852903],[119.69440721,23.5593816],[119.69424966,23.56038911],[119.69243166,23.56055523],[119.69130762,23.56086419],[119.69035159,23.56149953],[119.68940181,23.56137234],[119.68674268,23.56220129],[119.68579462,23.56319647],[119.68442677,23.56423188],[119.68310674,23.56563954],[119.68276264,23.56705645],[119.68278991,23.56984423],[119.68198779,23.57107579],[119.68208384,23.5718316],[119.68062813,23.57295088],[119.67997601,23.57466259],[119.68095415,23.5752633],[119.6810346,23.5764368],[119.68062559,23.57762373],[119.6808243,23.57828202],[119.68171417,23.57820363],[119.68115213,23.57993301],[119.68118842,23.58209996],[119.68259847,23.58397419],[119.68177784,23.58412904],[119.68053999,23.58524737],[119.67892598,23.58829967],[119.67757926,23.59028982],[119.67623453,23.59273593],[119.67590128,23.59378708],[119.67369949,23.59546035],[119.67205887,23.59790997],[119.67156281,23.59904759],[119.67215276,23.60107219],[119.67090606,23.60152229],[119.66927745,23.60171894],[119.66837974,23.60064377],[119.66922093,23.59920895],[119.6681113,23.5983672],[119.66923414,23.59782962],[119.66986558,23.59657629],[119.66916966,23.59580274],[119.66938643,23.59350828],[119.66845986,23.59168151],[119.66799894,23.59123427],[119.66573364,23.59070899],[119.66378435,23.59055254],[119.66247495,23.59075904],[119.66020159,23.59161525],[119.65959339,23.59330412],[119.66031463,23.5946239],[119.66013175,23.59534027],[119.66219439,23.59561818],[119.66236658,23.59637142],[119.66081846,23.59606198],[119.65909561,23.59699484],[119.65739404,23.59814882],[119.65555441,23.59845231],[119.65468063,23.59946055],[119.65439604,23.60029699],[119.65504371,23.60080218],[119.65525934,23.60167714],[119.6562469,23.60193483],[119.65718221,23.60289027],[119.65742097,23.60385769],[119.65683999,23.60561868],[119.65729272,23.60614048],[119.65579932,23.60798658],[119.65515255,23.60847239],[119.65390622,23.60877563],[119.65127727,23.60987701],[119.65043982,23.60945613],[119.64979628,23.60836623],[119.64720783,23.60730703],[119.64742598,23.60645959],[119.64912106,23.60674598],[119.65016982,23.60798317],[119.65083143,23.60733929],[119.65067478,23.60575299],[119.65027303,23.60519258],[119.65007541,23.60380284],[119.64812953,23.6026326],[119.64680249,23.60114599],[119.64645178,23.59943633],[119.6465703,23.59688044],[119.64453932,23.59631324],[119.64376547,23.59578822],[119.64368579,23.59483366],[119.64278162,23.59332494],[119.64184646,23.59035127],[119.64457353,23.58921353],[119.64431662,23.58870668],[119.64208429,23.58750594],[119.6410015,23.58784677],[119.64017912,23.58671016],[119.63965121,23.58732636],[119.63962143,23.58819333],[119.6413005,23.58870336],[119.63788239,23.5908552],[119.63806258,23.59221794],[119.64014631,23.5938934],[119.64024129,23.59460184],[119.6413765,23.59640083],[119.6401373,23.59765204],[119.63944905,23.59924635],[119.63736718,23.59892307],[119.63697472,23.59735352],[119.6354367,23.59703249],[119.63418604,23.59642359],[119.63292823,23.59527969],[119.63330581,23.59299365],[119.6336066,23.59282763],[119.63434437,23.59089001],[119.63432403,23.58990811],[119.6338661,23.58910183],[119.6327761,23.58852386],[119.63290635,23.58733592],[119.63221501,23.58611973],[119.63221664,23.5852461],[119.6315897,23.58456014],[119.63179862,23.58311454],[119.62978962,23.58209105],[119.628815,23.58026648],[119.62610706,23.58045801],[119.62455949,23.58040103],[119.62507193,23.58168119],[119.62662062,23.5839685],[119.62402817,23.58684586],[119.62424544,23.58798724],[119.62494088,23.58904769],[119.62496016,23.59021019],[119.62451323,23.59100434],[119.6248596,23.59160342],[119.62465378,23.59281874],[119.62523439,23.59374195],[119.6261682,23.59456892],[119.62724556,23.59493253],[119.62788421,23.5956907],[119.62755795,23.5970713],[119.62669857,23.59844728],[119.62513756,23.60037915],[119.62582424,23.60144866],[119.62671504,23.60158955],[119.62720014,23.60308651],[119.62794443,23.60396615],[119.62884843,23.60366],[119.62997496,23.60455614],[119.63093479,23.60740788],[119.6288588,23.60673456],[119.62736671,23.60726883],[119.62696206,23.60672417],[119.62507411,23.60721261],[119.62424994,23.60776448],[119.62291326,23.6072371],[119.62033697,23.60663114],[119.62047208,23.60573441],[119.62162897,23.60320598],[119.62087041,23.60214803],[119.61681534,23.60103322],[119.61598454,23.60134579],[119.61563669,23.60357524],[119.61482789,23.60368229],[119.61437008,23.60236351],[119.61320875,23.60199111],[119.6123588915658,23.607050419242075]]],[[[119.54204707946238,23.642312028631252],[119.54114944769178,23.642034641087907],[119.54029627,23.64045231],[119.53893071,23.63976788],[119.5376433,23.63943758],[119.53614711,23.63942727],[119.53569662,23.63871517],[119.53487048,23.63862321],[119.53109869,23.63905154],[119.5299589,23.63979588],[119.52774858,23.64050438],[119.52539148,23.64211174],[119.52521846,23.64281213],[119.52577454,23.64392091],[119.52414598,23.64316792],[119.52355001,23.64249722],[119.52261848,23.64232879],[119.52163909,23.64267748],[119.51932868,23.64454762],[119.51986615,23.64619429],[119.51947377,23.64692873],[119.51979321,23.64788158],[119.52126680690469,23.648463558948528],[119.51808294,23.65108013],[119.51767582,23.65070154],[119.5186289,23.64986629],[119.51957115,23.64942147],[119.51966343,23.64815524],[119.51930383,23.6476582],[119.51821316,23.64768545],[119.51750071,23.64880986],[119.51663367,23.64950943],[119.5154121,23.64982728],[119.51480691,23.6490708],[119.51490946,23.64835033],[119.51389904,23.64767194],[119.51367269,23.64853955],[119.51252814,23.64865846],[119.51157834,23.64765704],[119.51159757,23.64614224],[119.51076597,23.64551967],[119.50964337,23.64251871],[119.50968003,23.64146662],[119.5089314,23.6404284],[119.50900443,23.63990669],[119.5081277,23.63892533],[119.50771116,23.63789956],[119.507502,23.63632003],[119.5071349,23.63579751],[119.50603802,23.63554148],[119.50476371,23.63613934],[119.50390584,23.63551005],[119.50343305,23.63450025],[119.50322389,23.63282365],[119.50215264,23.63092861],[119.5028211,23.62928754],[119.50251434,23.62811466],[119.50353378,23.62687879],[119.50433835,23.62552171],[119.50402129,23.62366035],[119.50245069,23.62275118],[119.50189578,23.6228365],[119.50026083187007,23.621325909009208],[119.50026098,23.61922501],[119.50116004895668,23.61753016984791],[119.5018228,23.61694254],[119.50381597,23.6165004],[119.50491654,23.61736143],[119.5057031,23.61739498],[119.50570031,23.61642881],[119.50480729,23.61634367],[119.50598836,23.61512081],[119.50731711,23.61519548],[119.50712545,23.61449178],[119.50866729,23.61328352],[119.50894723,23.61218548],[119.50819292,23.61073867],[119.50676621,23.61042278],[119.50580823,23.61055683],[119.50516618,23.60914576],[119.50464748,23.60699836],[119.50314183,23.60676621],[119.50345133,23.60449873],[119.5023832,23.60424258],[119.50224775,23.60196299],[119.50300672,23.60048642],[119.50414786,23.59950299],[119.50449027,23.59864178],[119.50416292,23.59703554],[119.50194823,23.59599751],[119.50105102,23.59686727],[119.50001294,23.59539424],[119.49942351,23.59531036],[119.49794603,23.59601491],[119.49752087,23.59686508],[119.49784256,23.59769968],[119.49760359,23.59901307],[119.49652956,23.60032696],[119.49402146,23.60026751],[119.49223,23.59853497],[119.49210725690668,23.598039317869162],[119.49411109,23.59719878],[119.49409371,23.59607462],[119.49355501,23.59563613],[119.49275527,23.59597503],[119.49185434,23.59586501],[119.49142426,23.59528129],[119.49185290452729,23.59436228504317],[119.49567222,23.59332227],[119.49688481,23.59334548],[119.49906758,23.59236101],[119.50019229,23.59206166],[119.50156283,23.59062828],[119.50200483,23.59051398],[119.50346222,23.58898096],[119.5044563,23.58735689],[119.50458451,23.58597716],[119.50413161,23.58539621],[119.50393536,23.58411461],[119.50332827,23.58356125],[119.50350702,23.58282699],[119.50288586,23.58042707],[119.50336409,23.57954737],[119.50293548,23.57842454],[119.50119731,23.57685671],[119.50057979,23.5749963],[119.49951584,23.5741622],[119.49881687,23.57471752],[119.49712383,23.57364388],[119.49694585,23.57255635],[119.49649347,23.57184896],[119.49582453,23.57216714],[119.49349342,23.57048597],[119.49183664,23.5698343],[119.48892058,23.57004667],[119.48818933,23.57032438],[119.48712357,23.57220368],[119.48607065,23.57250722],[119.48494988,23.57334598],[119.48515168,23.57402485],[119.48338815,23.57540965],[119.48227015,23.5752551],[119.48078173,23.5743477],[119.48081331,23.5736049],[119.47955839,23.57140097],[119.47794543,23.56905366],[119.47726057,23.56853429],[119.47535846,23.56782224],[119.47435079,23.56717065],[119.4722954,23.5663868],[119.47141823,23.56575511],[119.46952898,23.56536803],[119.46796806,23.56346743],[119.46733921,23.56145566],[119.46798026,23.56051688],[119.46949142,23.56031141],[119.47218852,23.55926706],[119.4743667,23.56009344],[119.47651061,23.55980922],[119.47815529,23.56148598],[119.47898586,23.56176335],[119.4796291,23.56263049],[119.47899916,23.56289882],[119.47956088,23.56407548],[119.48116786,23.56445429],[119.48307216,23.5643468],[119.48290112,23.56336533],[119.4844367,23.5638888],[119.4864649,23.5632389],[119.48972346,23.56266675],[119.49122269,23.5632896],[119.49182644,23.56471215],[119.49206996,23.56606586],[119.49377575,23.56739461],[119.49616667,23.56814325],[119.49785106,23.56816044],[119.49944044,23.56774222],[119.50171974,23.56673934],[119.5031061,23.56639624],[119.50545326,23.56642023],[119.5067497,23.56570266],[119.50824827,23.56540655],[119.51075417,23.56445021],[119.51122375,23.56373756],[119.51285151,23.56440041],[119.51510089,23.56408822],[119.51622407,23.56479785],[119.51716502,23.56618983],[119.51799264,23.56701105],[119.51739938,23.56795212],[119.51537933,23.56805591],[119.51469726,23.56844419],[119.51313113,23.57058041],[119.51380193,23.57130284],[119.51384182,23.57305901],[119.51452873,23.57335472],[119.51476214639735,23.57473648763117],[119.51249807,23.5757137],[119.51227422,23.57648875],[119.51330404,23.57725965],[119.51277735,23.57833594],[119.51278083,23.57923214],[119.51202973,23.57951906],[119.51203894,23.58189613],[119.51304377,23.58236914],[119.51519735,23.58245682],[119.51623272,23.58376948],[119.51631921,23.58529523],[119.51434629,23.58781658],[119.51398139,23.58932577],[119.51312138,23.5905973],[119.51262618,23.59240622],[119.51482141,23.59446997],[119.5165902,23.59468759],[119.51737289,23.594159],[119.51931697,23.59433536],[119.5197624,23.59571318],[119.52144027,23.59825395],[119.52212369,23.60033754],[119.52311993,23.60176766],[119.52251556,23.60333185],[119.52296496,23.60484734],[119.52165025,23.60643875],[119.52154377,23.60800803],[119.5203306,23.60942526],[119.51983647,23.61116289],[119.52094709,23.61083636],[119.52111349,23.61249276],[119.52176596,23.61455162],[119.52163534,23.61551598],[119.51992128,23.61775886],[119.51952038,23.6186835],[119.51964941,23.61987274],[119.52113652,23.6207933],[119.51981188,23.62263079],[119.51947268,23.62421665],[119.51809963,23.6253635],[119.51766521,23.62680746],[119.51785096,23.62793556],[119.51873478,23.62931867],[119.51978418,23.63020234],[119.52167109,23.6312661],[119.52229097,23.63134521],[119.52248382,23.62977564],[119.52338337,23.63124672],[119.5245017,23.63089078],[119.52459794,23.63006423],[119.52983463,23.63015028],[119.5304901,23.63038958],[119.53086499,23.63137932],[119.5319074,23.63232838],[119.53313178,23.63287673],[119.536488,23.6336603],[119.5364011,23.63277794],[119.53737024,23.63272041],[119.53738533,23.63401613],[119.53881229,23.63326622],[119.54019287,23.63405829],[119.54057714,23.63499831],[119.54072658,23.6369324],[119.54174992,23.63775731],[119.5430247,23.63790636],[119.54284827,23.6387964],[119.54298049,23.64055448],[119.54073712,23.6406165],[119.54204707946238,23.642312028631252]]],[[[119.66528077168098,23.663584619227844],[119.66235561,23.66408661],[119.66164477,23.66340348],[119.66029262,23.66274332],[119.65818736,23.66279065],[119.65695224,23.66231281],[119.65568418,23.66118497],[119.65671169,23.65972234],[119.65733519,23.66041723],[119.65844799,23.66094299],[119.65923198,23.66016086],[119.65925233,23.65890341],[119.66173225,23.65850683],[119.66226385,23.65913662],[119.66301599,23.65919557],[119.66538853,23.66000217],[119.66557148,23.66103898],[119.66643451,23.66201949],[119.66555818,23.66258761],[119.66528077168098,23.663584619227844]]],[[[119.67610920769754,23.59930156202041],[119.6754938095358,23.60016863672499],[119.67488507,23.59947564],[119.67490209,23.59873288],[119.67610920769754,23.59930156202041]]],[[[119.69230685465305,23.563363839490638],[119.69124673853163,23.563778543338397],[119.6907834,23.56344754],[119.69051959,23.56162172],[119.69109516,23.56119543],[119.69243345,23.56148077],[119.69203611,23.56253223],[119.69230685465305,23.563363839490638]]],[[[119.66488321,23.55991067],[119.66410648,23.55966976],[119.66461016,23.55836435],[119.66467167,23.55695235],[119.66539017,23.55732925],[119.66466227,23.55894331],[119.66488321,23.55991067]]],[[[119.66151382,23.55948193],[119.66098927,23.55865169],[119.66129941,23.55785401],[119.66222287,23.55799477],[119.66151382,23.55948193]]],[[[119.52050925,23.51504935],[119.52085383,23.5138856],[119.52046701,23.51294327],[119.51968296,23.51222349],[119.5184201,23.51222319],[119.51757756,23.51266168],[119.51800522,23.51333299],[119.517089,23.51473115],[119.51619055,23.51472736],[119.5160802,23.51318587],[119.51575697,23.51214173],[119.51475502,23.51085377],[119.514351,23.50996114],[119.51474581,23.50958736],[119.51659405,23.50889045],[119.51820812,23.50895733],[119.51959652,23.50875404],[119.52181255,23.50969477],[119.5220364,23.51028097],[119.52161138,23.51479056],[119.52050925,23.51504935]]],[[[119.54114328,23.49603658],[119.53758527,23.49807611],[119.53699154,23.49788853],[119.53628623,23.49666289],[119.53483869,23.49589807],[119.53399141,23.49588066],[119.53277876,23.4963047],[119.53191675,23.49604803],[119.52930455,23.49584472],[119.52783203,23.4948632],[119.52737312,23.49402498],[119.52559531,23.49274196],[119.52402653,23.49293462],[119.52289612,23.49241694],[119.52141358,23.49252349],[119.52048443,23.49167327],[119.52087716,23.49047775],[119.52061489,23.48999101],[119.51813234,23.48777792],[119.51742111,23.48670347],[119.51670368,23.48646655],[119.5159948,23.4869362],[119.51543902,23.48649332],[119.51413098,23.48700783],[119.5135679,23.48870731],[119.51266519,23.48992932],[119.5127882,23.49080482],[119.51228282,23.49129184],[119.51088064,23.49152896],[119.5096662,23.49102049],[119.50948444,23.48966208],[119.5097825,23.48832694],[119.50899332,23.48661383],[119.50888331,23.48561187],[119.50970893,23.48399055],[119.51119219,23.48306238],[119.51429596,23.48355785],[119.51488507,23.48455146],[119.51725715,23.48545337],[119.51861146,23.4856701],[119.51982977,23.48537257],[119.52321711,23.48638162],[119.52465615,23.48658673],[119.52641777,23.48643631],[119.52877293,23.48667666],[119.53062454,23.48776073],[119.53419084,23.49024757],[119.53686376,23.49194729],[119.53866417,23.492747],[119.53992274,23.49309255],[119.54123804,23.4930925],[119.5433485,23.49353666],[119.54382886,23.49428446],[119.54348838,23.49496741],[119.54191225,23.49545825],[119.54114328,23.49603658]]],[[[119.3197159,23.41167935],[119.31910331,23.41162868],[119.31856632,23.41020301],[119.31882066,23.40915499],[119.3187087,23.40772845],[119.31794819,23.40616327],[119.31708621,23.40601602],[119.31748148,23.4045749],[119.31701456,23.40417627],[119.31564592,23.40414517],[119.31535974,23.40298763],[119.3148193,23.40304516],[119.31429439,23.40203484],[119.31458287,23.40093935],[119.31520125,23.40074395],[119.31471392,23.39972452],[119.3154507,23.39866199],[119.31674116,23.39901381],[119.31828726,23.39860883],[119.31966676,23.39796487],[119.32077117,23.39901237],[119.32256369,23.39923895],[119.32426552,23.39913384],[119.32769485,23.40079276],[119.32769668,23.40153323],[119.32713357,23.40206719],[119.32756444,23.40296479],[119.32941247,23.40335597],[119.32930222,23.4040267],[119.33068661,23.40486132],[119.33019252,23.40597308],[119.32897341,23.40707055],[119.32726327,23.40731344],[119.32675697,23.40671174],[119.32497424,23.40690283],[119.32510232,23.40826838],[119.32405338,23.40870175],[119.32275167,23.4099348],[119.3224137,23.40989938],[119.32138382,23.41114315],[119.32058196,23.41083777],[119.3197159,23.41167935]]],[[[119.49373573122091,23.397222438498062],[119.49173963387439,23.397171118140076],[119.4907410974605,23.396657861771416],[119.49029706,23.39521338],[119.48963130796038,23.39455795226031],[119.49067131,23.39356196],[119.49215202,23.39300421],[119.49291138,23.39207624],[119.49331964,23.39053984],[119.49313454,23.3893462],[119.49367768,23.38865369],[119.49570478,23.38788875],[119.49591085,23.38723568],[119.49502931,23.38455654],[119.49425482,23.38435581],[119.49321751,23.38343351],[119.49282763,23.38241208],[119.49220429,23.38207767],[119.49175534,23.37904724],[119.49383168,23.37799095],[119.49375934,23.37711301],[119.49233185,23.3759752],[119.49205462,23.37532139],[119.49353512,23.37500745],[119.49384734,23.37380095],[119.49470551,23.37317516],[119.49460873,23.37172388],[119.49329871,23.37059926],[119.49342438,23.36920371],[119.49387626,23.36757913],[119.49463677,23.36626511],[119.49454276,23.36531048],[119.49217133,23.36329521],[119.49120205,23.36187376],[119.49006406,23.3614484],[119.49009605,23.35959036],[119.48916918,23.35896792],[119.48722095409583,23.35722283444474],[119.48721998224642,23.35568253783231],[119.48784352,23.35468728],[119.4891319,23.35455006],[119.4902412,23.35383999],[119.49061693,23.35312092],[119.49267915,23.35397681],[119.49441711,23.3540052],[119.49692298,23.35465194],[119.49939199,23.35426031],[119.50174352,23.35546959],[119.50347404,23.35570785],[119.5048852,23.35539177],[119.5062027,23.35431519],[119.50628275,23.35374378],[119.50738701,23.353905],[119.50992558,23.35389449],[119.5130673,23.35306653],[119.5130443861839,23.35393398048781],[119.51103308,23.35513703],[119.5096566,23.35628834],[119.50832351,23.35848473],[119.50813553,23.35928676],[119.50839035,23.36054563],[119.50800619,23.36127831],[119.50801101,23.36302562],[119.50764647,23.36466124],[119.50972934,23.36628666],[119.51098233,23.36622613],[119.5119240902981,23.365829542513275],[119.51270146,23.36664266],[119.5139035,23.36668613],[119.51629829,23.36784538],[119.5156957,23.36892195],[119.51600346,23.37009258],[119.51475535,23.37039694],[119.51528658,23.3717339],[119.51655787,23.37244083],[119.51661577,23.37349941],[119.51591247,23.37375457],[119.51560069,23.37470601],[119.51439510323604,23.374662832202777],[119.51391575,23.37287845],[119.51348623,23.37223421],[119.51412805,23.3712546],[119.51268782,23.37072881],[119.51081417,23.37116161],[119.50965987,23.37042265],[119.50874163,23.37106452],[119.5082494,23.37200299],[119.50883775,23.37294472],[119.50977722,23.37321482],[119.51027806,23.37444805],[119.5116046501095,23.374550581315823],[119.5116046,23.37524864],[119.51055828939268,23.375996653383563],[119.5094184,23.37594532],[119.50858846,23.37642662],[119.50835951,23.37707075],[119.50903546,23.37884973],[119.50849757,23.38048592],[119.50851358315948,23.381511931074854],[119.50808465174899,23.382622963873406],[119.50721705,23.38226449],[119.50677805,23.3833879],[119.50699601,23.38475298],[119.50749638,23.38529542],[119.50724509,23.38698034],[119.50736936,23.38870693],[119.50801917,23.39035507],[119.50728315,23.39207994],[119.50584505,23.39264897],[119.50624023,23.39406541],[119.50538319415072,23.394521495794095],[119.50415271,23.3941444],[119.50422509,23.39178055],[119.50254494,23.39180853],[119.50216284,23.39133568],[119.50262754,23.39036346],[119.50167744,23.38916777],[119.49907182,23.38982176],[119.49752743,23.39058521],[119.49810737,23.392053],[119.49736544,23.39338052],[119.49727309,23.39410999],[119.49540866,23.39449517],[119.49503444,23.39498624],[119.49509928,23.39647374],[119.49486946946851,23.39699439165294],[119.49373573122091,23.397222438498062]]],[[[119.53730079322992,23.374848370317274],[119.53604185034311,23.37457428348851],[119.53600328,23.37366445],[119.53397418,23.37297833],[119.53278347,23.37234352],[119.53183072,23.37289082],[119.53152600407775,23.373576242830712],[119.53043922,23.37172615],[119.52920685,23.3716784],[119.52851182,23.37262213],[119.52790211,23.37280705],[119.52688771,23.37207001],[119.52680371,23.37100249],[119.52764593,23.36870827],[119.52648363,23.36789497],[119.52527516,23.36661225],[119.52347077,23.36589815],[119.52273067,23.36595254],[119.5211549,23.36702786],[119.52008793,23.36705625],[119.51946843,23.36668581],[119.51859428,23.36402485],[119.51947495,23.36317987],[119.51989856,23.36348549],[119.52132758,23.36225264],[119.52051094,23.36125303],[119.52234347,23.36113179],[119.52387671,23.36061195],[119.52449693,23.36015837],[119.52465739,23.35883493],[119.52415467304033,23.35810518083593],[119.525256,23.35792729],[119.52626112891991,23.358583078056856],[119.52659302036362,23.36035426387365],[119.52583761,23.36103656],[119.52563498,23.36181834],[119.52592102,23.36281068],[119.52766174,23.36397422],[119.52802319,23.36455544],[119.52930592,23.36475428],[119.53009885,23.36553495],[119.53133207,23.36573394],[119.5321033,23.36674269],[119.53324587,23.36697132],[119.53429993,23.36623855],[119.53732972,23.36549449],[119.53865625,23.36571116],[119.54023931,23.36624976],[119.5414744,23.36509642],[119.54282755,23.36508514],[119.54301898,23.36661423],[119.54147162,23.36764742],[119.54208319,23.36883501],[119.54199174,23.36995053],[119.54138494,23.3706931],[119.54032455,23.37310327],[119.53942391,23.37322828],[119.53759343,23.37419402],[119.53730079322992,23.374848370317274]]],[[[119.32025503,23.32604019],[119.31876349,23.32514195],[119.31890327,23.32452085],[119.32084272,23.32352406],[119.32192438,23.32349926],[119.32162805,23.32512148],[119.32025503,23.32604019]]],[[[119.33666684,23.3223553],[119.33592433,23.3227294],[119.33512492,23.32186195],[119.33485672,23.32055313],[119.33530703,23.31978685],[119.33495369,23.319011],[119.33525339,23.31764905],[119.33714562,23.31713027],[119.33842299,23.31803054],[119.33794788,23.31901361],[119.33711755,23.31957076],[119.33752594,23.32144817],[119.33666684,23.3223553]]],[[[119.50673877,23.2725614],[119.5059630246139,23.27307663675317],[119.50530411,23.27273534],[119.50323022,23.27252076],[119.50357812,23.27154439],[119.50339172,23.27063068],[119.50465008,23.26850229],[119.50501917,23.26820762],[119.50727751,23.26754113],[119.51029942,23.26719496],[119.51091238568165,23.266842045855093],[119.51081918,23.26869228],[119.51111578,23.26933698],[119.51088236599412,23.271013155420647],[119.50953296644433,23.272943146783057],[119.50725443,23.27241525],[119.50673877,23.2725614]]],[[[119.51976231,23.2646287],[119.51857874316477,23.26527929099086],[119.51592781,23.26372704],[119.51402571,23.26216428],[119.51450054,23.26150127],[119.51416261,23.2597144],[119.51280961,23.25748159],[119.51182669,23.25721841],[119.51136418,23.25574799],[119.5117574,23.25522748],[119.51350639,23.25592161],[119.51469499,23.25566487],[119.51604135,23.2549],[119.51643269,23.25533997],[119.51631399,23.25654226],[119.51672762,23.25728137],[119.51807044,23.25820706],[119.51839702,23.25925574],[119.51956348,23.26077121],[119.52134588,23.26123036],[119.52207275,23.2620813],[119.52216589,23.26309688],[119.52186526,23.2643305],[119.51976231,23.2646287]]],[[[119.67731579877527,23.26363573765343],[119.67643777369294,23.263813035665603],[119.67501748,23.26287083],[119.67312591,23.262669],[119.67091829,23.26321122],[119.67053596,23.26273426],[119.66670322,23.26144575],[119.66541466,23.25861353],[119.66592698,23.2569837],[119.66649145,23.2568752],[119.66704253,23.25579603],[119.66785178,23.25547428],[119.66738079,23.25313074],[119.6658347,23.25180763],[119.66521957,23.25093432],[119.66646968,23.25022242],[119.66618571494612,23.24923594109418],[119.66763309,23.24921289],[119.66934259,23.24772921],[119.66996071,23.24577609],[119.67087786,23.24567059],[119.67106307,23.24441913],[119.67212892374272,23.244389408450765],[119.67208778,23.24518231],[119.67258308,23.24621187],[119.67332924145597,23.246572675519126],[119.67391756178682,23.247639895492807],[119.6730815,23.24792318],[119.67294502,23.24951079],[119.67245,23.25049041],[119.67305977,23.25174749],[119.67361028,23.25202731],[119.67399925,23.25303926],[119.67488761,23.25400166],[119.67703458,23.25496766],[119.67818047,23.25648202],[119.67801021,23.25898858],[119.67869249,23.26043269],[119.67946611,23.26031421],[119.67953567,23.26114241],[119.67911308,23.26176731],[119.6794037088191,23.262707360308465],[119.67904769,23.26328602],[119.67731579877527,23.26363573765343]]],[[[119.61613972,23.25372389],[119.61478378,23.25307001],[119.61352203,23.25363933],[119.61239038,23.25240662],[119.61000164,23.25182444],[119.60867457,23.25126295],[119.60895282,23.25032726],[119.60851157,23.24959753],[119.60867553,23.24891738],[119.61005966,23.24813091],[119.6098913165827,23.2474904511917],[119.61086772619892,23.24627809182972],[119.61209267,23.24568377],[119.61419987,23.24520483],[119.61480426158082,23.244566534526],[119.61625034,23.24421574],[119.61717892,23.24436182],[119.61951306,23.24543003],[119.62106678,23.24558444],[119.62140954,23.24612288],[119.62092586902392,23.247356889192456],[119.61986931,23.24807889],[119.61992697,23.24948517],[119.62057378647172,23.249709391315317],[119.62076854,23.2511795],[119.62139401,23.25144793],[119.62156124,23.25234125],[119.6210206,23.25318092],[119.6191108,23.25302141],[119.61613972,23.25372389]]],[[[119.44025332,23.22136844],[119.4399478,23.22140316],[119.43611257,23.22058531],[119.43286236,23.22051302],[119.42961921,23.21997333],[119.42885494,23.21939296],[119.42773769,23.21909123],[119.42639946,23.21919645],[119.42373906,23.21898692],[119.42120386,23.2181968],[119.41972336,23.21742641],[119.41769459,23.21776142],[119.41659771,23.21761985],[119.41515286,23.21671612],[119.41422903,23.21535723],[119.41297406,23.214234],[119.41234765,23.21417017],[119.4114869,23.21495129],[119.41155214,23.21611378],[119.41053012933389,23.21668657555525],[119.4096966,23.2157843],[119.41008047,23.21441089],[119.40999905,23.21364353],[119.41142902,23.21180212],[119.4122591,23.21177963],[119.41212324,23.21098306],[119.41280602,23.21042138],[119.41344872,23.2105258],[119.41449934,23.20955002],[119.4147537,23.20887207],[119.41557299,23.20891732],[119.41565162,23.20798473],[119.4164633,23.20607267],[119.41861797,23.20553416],[119.42062205,23.20331864],[119.42084206,23.20201768],[119.42014727,23.20076658],[119.42078494,23.1993742],[119.42017961,23.19782712],[119.41904094,23.19725221],[119.4185181,23.19571619],[119.41873464,23.19545373],[119.42035079,23.19604543],[119.42173807,23.19607332],[119.42161842,23.19335551],[119.421848,23.19219223],[119.42148378,23.19130372],[119.42238803,23.19063982],[119.42283429,23.19140169],[119.42371759,23.19164765],[119.42552732,23.19052075],[119.42765019,23.18957809],[119.42912766,23.18842722],[119.4300607,23.18806578],[119.43115082653887,23.188406657556218],[119.4315777,23.19109576],[119.43072929,23.19135996],[119.43013845,23.19255358],[119.42911152,23.19350909],[119.4296656,23.19475602],[119.4294128,23.19541367],[119.42976601,23.19665663],[119.43139352,23.19734526],[119.43212718,23.19736582],[119.43305582,23.19792766],[119.43322694,23.19911468],[119.4347324,23.20008806],[119.43570269,23.20171761],[119.43649407,23.20192537],[119.43768209,23.20121545],[119.4390131,23.20157295],[119.44176749,23.20094215],[119.44289901,23.20042198],[119.44310418,23.20431573],[119.44343312,23.20463538],[119.44257531,23.20595622],[119.44218804,23.20702514],[119.44266004,23.20785912],[119.44372871,23.2085379],[119.44297831,23.20919923],[119.44363647,23.21065351],[119.44340956,23.21294559],[119.44384155,23.21450887],[119.4448686,23.21578601],[119.44658061,23.21709055],[119.44796208,23.21970767],[119.44641508,23.22066025],[119.4430604,23.22094516],[119.44187929,23.22129164],[119.44025332,23.22136844]]]]},"properties":{"gml_id":"layer_city_boundary_pg.48","Name":"澎湖县","layer":"市","code":"712000000000","grade":2}}
]}